internals,assignments,viva,lab_marks,mid_exam,attendance,study_hours,backlogs,sleep_hours,stress_level,previous_cgpa,branch,year,final_score,grade
14,11,2,15,12,82,2.6,0,7.5,1,5.4,ECE,1,49.55,FAIL
13,10,4,18,12,72,3.4,1,7.4,3,5.83,CSE,3,46.08,FAIL
12,11,4,11,10,84,2.8,3,5.6,4,5.11,ECE,1,41.19,FAIL
20,7,5,13,16,97,4.2,3,7.9,5,5.82,CSE,3,52.93,D
11,9,6,18,10,71,6.4,0,4.8,7,5.36,ECE,2,46.93,FAIL
12,9,3,11,11,71,2.5,0,6.0,6,4.71,MECH,2,40.95,FAIL
11,13,7,12,12,98,6.0,0,4.0,3,4.92,ECE,3,57.47,D
9,10,7,13,12,86,2.4,2,9.3,4,6.09,MECH,3,43.53,FAIL
16,7,4,8,10,67,2.3,0,6.7,5,5.44,MECH,4,41.01,FAIL
18,9,3,14,12,83,5.6,0,10.3,4,5.08,ECE,2,50.51,D
12,7,8,5,15,68,5.8,1,8.2,4,4.99,ECE,2,43.61,FAIL
16,13,7,16,14,68,5.7,2,7.7,2,6.65,ECE,4,49.68,FAIL
12,9,4,8,16,78,1.4,2,6.1,3,5.17,ECE,3,45.05,FAIL
9,6,1,14,8,46,3.1,2,5.4,4,4.45,MECH,2,28.88,FAIL
11,9,5,10,12,49,5.6,2,7.8,1,5.15,ECE,1,39.24,FAIL
13,7,3,9,10,66,4.1,2,6.9,6,4.42,CSE,3,35.88,FAIL
10,6,5,11,10,59,1.9,2,5.0,2,4.63,MECH,4,35.79,FAIL
16,8,5,16,14,79,4.9,0,4.7,6,5.57,CSE,1,53.64,D
16,6,1,11,11,61,2.6,2,5.6,6,4.5,ECE,4,37.18,FAIL
16,10,3,10,16,53,7.6,2,9.7,4,5.9,MECH,1,40.07,FAIL
19,14,5,19,19,96,7.1,1,10.3,7,7.04,ECE,1,65.65,C
11,8,7,13,14,71,5.2,0,7.3,6,4.92,CSE,3,44.32,FAIL
15,8,4,15,19,76,6.7,0,7.2,4,5.83,CSE,1,55.74,D
7,10,0,14,11,53,4.1,4,6.5,4,5.34,MECH,4,31.27,FAIL
17,8,3,10,16,66,5.5,2,5.6,7,4.42,MECH,4,42.37,FAIL
13,6,4,12,16,76,7.0,2,9.1,5,5.9,ECE,2,44.94,FAIL
8,7,7,15,5,57,4.5,2,9.8,7,5.93,ECE,3,34.85,FAIL
13,10,6,8,14,80,3.5,0,5.7,1,5.34,CSE,2,47.47,FAIL
12,6,1,12,16,65,0.6,0,6.9,5,5.12,ECE,3,40.39,FAIL
17,9,5,9,15,70,3.8,1,6.3,2,5.25,MECH,2,47.58,FAIL
15,7,6,19,14,65,5.6,1,6.4,5,6.06,ECE,4,51.09,D
18,9,5,11,14,100,5.9,2,8.8,6,5.19,MECH,3,52.93,D
16,6,4,9,18,74,5.0,0,5.0,8,4.86,CSE,2,47.89,FAIL
13,4,5,18,11,59,2.9,1,7.7,3,4.28,CSE,4,44.9,FAIL
9,6,4,16,8,87,0.0,0,8.1,4,4.81,CSE,1,46.5,FAIL
12,9,4,8,11,56,3.0,1,6.8,5,4.34,MECH,2,35.81,FAIL
9,10,6,10,11,78,3.4,1,8.3,3,5.39,CSE,3,44.92,FAIL
15,10,2,6,2,45,3.4,1,7.2,7,3.76,MECH,2,25.81,FAIL
15,7,5,13,12,55,5.2,1,8.8,5,5.1,CSE,2,43.13,FAIL
14,12,4,17,16,77,8.0,0,4.7,5,5.76,MECH,3,57.5,D
14,12,6,12,12,86,4.2,1,6.5,6,4.53,CSE,3,49.62,FAIL
10,11,3,18,12,77,3.6,2,6.9,5,4.87,ECE,2,42.34,FAIL
10,12,5,12,15,73,3.5,1,3.0,3,6.17,MECH,4,47.0,FAIL
16,9,4,7,11,70,4.2,0,5.4,5,5.14,ECE,2,41.43,FAIL
6,6,4,17,6,52,2.3,2,5.8,3,3.72,CSE,1,31.24,FAIL
11,6,2,14,8,64,4.2,3,8.4,5,4.46,MECH,3,32.09,FAIL
14,3,4,12,12,68,4.9,0,5.9,7,4.98,CSE,1,39.66,FAIL
15,10,5,16,16,90,4.4,3,5.8,3,5.7,ECE,1,53.0,D
11,8,3,15,8,80,4.9,1,8.2,2,5.55,MECH,3,42.92,FAIL
13,7,3,8,14,48,4.9,0,4.6,5,5.63,ECE,3,38.69,FAIL
14,7,2,13,13,79,0.5,0,3.9,3,6.05,CSE,2,44.68,FAIL
16,9,5,15,11,69,5.3,0,6.5,5,5.06,CSE,3,50.23,D
19,7,5,13,16,64,2.7,2,4.8,6,4.95,MECH,3,46.23,FAIL
8,12,2,7,17,84,1.8,1,4.9,1,5.76,ECE,2,42.47,FAIL
12,8,3,15,16,90,1.8,2,7.9,6,5.75,MECH,1,45.49,FAIL
16,10,3,16,12,88,4.9,2,8.3,3,5.6,ECE,3,48.08,FAIL
17,8,2,13,17,62,3.6,1,8.2,5,5.98,MECH,1,48.04,FAIL
12,7,4,8,8,70,0.6,2,8.7,4,4.92,CSE,3,35.5,FAIL
18,10,4,19,14,79,5.0,1,8.9,4,5.92,CSE,3,54.15,D
8,11,4,12,13,89,1.1,1,3.8,8,4.51,ECE,1,46.16,FAIL
12,10,3,12,6,67,4.3,0,7.7,6,4.99,ECE,2,40.81,FAIL
17,8,4,13,14,72,4.5,1,6.2,7,5.06,ECE,4,43.68,FAIL
9,6,5,7,9,58,5.8,0,5.9,5,4.38,MECH,4,35.9,FAIL
3,6,2,18,11,57,7.6,1,7.8,6,4.29,MECH,1,35.69,FAIL
10,8,3,16,9,87,1.3,2,4.4,6,4.64,ECE,3,41.31,FAIL
15,6,5,12,17,95,3.9,2,4.4,6,4.79,ECE,2,49.71,FAIL
13,8,4,7,12,73,3.4,0,8.0,7,5.28,ECE,1,40.61,FAIL
12,11,5,17,16,90,4.9,0,7.7,5,5.9,ECE,4,55.76,D
11,7,4,16,18,80,4.4,0,7.2,10,4.89,CSE,1,46.49,FAIL
9,8,2,13,16,65,3.3,0,5.7,7,5.33,ECE,1,42.95,FAIL
10,10,6,13,14,80,3.1,1,8.1,3,5.51,CSE,4,45.54,FAIL
11,5,4,8,11,98,1.8,1,8.0,5,4.76,ECE,4,42.37,FAIL
14,10,7,16,12,74,6.0,1,7.1,6,5.24,CSE,2,50.18,D
9,10,6,11,18,98,4.9,0,5.2,5,6.19,ECE,4,56.02,D
13,10,5,10,6,35,5.8,2,6.4,6,3.54,MECH,1,27.7,FAIL
14,9,6,16,8,87,3.4,0,8.3,7,5.25,MECH,3,49.87,FAIL
11,7,6,13,12,76,2.7,0,9.0,2,5.85,ECE,1,45.0,FAIL
10,5,4,12,14,70,1.8,1,6.5,8,5.82,MECH,2,38.98,FAIL
13,10,7,7,13,76,4.7,0,6.6,4,5.98,CSE,2,46.63,FAIL
10,9,2,7,13,45,1.9,3,6.8,4,4.49,MECH,4,27.39,FAIL
16,9,5,14,14,71,7.7,2,7.4,4,6.0,CSE,1,47.76,FAIL
10,7,4,6,10,80,1.4,1,6.1,7,3.74,MECH,4,35.58,FAIL
12,11,9,18,12,97,4.5,0,2.7,4,4.85,ECE,4,60.24,C
15,11,6,13,15,67,7.1,0,8.8,4,6.04,CSE,2,48.6,FAIL
7,9,3,12,10,62,5.2,0,9.7,4,5.56,MECH,1,39.76,FAIL
10,8,5,19,17,67,4.4,0,6.1,1,5.55,MECH,4,54.92,D
12,8,2,17,16,88,2.1,1,5.4,3,5.29,CSE,3,48.76,FAIL
8,6,6,18,8,79,1.2,1,6.8,3,5.13,ECE,4,41.31,FAIL
13,7,0,17,17,67,5.5,3,6.7,4,5.36,ECE,3,41.44,FAIL
11,12,4,17,19,82,7.0,4,8.5,6,5.25,ECE,4,48.63,FAIL
18,9,7,10,14,76,3.1,2,7.1,6,4.91,ECE,2,46.64,FAIL
7,8,5,7,15,89,1.7,3,5.8,8,4.16,CSE,1,35.57,FAIL
14,4,3,11,9,64,0.0,1,5.0,7,3.78,MECH,3,37.62,FAIL
7,11,2,11,15,70,2.0,2,8.3,4,5.68,MECH,4,37.79,FAIL
19,8,6,6,14,69,3.8,0,7.9,5,5.05,MECH,4,47.21,FAIL
16,9,3,15,11,53,7.2,3,8.6,5,5.62,MECH,1,40.03,FAIL
17,12,3,16,18,79,5.3,2,5.5,1,5.77,CSE,3,53.42,D
10,8,6,11,16,78,4.6,1,9.8,3,5.64,ECE,3,48.83,FAIL
11,6,2,16,9,75,3.2,3,4.4,5,4.34,MECH,3,33.95,FAIL
11,10,2,10,7,71,2.8,0,8.1,5,4.89,CSE,1,38.51,FAIL
12,10,2,19,13,53,6.8,1,4.1,6,4.83,CSE,4,43.35,FAIL
17,9,4,17,13,68,4.4,3,5.8,6,5.2,ECE,1,45.26,FAIL
14,3,3,15,8,69,0.0,1,9.3,1,5.29,MECH,3,37.71,FAIL
11,10,6,10,16,62,2.7,2,8.2,6,5.14,MECH,1,38.3,FAIL
14,6,3,11,12,72,2.3,1,6.2,5,4.1,ECE,3,38.89,FAIL
17,8,2,14,15,81,2.9,1,6.2,6,5.44,CSE,3,49.52,FAIL
13,9,2,14,16,100,5.1,2,7.2,7,5.09,CSE,2,45.69,FAIL
12,7,6,14,11,77,3.8,3,7.8,5,5.79,ECE,4,41.14,FAIL
20,12,5,19,11,78,3.8,0,8.9,7,5.5,MECH,3,55.32,D
13,9,5,11,17,73,6.6,1,6.3,3,4.7,CSE,1,45.4,FAIL
8,8,2,12,11,46,2.6,1,4.6,3,4.78,CSE,2,32.3,FAIL
16,9,5,14,13,74,7.7,1,7.2,6,6.08,ECE,3,47.59,FAIL
17,11,6,9,13,75,2.7,1,6.3,4,5.71,MECH,3,46.89,FAIL
17,12,5,18,16,100,4.2,2,5.0,6,5.04,CSE,4,60.2,C
12,6,2,14,11,72,3.4,2,7.4,9,4.81,ECE,4,35.65,FAIL
16,7,5,17,15,79,4.2,1,6.7,6,5.54,CSE,2,49.88,FAIL
15,8,4,11,17,74,4.9,0,7.5,5,5.71,MECH,1,51.62,D
12,10,5,11,18,57,4.9,0,5.7,3,5.23,MECH,2,45.67,FAIL
13,10,4,15,9,92,2.5,1,7.7,2,5.51,CSE,4,47.85,FAIL
14,9,5,16,16,86,1.8,3,5.0,5,5.44,CSE,4,51.4,D
16,12,6,21,19,86,9.0,1,5.8,7,6.24,CSE,2,62.44,C
12,11,5,11,12,61,3.0,2,6.6,4,4.79,ECE,2,37.72,FAIL
15,7,6,17,13,96,5.4,2,9.6,6,5.57,MECH,3,51.36,D
4,5,1,14,10,53,0.8,1,8.2,8,3.83,CSE,2,27.42,FAIL
13,3,2,13,13,83,3.4,0,8.6,8,5.85,CSE,1,40.56,FAIL
16,12,5,17,18,100,3.7,1,9.1,6,6.26,MECH,4,62.88,C
19,11,5,13,15,60,4.9,5,12.4,5,5.55,CSE,2,42.27,FAIL
10,6,2,11,14,66,0.0,3,7.1,2,4.74,CSE,4,35.58,FAIL
14,10,5,17,15,76,4.3,2,9.1,4,4.7,ECE,3,52.78,D
18,5,4,10,6,67,1.7,1,8.5,4,4.97,MECH,1,39.69,FAIL
6,8,3,9,11,51,4.6,2,8.5,3,4.57,ECE,1,29.07,FAIL
8,13,3,15,17,76,1.9,1,9.7,5,5.31,ECE,3,48.2,FAIL
9,6,2,16,7,59,2.3,2,6.4,9,4.8,ECE,2,29.59,FAIL
11,9,7,8,12,82,3.5,1,6.3,8,4.41,MECH,2,44.29,FAIL
10,6,0,10,12,61,1.9,0,7.5,5,4.83,ECE,2,37.8,FAIL
14,10,3,16,8,98,3.0,0,6.7,7,5.82,ECE,2,52.43,D
8,10,7,11,12,63,1.6,2,7.5,4,4.92,ECE,4,35.61,FAIL
13,8,2,11,8,70,0.3,2,9.3,8,4.32,MECH,3,36.41,FAIL
15,10,4,16,16,87,6.0,0,6.3,2,5.93,ECE,1,54.77,D
14,7,4,8,11,56,1.4,3,6.5,7,4.74,ECE,2,31.13,FAIL
10,6,5,6,13,78,3.6,2,7.3,6,5.28,MECH,2,32.71,FAIL
22,13,6,16,16,94,5.5,2,6.7,3,5.94,MECH,2,61.25,C
6,9,6,10,8,50,2.8,2,4.1,5,4.85,CSE,3,26.69,FAIL
13,6,3,9,13,77,2.3,1,6.1,3,5.42,MECH,3,43.06,FAIL
10,9,4,11,12,78,4.5,3,8.0,3,5.04,MECH,4,39.44,FAIL
17,9,5,20,18,86,6.2,0,9.2,2,6.55,ECE,1,59.58,D
8,6,2,10,11,56,1.7,1,5.3,7,4.64,CSE,3,29.8,FAIL
3,8,3,10,7,55,3.7,2,5.3,7,3.77,ECE,4,26.17,FAIL
9,9,4,8,9,82,0.5,1,7.0,1,4.19,CSE,3,40.5,FAIL
16,9,4,13,9,79,3.2,4,3.9,9,3.96,CSE,4,37.79,FAIL
11,8,6,20,13,78,4.1,1,6.3,5,5.17,MECH,4,49.53,FAIL
15,9,4,15,13,80,2.3,0,4.4,6,5.23,ECE,4,50.18,D
12,6,2,13,12,64,3.1,4,9.1,2,4.94,MECH,2,36.17,FAIL
10,9,2,13,12,78,1.2,1,5.8,8,4.78,ECE,4,40.86,FAIL
18,8,3,10,10,79,4.2,2,9.5,5,4.11,ECE,3,44.41,FAIL
13,8,2,16,11,64,6.1,1,8.7,7,5.31,ECE,4,42.37,FAIL
14,7,3,13,9,100,1.8,3,6.0,7,4.93,CSE,2,42.81,FAIL
14,11,3,19,13,82,2.8,1,5.4,8,5.77,MECH,3,52.26,D
16,7,2,16,9,57,5.0,0,6.7,4,4.09,ECE,2,44.94,FAIL
11,9,8,14,22,84,6.4,1,6.8,5,5.68,ECE,4,52.56,D
16,5,3,11,15,60,1.0,4,7.5,4,3.74,MECH,3,33.61,FAIL
18,6,6,12,15,86,3.7,1,5.8,7,4.8,CSE,2,49.05,FAIL
15,9,5,17,11,92,4.6,1,8.1,6,4.78,CSE,4,51.05,D
15,9,3,11,13,62,3.8,2,7.4,7,5.92,MECH,2,36.23,FAIL
11,5,3,12,13,89,0.0,2,6.5,7,4.56,MECH,3,38.94,FAIL
15,7,2,16,8,81,5.0,1,5.9,2,5.54,CSE,3,45.42,FAIL
17,7,4,18,16,87,7.0,2,6.7,8,5.48,CSE,4,53.13,D
12,12,2,11,10,100,4.2,0,5.8,7,4.84,ECE,1,46.81,FAIL
17,10,5,14,12,71,1.9,1,7.1,4,5.5,CSE,2,50.4,D
13,10,3,13,9,63,3.0,1,7.1,6,5.08,CSE,4,41.94,FAIL
15,13,4,11,15,61,7.5,1,7.4,5,5.87,CSE,2,45.07,FAIL
10,9,3,16,11,62,5.8,1,9.6,6,4.74,ECE,4,40.28,FAIL
18,10,6,20,16,73,5.3,1,6.8,4,5.98,CSE,2,58.25,D
15,10,3,15,17,80,4.7,0,8.5,6,5.95,MECH,1,53.31,D
11,7,3,12,14,79,2.7,2,7.3,5,5.04,ECE,1,39.28,FAIL
12,8,5,14,21,87,3.6,2,6.6,4,5.91,CSE,1,51.09,D
13,8,6,21,12,75,3.8,1,6.8,5,5.3,MECH,3,47.59,FAIL
10,9,5,17,18,96,5.1,1,6.9,10,4.47,ECE,4,53.89,D
16,6,8,13,12,71,7.0,1,7.4,4,5.55,ECE,2,46.81,FAIL
19,8,4,11,11,100,6.2,3,5.6,5,5.59,CSE,3,47.05,FAIL
11,6,1,11,14,84,1.2,2,4.8,4,4.96,ECE,1,42.17,FAIL
14,6,5,12,18,62,4.4,2,8.0,4,5.71,MECH,3,44.88,FAIL
15,9,3,12,9,58,5.5,1,8.3,7,4.18,CSE,2,37.73,FAIL
14,9,5,14,16,82,5.2,0,8.1,6,5.29,ECE,1,50.18,D
11,7,5,15,9,71,2.7,0,7.2,5,4.59,CSE,1,43.55,FAIL
17,12,3,9,20,85,9.8,1,8.2,7,5.67,CSE,1,53.7,D
10,9,3,13,15,82,1.4,2,8.1,7,4.52,ECE,3,41.99,FAIL
11,9,5,15,13,73,1.8,2,8.2,5,5.06,MECH,1,42.52,FAIL
11,12,4,8,10,62,4.5,2,5.7,2,5.44,CSE,2,39.18,FAIL
15,9,4,11,15,52,8.2,3,5.4,7,5.08,CSE,4,33.96,FAIL
12,8,5,10,7,68,2.3,0,6.4,5,4.89,ECE,3,36.54,FAIL
16,8,6,16,15,87,3.5,2,7.0,5,5.7,ECE,1,52.59,D
20,7,2,15,14,78,6.2,1,6.6,4,6.79,CSE,1,47.82,FAIL
8,7,6,11,11,56,4.0,1,4.2,6,4.51,CSE,4,35.72,FAIL
12,11,3,12,14,77,3.3,2,9.6,6,5.84,ECE,2,40.92,FAIL
17,8,6,15,16,80,5.1,1,6.6,5,5.9,CSE,4,54.41,D
13,8,4,12,9,61,4.5,1,7.3,3,6.12,ECE,4,38.24,FAIL
15,12,7,12,12,77,6.1,0,8.9,7,5.77,MECH,2,49.64,FAIL
14,9,5,14,19,75,6.6,1,3.5,6,4.67,ECE,2,48.15,FAIL
9,6,5,15,15,57,4.6,1,6.2,6,4.91,MECH,3,37.04,FAIL
16,8,5,16,16,80,4.6,0,6.4,1,5.85,MECH,3,56.61,D
16,11,4,14,10,83,4.4,2,6.5,5,5.78,ECE,4,45.21,FAIL
12,9,3,18,16,91,5.0,2,6.7,5,5.18,ECE,2,47.67,FAIL
16,10,3,15,17,90,4.1,1,9.2,4,6.48,MECH,2,53.44,D
11,5,2,11,10,54,4.0,1,8.0,7,4.69,MECH,4,34.15,FAIL
16,10,6,18,11,60,6.4,2,8.4,6,5.68,MECH,4,42.77,FAIL
19,12,3,15,14,82,7.0,1,7.1,6,5.8,MECH,4,55.56,D
12,7,5,10,15,82,1.0,1,4.9,7,4.63,ECE,2,45.93,FAIL
9,10,3,16,16,82,4.0,2,3.9,3,5.36,CSE,2,45.83,FAIL
17,9,4,12,18,100,2.6,0,4.7,4,5.73,CSE,2,58.39,D
22,11,5,19,17,83,3.4,1,7.5,5,6.33,MECH,3,59.28,D
16,10,6,8,11,92,4.8,1,7.0,4,4.74,MECH,3,49.25,FAIL
15,9,4,16,11,89,5.3,1,6.7,6,5.79,CSE,4,52.21,D
15,5,5,12,14,84,3.8,2,6.4,4,5.43,MECH,4,43.86,FAIL
13,5,4,12,13,70,0.2,5,10.0,8,4.54,MECH,4,31.5,FAIL
12,8,3,16,15,86,2.1,3,5.8,3,4.08,ECE,2,44.53,FAIL
17,10,3,10,10,63,5.8,0,8.4,9,5.22,CSE,1,41.15,FAIL
7,5,4,6,11,71,0.0,1,7.0,9,4.17,MECH,2,29.33,FAIL
12,11,4,17,11,67,6.4,1,6.9,5,4.92,CSE,4,46.88,FAIL
15,12,4,13,13,76,5.0,2,8.8,7,5.35,ECE,4,47.53,FAIL
19,13,6,17,13,100,6.6,1,9.2,4,6.2,MECH,3,63.48,C
7,3,3,8,11,46,3.6,4,6.6,7,3.48,MECH,1,17.43,FAIL
11,9,1,11,14,85,0.0,0,8.2,5,5.07,CSE,2,43.65,FAIL
11,7,3,10,9,50,4.9,1,7.5,2,5.47,MECH,1,36.59,FAIL
12,8,3,14,13,67,6.5,0,7.0,1,5.5,MECH,1,48.39,FAIL
18,12,4,14,12,91,5.8,2,7.3,4,6.02,ECE,1,52.18,D
12,9,3,15,7,75,2.7,1,6.0,6,4.9,CSE,1,43.58,FAIL
16,9,5,11,8,58,4.2,0,6.5,8,5.08,ECE,1,38.12,FAIL
8,9,4,15,12,64,2.9,2,6.1,5,4.71,CSE,4,41.22,FAIL
13,9,3,16,12,85,2.4,1,8.4,7,5.53,CSE,2,45.35,FAIL
15,6,4,10,13,64,5.9,1,6.9,4,5.15,MECH,3,43.38,FAIL
15,13,5,10,12,78,1.6,0,5.1,4,5.85,CSE,4,50.06,D
8,7,3,11,14,75,2.2,4,5.9,7,4.46,MECH,1,31.98,FAIL
14,5,1,8,9,65,1.8,4,2.2,1,4.31,MECH,1,26.84,FAIL
14,7,3,11,17,100,1.0,0,6.3,5,5.2,MECH,3,54.57,D
20,9,2,16,12,84,4.3,1,7.1,4,5.17,MECH,3,54.22,D
10,7,6,11,12,44,6.3,2,6.8,8,3.94,MECH,2,31.9,FAIL
18,9,2,18,14,77,3.6,2,10.0,4,5.97,ECE,4,48.72,FAIL
7,8,1,5,5,65,1.0,2,7.9,6,3.08,CSE,2,23.79,FAIL
14,11,5,9,19,87,5.7,2,7.8,7,5.19,MECH,2,48.99,FAIL
15,7,1,11,18,63,7.4,2,4.5,2,4.77,CSE,3,41.83,FAIL
7,12,2,16,12,73,2.7,3,6.5,5,5.02,ECE,1,36.69,FAIL
6,5,4,10,11,82,3.0,2,6.3,4,4.16,ECE,4,31.62,FAIL
13,10,5,20,18,87,5.0,0,5.8,7,5.54,MECH,4,56.74,D
10,7,5,12,14,56,7.2,2,5.8,6,5.35,MECH,3,37.18,FAIL
4,8,4,12,13,69,3.0,0,4.3,5,3.88,MECH,4,40.48,FAIL
14,9,3,11,12,67,1.3,1,5.1,3,4.83,CSE,3,43.35,FAIL
11,8,3,8,14,65,5.3,1,8.3,7,5.35,CSE,2,37.1,FAIL
16,13,6,15,15,100,5.6,2,6.8,5,6.35,CSE,4,58.91,D
14,9,6,15,11,81,4.0,0,6.2,2,4.81,MECH,2,51.65,D
12,10,4,10,13,56,2.9,3,7.0,2,4.18,CSE,4,36.49,FAIL
18,13,4,16,21,88,6.0,1,8.8,6,6.55,MECH,1,61.63,C
17,10,6,15,16,100,5.1,0,7.0,2,5.72,MECH,2,60.9,C
14,11,5,13,17,90,2.5,0,7.8,9,4.73,MECH,2,52.75,D
10,6,2,4,10,52,4.1,0,5.7,3,5.15,MECH,4,32.79,FAIL
8,8,3,8,12,67,1.3,3,6.1,5,4.04,ECE,4,28.22,FAIL
9,11,6,13,15,94,5.4,0,7.5,5,5.67,CSE,3,52.92,D
15,8,6,15,13,64,3.5,0,9.8,4,5.75,MECH,2,49.41,FAIL
11,5,3,16,13,81,3.1,0,9.1,1,5.13,MECH,2,49.28,FAIL
20,12,2,15,13,86,3.9,1,7.9,5,5.26,ECE,3,54.74,D
14,8,4,12,4,61,4.1,1,7.2,3,4.59,MECH,1,35.34,FAIL
17,9,4,8,10,74,5.8,1,9.1,5,5.23,ECE,1,41.94,FAIL
13,7,4,8,5,26,5.2,3,8.2,5,5.09,MECH,2,20.84,FAIL
14,10,4,11,11,59,3.7,3,3.6,6,5.11,ECE,2,37.99,FAIL
15,13,4,13,10,71,5.5,1,5.4,8,4.99,CSE,4,43.11,FAIL
14,10,3,13,7,56,4.8,1,7.5,4,5.34,ECE,1,37.71,FAIL
16,11,6,9,12,99,3.1,1,4.3,4,5.67,ECE,1,50.3,D
9,8,2,14,10,53,3.8,2,5.7,2,4.57,ECE,3,34.42,FAIL
9,9,4,9,21,68,3.7,1,6.0,5,5.05,ECE,4,41.61,FAIL
14,6,5,6,12,76,5.0,2,6.6,6,4.58,ECE,1,35.96,FAIL
18,10,4,17,13,96,3.3,1,6.6,4,5.12,MECH,1,58.79,D
10,4,4,8,6,53,3.2,2,6.6,6,4.48,ECE,4,26.86,FAIL
17,12,4,19,13,92,7.9,1,8.2,5,5.63,ECE,1,59.82,D
10,8,8,9,16,75,5.9,3,6.6,2,5.06,ECE,2,40.99,FAIL
9,8,3,9,15,60,2.5,0,6.4,6,4.2,MECH,1,40.86,FAIL
11,11,7,12,12,81,5.1,3,5.0,5,5.85,ECE,4,42.71,FAIL
12,9,6,16,16,77,4.2,2,8.5,5,6.22,MECH,2,49.0,FAIL
13,6,6,10,21,65,4.8,2,6.0,4,5.1,ECE,1,43.75,FAIL
14,12,4,15,20,76,4.3,0,5.4,4,5.48,MECH,4,54.37,D
16,9,6,12,14,69,6.4,1,7.3,5,5.13,MECH,1,46.14,FAIL
14,11,6,10,9,76,4.7,4,5.8,5,4.17,ECE,1,40.52,FAIL
10,6,4,16,10,84,3.9,4,6.2,8,4.56,MECH,1,34.77,FAIL
10,10,4,22,10,98,6.1,0,7.4,7,5.62,ECE,1,52.38,D
9,3,6,11,12,56,4.5,1,6.5,6,4.81,CSE,3,36.44,FAIL
14,12,5,14,21,100,4.2,0,10.5,5,6.03,ECE,1,60.66,C
13,9,4,11,9,45,4.6,1,6.9,1,4.94,MECH,2,38.59,FAIL
15,7,4,13,12,72,3.8,0,7.9,3,5.14,ECE,2,49.35,FAIL
14,8,3,9,14,83,4.0,0,4.1,4,5.36,CSE,3,47.33,FAIL
14,7,4,9,12,79,2.8,2,5.7,4,4.43,ECE,2,38.24,FAIL
20,7,4,7,9,65,2.5,1,5.4,5,5.06,ECE,4,42.58,FAIL
11,6,3,8,11,71,2.0,5,5.6,6,4.35,ECE,3,24.24,FAIL
12,10,4,17,13,67,1.2,1,7.6,6,5.7,MECH,1,45.18,FAIL
9,6,3,4,13,66,2.2,1,8.6,7,4.6,CSE,4,33.19,FAIL
15,5,4,15,15,87,3.7,3,7.5,4,5.32,MECH,1,42.93,FAIL
17,8,5,12,11,80,4.2,2,6.7,6,4.92,ECE,4,46.03,FAIL
10,6,4,12,11,64,3.5,0,6.1,6,4.49,CSE,4,37.92,FAIL
12,6,5,9,14,88,0.0,1,8.7,5,5.44,MECH,4,44.74,FAIL
14,11,4,14,19,79,7.1,1,10.1,8,5.68,CSE,1,53.94,D
13,7,7,20,18,87,6.2,2,7.2,7,6.03,CSE,3,55.9,D
16,11,6,14,13,84,4.9,2,8.4,2,6.17,CSE,3,49.26,FAIL
15,9,4,19,15,62,7.8,1,7.5,5,5.5,CSE,3,51.01,D
12,7,3,4,13,66,2.0,1,8.1,5,5.09,CSE,3,35.53,FAIL
22,9,6,18,18,86,7.8,1,5.3,9,5.92,MECH,4,59.72,D
15,6,2,14,15,84,2.1,1,6.3,4,5.5,CSE,1,46.94,FAIL
11,11,4,10,16,74,4.5,0,7.6,3,5.65,MECH,3,48.61,FAIL
14,8,4,15,8,76,1.5,3,8.8,6,5.21,MECH,3,38.69,FAIL
13,6,4,12,11,94,4.0,2,5.8,6,4.79,MECH,4,44.29,FAIL
13,9,3,15,18,66,4.8,1,4.0,5,6.1,ECE,1,48.52,FAIL
14,9,5,11,11,83,3.7,1,6.3,5,5.51,MECH,2,47.45,FAIL
13,12,3,13,15,71,5.4,0,8.5,7,5.58,ECE,2,46.32,FAIL
14,8,4,15,11,71,4.2,1,4.6,3,5.11,CSE,4,46.57,FAIL
19,10,3,19,15,91,3.0,2,5.2,4,4.17,MECH,1,55.86,D
13,9,4,11,17,87,2.9,1,7.2,4,5.3,CSE,3,51.95,D
15,8,3,19,12,87,5.6,1,6.8,7,5.47,ECE,3,48.69,FAIL
14,10,5,18,16,94,2.7,1,7.9,6,5.01,MECH,4,53.79,D
12,11,4,16,16,75,5.8,2,5.2,3,5.04,CSE,2,51.42,D
14,12,4,18,17,85,6.4,2,6.5,3,5.69,ECE,3,57.25,D
14,8,3,9,11,70,0.7,2,8.8,9,4.85,CSE,1,32.62,FAIL
14,12,7,12,10,79,6.3,0,5.2,7,5.83,ECE,4,51.73,D
13,11,5,14,19,73,8.1,1,9.2,7,5.78,MECH,3,50.94,D
18,9,6,14,11,76,4.5,2,5.4,5,4.85,CSE,4,50.17,D
11,6,2,13,14,83,5.2,1,8.3,8,5.17,ECE,2,41.06,FAIL
16,9,4,11,15,62,6.1,2,6.4,3,5.41,CSE,4,46.04,FAIL
14,13,3,13,12,100,3.4,3,5.3,7,5.37,MECH,4,49.25,FAIL
9,5,3,12,9,59,4.4,0,6.3,4,5.19,MECH,2,32.7,FAIL
9,4,2,13,7,56,1.4,1,7.8,5,4.37,CSE,1,28.42,FAIL
15,9,7,12,12,92,4.3,1,7.0,6,5.75,ECE,2,48.09,FAIL
11,7,6,17,12,86,5.0,1,8.7,5,5.95,ECE,1,47.64,FAIL
16,11,3,16,15,84,5.0,3,9.2,4,5.63,ECE,2,48.99,FAIL
15,6,4,12,15,84,6.1,1,5.2,4,4.72,MECH,4,47.05,FAIL
11,9,4,13,10,74,2.5,1,5.1,1,4.77,ECE,1,45.12,FAIL
13,10,5,16,12,61,2.9,5,5.0,7,5.19,ECE,4,37.06,FAIL
15,11,6,13,6,76,7.8,0,5.7,3,4.91,CSE,1,48.17,FAIL
17,8,5,11,14,64,3.7,1,8.7,9,5.38,ECE,2,42.53,FAIL
11,10,7,11,14,89,4.4,1,7.8,4,4.86,ECE,4,47.38,FAIL
11,5,4,9,15,72,3.9,3,6.2,8,4.37,ECE,2,32.6,FAIL
15,8,3,14,13,62,2.4,1,7.0,1,4.96,MECH,2,43.42,FAIL
18,9,4,16,18,70,7.2,0,9.1,6,6.51,ECE,1,56.41,D
7,11,3,9,11,81,2.9,3,9.9,7,5.29,ECE,3,31.81,FAIL
6,8,1,14,5,66,1.7,1,7.4,8,4.38,CSE,1,28.0,FAIL
11,5,4,10,11,62,3.1,2,3.0,2,4.27,MECH,1,34.64,FAIL
17,9,6,13,7,78,0.0,1,7.4,4,5.18,CSE,4,48.14,FAIL
11,9,4,14,13,78,2.7,0,8.4,6,4.89,ECE,1,49.03,FAIL
13,6,6,9,13,67,2.1,3,7.3,5,4.73,ECE,3,36.59,FAIL
13,9,4,9,13,67,5.2,0,8.1,6,5.04,MECH,3,41.05,FAIL
15,10,5,11,11,78,2.7,1,7.5,4,5.61,ECE,2,49.04,FAIL
15,7,1,12,17,53,5.8,2,5.1,8,4.88,CSE,2,37.86,FAIL
14,6,5,13,10,53,6.8,2,5.7,10,4.05,ECE,4,31.41,FAIL
15,9,3,18,16,64,5.6,2,6.5,5,4.82,ECE,1,48.06,FAIL
10,11,5,15,17,71,3.6,0,8.6,6,4.78,CSE,3,48.28,FAIL
13,9,6,8,18,79,4.3,2,5.9,5,5.31,ECE,4,44.72,FAIL
15,8,5,13,16,97,1.0,0,7.7,8,5.48,CSE,4,51.65,D
16,8,5,7,19,87,3.7,2,7.5,7,5.37,CSE,1,43.72,FAIL
13,10,4,14,12,72,2.3,2,9.4,3,4.28,CSE,3,46.28,FAIL
9,11,6,14,18,74,5.4,2,6.9,4,5.84,CSE,1,44.57,FAIL
17,9,7,14,14,59,9.1,1,4.4,3,4.8,CSE,1,49.85,FAIL
8,7,4,12,10,74,5.0,1,8.0,10,4.56,ECE,1,33.51,FAIL
9,6,4,11,12,70,0.0,2,10.2,6,4.94,CSE,3,35.17,FAIL
14,7,2,12,9,79,3.3,3,8.1,4,5.37,CSE,2,39.53,FAIL
13,7,5,13,13,62,4.2,1,5.8,4,5.4,MECH,3,44.26,FAIL
17,7,3,10,12,82,4.2,2,5.4,7,4.71,MECH,3,39.5,FAIL
10,7,4,14,16,97,2.5,0,5.6,7,4.65,CSE,1,47.86,FAIL
12,11,5,14,17,73,4.5,1,10.0,7,5.17,MECH,1,49.69,FAIL
7,12,2,15,10,81,1.5,3,6.5,4,5.55,CSE,3,39.43,FAIL
14,7,5,13,15,85,2.1,3,6.0,6,5.29,ECE,4,41.5,FAIL
13,8,5,17,15,68,5.3,1,6.8,5,5.26,CSE,2,48.07,FAIL
10,7,5,19,18,78,2.0,0,6.5,3,5.83,MECH,1,52.18,D
19,11,4,11,18,75,5.1,0,9.4,3,6.35,CSE,2,53.27,D
15,7,5,8,15,76,1.3,1,5.5,6,5.03,CSE,2,45.92,FAIL
14,7,5,13,15,63,7.5,0,8.8,5,5.0,ECE,1,47.78,FAIL
16,12,3,12,9,75,2.5,1,7.2,6,5.32,MECH,1,43.08,FAIL
13,10,2,15,11,82,3.6,0,8.8,7,5.17,ECE,3,48.34,FAIL
17,8,4,17,17,96,4.7,1,9.4,8,5.46,CSE,1,54.45,D
16,12,6,15,10,89,2.9,3,7.1,3,5.22,ECE,3,49.28,FAIL
12,8,5,10,14,100,4.3,1,6.5,6,5.5,MECH,4,49.2,FAIL
14,9,1,13,11,63,5.2,0,7.1,6,4.71,ECE,4,39.03,FAIL
16,15,4,21,16,88,5.9,2,6.9,4,5.87,CSE,4,58.53,D
11,9,5,15,15,77,5.6,4,4.5,5,5.12,MECH,3,43.21,FAIL
12,10,8,16,17,100,3.7,1,9.3,4,6.1,MECH,4,58.63,D
13,8,6,14,14,62,3.7,2,7.4,9,4.83,ECE,4,39.32,FAIL
13,14,4,12,12,62,8.7,3,5.3,5,5.21,ECE,1,39.49,FAIL
8,11,4,14,11,66,5.9,1,3.9,6,4.48,ECE,1,42.53,FAIL
9,4,0,7,9,43,2.2,3,3.5,4,3.08,ECE,2,22.38,FAIL
16,10,0,10,10,67,4.2,1,8.2,4,5.67,ECE,2,37.73,FAIL
9,10,3,13,15,63,3.3,4,6.1,2,5.14,ECE,2,34.47,FAIL
13,8,5,13,13,77,3.7,1,6.3,7,4.85,ECE,3,46.18,FAIL
18,6,4,15,9,80,1.5,3,7.7,7,5.45,ECE,1,42.36,FAIL
11,11,3,15,17,100,3.2,1,6.2,4,4.98,ECE,4,55.33,D
22,12,7,18,18,89,7.6,1,7.8,3,6.25,ECE,4,65.5,C
11,9,7,13,18,66,5.2,1,7.1,5,4.7,MECH,3,45.42,FAIL
10,9,1,11,14,61,0.0,3,6.9,4,4.85,ECE,2,31.21,FAIL
9,6,4,17,8,82,6.4,2,4.6,5,4.3,CSE,3,37.4,FAIL
10,8,3,16,13,55,6.2,0,5.8,2,5.66,CSE,2,45.2,FAIL
14,16,5,13,16,100,3.3,0,7.9,5,6.08,CSE,2,57.48,D
18,11,4,14,16,92,5.4,2,6.0,5,5.17,MECH,3,52.62,D
19,9,8,7,9,67,2.3,0,8.8,7,4.86,CSE,1,45.39,FAIL
18,7,3,15,11,49,3.1,2,10.5,5,4.47,MECH,1,36.55,FAIL
17,8,6,15,17,95,7.0,1,8.0,4,6.39,ECE,1,59.93,D
13,8,5,12,12,73,3.5,1,9.2,2,6.03,ECE,3,45.93,FAIL
9,10,2,17,10,93,0.3,1,8.1,7,4.51,CSE,1,44.9,FAIL
13,5,3,8,8,51,3.9,1,6.2,7,3.78,MECH,2,28.42,FAIL
11,8,2,10,19,66,3.8,1,7.3,5,5.58,ECE,3,44.49,FAIL
16,12,8,19,21,75,6.4,1,10.0,2,7.07,MECH,3,64.19,C
15,7,6,14,15,75,4.0,0,6.2,3,5.59,CSE,1,53.54,D
14,6,3,10,8,68,3.2,1,5.4,4,5.19,MECH,3,35.17,FAIL
13,9,4,16,19,84,6.1,1,5.3,7,5.11,CSE,3,54.81,D
12,7,5,14,6,58,4.2,3,6.7,6,4.87,CSE,3,28.99,FAIL
11,9,4,15,9,72,2.5,2,5.5,2,5.29,CSE,3,42.43,FAIL
12,7,2,16,10,76,6.3,1,9.5,6,5.58,ECE,3,41.67,FAIL
12,9,5,18,13,82,4.4,3,7.3,3,6.31,CSE,4,47.77,FAIL
10,11,6,17,20,85,4.0,2,8.5,4,5.75,CSE,2,55.69,D
13,14,0,10,14,58,4.4,3,6.6,7,4.82,MECH,1,34.25,FAIL
9,6,3,14,10,51,1.9,2,5.3,7,4.02,MECH,4,30.97,FAIL
10,10,3,16,14,94,2.9,0,5.0,7,5.02,CSE,1,53.59,D
11,10,6,19,12,79,4.0,2,5.6,5,5.77,MECH,3,50.65,D
8,8,3,12,14,63,3.6,1,7.5,7,4.85,ECE,3,34.42,FAIL
15,13,5,20,22,98,6.5,1,7.8,4,6.25,CSE,4,67.24,C
17,7,6,15,17,76,4.4,1,7.9,4,5.57,MECH,1,54.8,D
13,9,3,18,17,92,5.7,0,4.8,4,5.46,CSE,4,57.43,D
14,9,4,11,15,76,4.0,0,7.0,5,4.52,ECE,3,45.88,FAIL
23,10,6,16,18,100,6.1,0,5.5,2,6.9,CSE,2,66.23,C
17,12,5,21,11,100,4.8,2,7.6,5,6.39,ECE,1,55.59,D
11,5,2,14,17,71,4.0,0,7.7,8,5.53,MECH,2,42.99,FAIL
14,11,3,17,11,89,4.0,0,5.2,3,4.98,CSE,3,52.58,D
15,9,4,11,15,84,2.1,2,8.5,2,6.32,ECE,1,46.17,FAIL
23,13,3,16,23,95,5.0,0,10.5,3,7.27,CSE,2,69.55,C
7,10,4,11,12,60,3.9,3,8.3,10,5.05,ECE,3,30.15,FAIL
18,12,4,19,20,85,3.0,1,6.8,6,5.98,CSE,2,59.41,D
11,11,6,20,17,90,6.2,2,6.5,4,6.25,MECH,4,53.44,D
11,2,4,9,6,48,1.5,1,6.7,5,3.91,ECE,1,25.2,FAIL
10,4,2,13,11,57,3.2,0,5.9,5,4.88,CSE,4,34.92,FAIL
17,5,3,12,10,44,6.1,3,7.4,4,4.47,ECE,1,30.14,FAIL
15,10,3,10,16,70,4.6,3,5.3,4,4.83,MECH,3,42.38,FAIL
16,6,4,14,13,85,3.9,2,4.2,5,5.28,MECH,3,46.43,FAIL
13,10,5,13,18,97,4.5,2,7.3,4,5.94,MECH,2,51.33,D
20,8,6,13,15,76,4.4,0,7.0,4,5.6,ECE,3,53.04,D
21,9,3,11,7,99,1.0,2,6.1,6,4.23,ECE,4,46.63,FAIL
17,9,5,16,9,54,3.3,1,5.1,3,4.63,CSE,1,44.11,FAIL
10,8,4,13,13,49,7.2,1,7.4,10,4.91,CSE,4,32.67,FAIL
12,10,6,11,11,74,2.7,1,5.5,7,5.04,CSE,4,45.09,FAIL
11,7,4,16,15,80,3.4,1,6.8,2,5.92,MECH,4,47.32,FAIL
12,11,3,12,16,74,2.9,2,9.6,1,5.85,ECE,3,47.03,FAIL
11,7,3,18,14,43,3.8,1,8.0,4,4.57,CSE,3,38.01,FAIL
15,10,1,14,13,73,2.8,2,4.9,6,4.97,MECH,3,42.2,FAIL
13,6,4,4,12,55,5.0,0,5.1,6,4.49,ECE,2,32.04,FAIL
10,6,6,13,17,85,4.4,2,7.2,5,5.92,CSE,3,47.26,FAIL
15,11,6,20,13,80,5.5,0,4.9,4,5.61,ECE,1,57.84,D
12,7,4,11,11,60,1.9,1,4.0,3,4.52,ECE,3,38.25,FAIL
15,10,3,11,13,67,3.3,0,7.8,4,4.76,CSE,3,43.79,FAIL
14,9,7,14,13,59,3.5,0,7.5,3,5.63,ECE,2,46.05,FAIL
16,15,4,10,14,74,4.9,0,7.7,4,5.74,MECH,2,53.68,D
14,12,3,12,17,89,2.4,0,7.4,8,6.08,ECE,3,52.14,D
15,8,4,9,11,60,5.8,1,6.9,3,5.59,CSE,4,38.44,FAIL
23,7,3,14,13,82,6.4,0,6.0,6,5.75,CSE,2,50.66,D
14,5,1,15,10,67,2.0,4,7.8,7,3.94,ECE,2,32.62,FAIL
14,6,4,14,16,63,3.0,0,9.3,3,5.42,ECE,2,48.02,FAIL
15,7,2,14,8,73,2.9,2,6.2,3,5.0,ECE,2,38.21,FAIL
15,10,4,13,18,59,9.3,1,5.5,7,5.61,CSE,4,45.39,FAIL
13,9,2,15,17,66,3.1,1,5.3,3,5.12,MECH,4,44.87,FAIL
17,12,5,12,15,57,7.4,0,5.7,5,5.62,ECE,2,46.65,FAIL
13,8,4,15,12,100,1.5,0,7.3,9,6.08,ECE,1,49.8,FAIL
10,4,4,13,6,75,2.0,3,3.8,7,4.04,MECH,3,32.87,FAIL
8,10,4,12,19,64,2.6,1,7.7,5,5.36,MECH,4,44.84,FAIL
15,11,2,16,9,78,2.3,1,8.0,7,5.29,CSE,3,47.45,FAIL
17,8,6,13,12,73,3.5,1,4.3,5,5.82,MECH,4,49.92,FAIL
14,10,3,16,7,71,2.6,1,5.5,7,4.96,CSE,3,39.23,FAIL
14,11,3,16,8,84,2.4,2,7.1,1,5.89,MECH,3,44.14,FAIL
16,7,6,14,18,86,6.3,2,6.8,5,6.12,CSE,4,49.15,FAIL
16,9,7,14,14,67,6.4,1,7.8,1,6.29,CSE,3,51.27,D
18,9,4,14,17,66,5.9,2,6.8,5,5.97,ECE,4,45.11,FAIL
16,13,2,16,12,70,5.0,1,8.9,5,5.03,MECH,2,46.26,FAIL
5,7,4,15,13,40,4.2,2,6.5,8,3.99,ECE,4,28.81,FAIL
9,7,6,7,11,52,3.0,3,5.5,6,5.24,CSE,2,28.07,FAIL
14,7,2,11,15,95,2.1,2,5.4,4,4.33,MECH,3,43.53,FAIL
12,7,4,20,13,99,4.7,2,8.1,4,5.95,MECH,4,53.46,D
14,10,4,11,9,71,1.7,2,7.0,6,4.81,CSE,1,40.48,FAIL
12,9,1,13,10,83,2.0,1,8.0,4,5.23,ECE,4,41.14,FAIL
18,12,8,18,14,79,6.3,2,7.9,5,6.46,MECH,4,55.99,D
17,9,5,13,12,100,7.8,0,4.0,8,5.81,CSE,4,50.74,D
15,11,5,17,12,91,4.8,1,5.3,3,5.47,MECH,4,54.54,D
11,9,5,15,11,73,6.2,0,5.5,4,5.07,MECH,2,45.65,FAIL
10,6,3,13,18,60,3.5,0,5.8,4,4.97,CSE,2,45.9,FAIL
9,7,2,13,9,50,1.3,2,6.4,10,4.4,CSE,1,29.25,FAIL
14,7,3,14,13,78,5.2,1,8.5,6,5.53,CSE,4,43.83,FAIL
15,9,2,13,15,63,5.1,1,8.8,7,5.03,ECE,3,41.11,FAIL
9,6,4,11,9,53,4.1,4,6.6,7,4.2,ECE,4,27.93,FAIL
12,10,6,6,13,65,3.5,1,6.6,7,4.89,ECE,2,40.85,FAIL
17,10,5,16,15,58,5.9,2,5.9,6,5.07,MECH,3,45.62,FAIL
16,9,4,16,16,100,2.0,1,7.1,6,5.0,MECH,4,55.22,D
15,10,4,16,15,88,2.5,0,7.3,2,6.11,ECE,2,57.03,D
9,10,7,14,14,74,2.0,2,8.2,6,5.82,CSE,1,42.69,FAIL
11,10,4,20,17,97,4.2,1,8.2,5,5.81,MECH,2,54.5,D
14,6,1,12,13,76,1.8,1,3.5,6,4.66,ECE,4,41.79,FAIL
13,6,4,10,12,62,2.6,0,6.8,5,4.2,ECE,1,42.52,FAIL
9,7,6,10,16,97,2.6,1,9.1,7,5.86,MECH,1,44.03,FAIL
16,11,0,10,11,83,3.5,3,6.3,7,5.26,CSE,4,38.14,FAIL
9,8,4,10,13,59,1.0,0,8.7,1,4.92,MECH,3,37.95,FAIL
11,7,2,13,9,72,4.2,1,6.5,4,4.85,MECH,1,39.42,FAIL
18,9,3,14,16,61,6.5,0,7.3,1,6.6,MECH,3,53.49,D
14,8,3,11,12,54,4.3,3,5.3,5,4.84,ECE,3,33.17,FAIL
15,7,3,13,11,88,7.1,2,5.4,4,5.34,MECH,2,42.04,FAIL
19,9,3,20,15,100,6.7,2,8.1,8,6.27,CSE,2,56.9,D
12,8,4,12,17,54,5.6,3,8.3,5,5.22,MECH,4,37.47,FAIL
12,14,4,18,12,83,4.1,3,7.0,4,5.52,CSE,3,48.74,FAIL
16,9,1,12,14,65,4.0,1,5.2,7,5.12,ECE,3,41.32,FAIL
16,8,1,13,8,67,5.5,2,7.1,4,4.05,CSE,3,40.74,FAIL
9,5,4,13,7,66,3.2,3,8.9,4,4.31,ECE,3,30.12,FAIL
10,5,4,12,14,62,0.2,1,9.6,6,5.32,CSE,4,37.35,FAIL
16,11,0,10,17,75,5.0,0,6.5,8,4.93,CSE,1,45.39,FAIL
8,6,1,9,10,62,1.7,1,4.5,7,4.01,ECE,1,28.38,FAIL
14,8,3,5,13,79,2.1,2,8.3,6,4.4,CSE,3,39.71,FAIL
9,9,4,17,17,74,4.0,0,6.6,10,4.74,MECH,2,44.61,FAIL
13,8,5,3,13,71,3.8,2,8.4,4,5.5,MECH,4,34.6,FAIL
15,7,5,14,12,61,1.2,2,7.4,3,5.54,MECH,2,41.87,FAIL
10,5,3,13,12,66,4.3,0,5.7,5,5.12,CSE,3,37.31,FAIL
13,7,5,10,13,86,5.9,0,7.1,8,5.23,MECH,2,47.33,FAIL
15,10,4,14,9,82,1.7,0,9.0,3,5.67,CSE,1,50.76,D
8,8,3,10,11,60,6.5,1,6.8,9,5.36,MECH,4,33.82,FAIL
13,10,2,14,16,76,0.9,1,5.4,2,5.43,CSE,2,50.06,D
20,8,6,17,22,86,8.2,1,4.6,5,6.03,MECH,2,62.36,C
13,9,1,11,7,49,3.2,3,5.8,5,4.62,ECE,3,28.18,FAIL
14,9,3,13,16,83,4.3,0,6.4,3,5.25,CSE,3,51.32,D
10,3,4,14,9,65,0.2,2,8.2,4,4.23,MECH,3,34.35,FAIL
17,10,4,10,17,83,3.9,2,5.3,7,4.39,MECH,1,45.84,FAIL
17,6,5,11,13,63,4.5,2,9.3,8,5.16,CSE,3,37.21,FAIL
11,10,3,11,9,47,3.8,1,5.0,1,5.09,ECE,1,33.36,FAIL
10,8,3,12,12,50,2.9,1,10.5,5,5.47,MECH,2,34.18,FAIL
16,7,6,10,9,75,2.1,0,9.6,5,5.52,ECE,1,41.86,FAIL
19,14,4,10,16,78,6.3,0,7.2,5,6.11,ECE,2,57.68,D
16,9,4,13,11,61,4.1,1,4.5,4,4.72,ECE,4,41.32,FAIL
19,14,5,18,16,84,7.1,1,6.9,2,6.45,CSE,3,60.55,C
8,7,3,14,7,50,2.9,0,6.4,8,3.71,MECH,2,30.41,FAIL
7,7,3,16,10,74,3.1,3,5.1,7,4.65,CSE,1,34.18,FAIL
17,6,5,11,12,56,5.6,4,7.4,5,4.17,CSE,4,32.56,FAIL
15,7,3,9,11,65,0.8,2,5.8,4,4.59,ECE,4,38.82,FAIL
11,9,3,16,12,75,1.6,0,5.9,4,5.52,CSE,2,44.77,FAIL
15,11,5,11,15,62,6.2,2,6.7,1,5.62,ECE,3,48.35,FAIL
11,7,1,14,11,69,1.7,1,6.1,6,4.97,ECE,4,39.94,FAIL
13,10,6,9,12,90,0.4,2,10.1,7,5.3,MECH,3,44.75,FAIL
13,13,2,20,12,66,7.7,1,6.2,5,5.13,CSE,1,48.19,FAIL
15,9,3,10,16,87,1.2,0,7.7,5,5.08,ECE,1,48.54,FAIL
9,5,3,10,20,58,4.4,1,7.2,5,5.52,MECH,3,36.49,FAIL
14,10,5,9,8,82,4.1,1,7.5,3,5.99,ECE,2,44.13,FAIL
15,8,6,12,12,96,0.0,2,7.6,4,4.99,MECH,2,50.27,D
3,5,4,10,8,37,3.5,1,8.3,5,3.83,ECE,2,20.79,FAIL
14,5,2,11,13,63,4.9,1,7.4,6,5.12,CSE,3,37.78,FAIL
12,9,3,11,22,83,4.7,0,7.3,8,4.9,CSE,2,51.66,D
19,8,2,10,14,71,5.8,2,7.1,5,5.29,ECE,4,42.43,FAIL
14,8,2,13,12,80,3.2,1,6.8,3,4.67,ECE,1,47.66,FAIL
11,11,3,16,16,65,5.4,3,5.6,5,5.58,ECE,3,41.74,FAIL
16,6,6,12,14,76,2.6,2,6.9,9,4.6,CSE,3,42.31,FAIL
12,8,3,14,10,72,1.2,2,7.4,3,5.06,MECH,3,39.35,FAIL
13,8,4,9,12,92,1.4,0,7.6,7,4.67,ECE,1,47.92,FAIL
14,7,4,9,11,78,1.1,1,7.3,8,4.5,MECH,2,37.75,FAIL
13,9,3,14,20,80,6.0,1,6.7,4,5.68,MECH,1,50.17,D
15,6,3,15,11,68,1.0,0,6.9,4,4.48,MECH,2,46.63,FAIL
14,12,4,16,14,67,4.5,3,6.2,6,4.83,CSE,1,43.74,FAIL
11,8,8,16,12,68,3.5,2,7.5,6,5.64,MECH,1,42.67,FAIL
11,9,5,15,14,80,3.8,0,6.7,6,4.28,ECE,2,51.23,D
10,9,7,11,13,68,6.7,3,7.3,9,5.13,CSE,2,35.72,FAIL
14,9,4,13,12,79,3.1,0,8.5,5,4.93,ECE,2,49.6,FAIL
17,12,6,12,16,100,5.2,0,5.9,3,6.61,ECE,2,61.93,C
15,8,5,17,15,88,4.1,0,7.9,5,5.47,MECH,1,56.46,D
7,11,1,11,11,70,3.7,1,7.0,5,4.55,CSE,3,39.37,FAIL
16,10,2,23,14,93,8.6,2,10.0,8,6.03,CSE,3,56.5,D
8,7,2,12,9,68,1.1,0,6.7,5,4.86,CSE,1,35.92,FAIL
16,7,6,12,15,44,6.6,2,8.0,4,6.5,MECH,3,39.98,FAIL
10,9,3,11,12,59,5.3,1,7.0,2,4.31,CSE,4,40.39,FAIL
10,4,4,7,11,46,3.0,5,4.9,6,3.61,CSE,2,18.06,FAIL
13,11,7,13,15,69,7.3,2,6.2,10,5.58,MECH,2,42.61,FAIL
15,7,1,10,7,75,0.3,2,8.3,5,4.12,MECH,1,37.99,FAIL
15,10,7,12,16,100,3.0,2,6.4,6,5.41,ECE,4,51.82,D
14,10,2,11,9,79,1.6,1,3.7,4,4.52,MECH,3,42.69,FAIL
13,8,4,8,17,71,4.8,0,7.0,2,5.21,CSE,1,44.62,FAIL
15,11,2,13,16,87,1.8,1,5.4,6,4.82,CSE,2,50.79,D
8,6,4,8,9,41,4.9,1,7.2,5,4.5,CSE,2,29.03,FAIL
15,11,4,11,13,78,3.6,1,9.3,1,6.39,ECE,1,51.83,D
13,9,6,17,11,86,3.0,0,8.2,8,5.79,MECH,3,50.05,D
18,9,5,7,8,52,4.8,1,9.3,6,5.2,CSE,4,39.07,FAIL
11,7,7,16,19,92,3.5,2,6.2,5,5.27,CSE,1,51.65,D
19,9,5,14,10,80,1.8,1,6.8,4,5.24,ECE,1,51.96,D
12,11,6,13,15,68,9.6,2,5.4,6,5.92,CSE,4,42.9,FAIL
16,10,4,13,21,84,3.0,1,6.0,6,5.57,CSE,4,54.42,D
11,9,4,14,17,100,0.0,0,5.6,6,5.15,ECE,1,55.66,D
14,7,5,14,16,77,2.3,0,5.0,7,5.41,ECE,3,49.49,FAIL
11,10,2,14,14,78,1.5,1,9.0,8,4.55,CSE,2,44.01,FAIL
11,9,6,16,17,68,5.7,0,3.9,9,5.12,ECE,4,49.28,FAIL
14,10,4,17,7,62,4.6,1,9.1,3,5.78,CSE,3,40.87,FAIL
14,7,5,18,14,87,4.8,3,8.9,4,5.53,ECE,2,45.22,FAIL
14,7,1,12,10,62,3.3,3,7.7,6,4.94,ECE,1,30.64,FAIL
10,11,4,12,9,76,3.4,1,5.3,3,5.34,ECE,4,41.77,FAIL
13,11,5,12,8,67,3.3,3,4.6,4,4.76,CSE,2,39.37,FAIL
16,10,5,12,13,82,3.8,4,6.2,6,5.06,MECH,1,40.44,FAIL
13,9,5,18,9,80,5.7,1,7.9,7,4.64,MECH,2,47.26,FAIL
10,7,4,12,13,90,4.7,3,7.0,8,4.95,ECE,4,37.18,FAIL
18,10,4,16,11,67,5.0,5,5.4,5,4.9,ECE,4,38.66,FAIL
15,9,4,12,18,70,5.0,2,8.7,6,5.03,MECH,1,46.16,FAIL
11,4,5,16,15,60,5.8,1,9.5,5,4.95,ECE,3,43.53,FAIL
15,6,5,16,16,68,4.6,1,6.7,5,5.64,CSE,4,49.14,FAIL
9,10,4,14,11,80,4.7,1,7.2,3,5.57,ECE,3,44.36,FAIL
21,10,2,18,21,86,6.4,4,4.7,3,6.78,CSE,4,57.66,D
18,5,4,8,13,61,2.7,0,6.4,6,4.71,MECH,1,39.48,FAIL
17,9,2,16,14,88,2.3,2,7.8,3,6.04,CSE,1,49.3,FAIL
11,10,5,17,10,95,1.6,0,7.5,1,5.66,ECE,2,52.57,D
7,12,5,17,15,81,4.4,0,6.2,5,4.96,CSE,2,51.06,D
17,7,1,12,12,100,0.3,3,6.6,8,5.03,CSE,3,43.79,FAIL
14,10,5,21,12,63,4.9,2,6.3,1,6.06,ECE,3,51.98,D
10,5,4,11,12,56,3.8,1,6.6,4,4.81,MECH,2,36.02,FAIL
16,7,4,11,11,48,6.3,4,7.6,6,5.14,ECE,3,30.18,FAIL
13,10,3,14,15,97,2.7,2,4.0,1,5.71,MECH,2,49.7,FAIL
16,9,5,13,10,84,3.6,3,6.9,5,5.29,CSE,1,45.44,FAIL
15,7,3,11,10,74,6.2,1,7.5,3,5.69,ECE,3,42.41,FAIL
15,11,6,11,19,79,6.8,4,6.1,3,5.24,ECE,1,46.88,FAIL
16,9,4,7,7,58,2.6,3,6.3,4,4.71,CSE,1,32.25,FAIL
15,16,5,17,13,100,4.4,3,6.3,3,6.2,ECE,4,55.71,D
12,10,5,19,12,76,4.6,1,6.3,3,5.59,MECH,4,52.26,D
13,10,3,12,17,76,4.7,1,7.0,5,5.42,MECH,3,48.34,FAIL
10,10,3,14,12,85,3.5,3,7.2,9,5.33,ECE,3,37.1,FAIL
18,7,6,12,14,82,6.6,2,3.8,7,5.25,ECE,2,48.74,FAIL
14,5,5,13,9,78,0.2,3,8.0,7,4.7,MECH,4,36.87,FAIL
12,8,2,13,15,63,3.2,4,6.6,7,4.98,CSE,4,34.78,FAIL
12,5,4,18,9,82,4.9,2,9.9,4,5.91,ECE,1,40.17,FAIL
7,8,4,12,16,100,4.9,1,5.2,6,5.42,CSE,4,46.26,FAIL
14,10,5,16,22,95,6.7,0,5.7,7,5.85,MECH,2,59.68,D
16,13,5,16,16,98,6.4,1,6.7,7,5.73,ECE,1,59.05,D
6,8,6,12,9,67,3.4,2,7.6,5,4.9,ECE,4,34.79,FAIL
20,5,6,16,6,60,6.6,0,4.1,6,4.91,CSE,3,42.04,FAIL
13,7,6,10,13,73,2.6,1,5.8,10,4.44,MECH,4,41.14,FAIL
15,10,7,12,16,75,5.9,1,7.9,7,4.79,CSE,1,48.84,FAIL
17,13,3,15,20,91,7.6,2,5.6,4,6.11,CSE,4,58.38,D
16,11,4,21,18,49,6.4,0,9.1,5,6.12,ECE,3,52.55,D
14,12,4,12,17,97,4.2,0,6.3,3,5.33,MECH,3,55.27,D
11,9,2,13,7,72,3.3,2,5.7,10,4.18,ECE,2,36.22,FAIL
17,9,6,9,16,68,0.9,0,7.9,8,5.87,MECH,1,46.93,FAIL
15,8,4,13,9,59,4.6,1,9.4,5,4.8,ECE,3,38.11,FAIL
10,8,1,7,9,50,1.8,1,7.6,9,4.73,CSE,1,27.02,FAIL
20,7,8,14,16,87,2.4,2,8.9,6,5.22,MECH,3,54.04,D
12,8,1,14,14,76,1.6,0,9.5,4,5.31,ECE,2,44.9,FAIL
9,5,3,10,8,55,3.1,4,5.6,7,4.29,CSE,3,21.35,FAIL
12,9,4,14,13,55,3.9,0,8.4,6,5.06,CSE,1,41.58,FAIL
12,7,2,13,3,69,4.5,4,4.7,7,3.95,CSE,3,28.87,FAIL
12,12,6,14,18,100,2.8,2,7.6,2,6.01,CSE,3,56.62,D
16,9,3,16,13,71,6.1,2,6.9,3,5.38,MECH,4,45.8,FAIL
16,8,4,10,15,52,3.6,1,8.9,8,3.65,ECE,2,42.06,FAIL
16,4,5,16,12,71,2.4,2,8.8,8,5.37,ECE,3,40.34,FAIL
13,6,0,7,15,70,4.5,3,7.9,8,3.91,MECH,2,32.38,FAIL
14,10,2,13,16,34,7.9,1,7.4,9,5.6,MECH,1,38.14,FAIL
11,9,6,14,16,74,4.7,1,7.8,6,5.55,MECH,2,47.21,FAIL
8,10,4,10,14,71,3.3,1,7.1,6,4.27,CSE,3,42.34,FAIL
14,10,3,17,15,85,0.9,1,6.9,3,5.89,ECE,4,53.39,D
14,8,4,13,17,100,3.6,0,9.2,4,5.59,MECH,3,58.12,D
11,14,5,18,18,91,4.5,3,9.3,1,5.88,ECE,2,52.77,D
10,6,0,9,10,70,3.2,2,6.8,4,4.2,ECE,4,31.63,FAIL
11,5,6,14,8,58,0.7,0,7.4,1,4.46,CSE,4,41.19,FAIL
15,11,3,15,12,100,2.3,1,7.1,7,4.93,ECE,1,49.27,FAIL
13,8,5,10,14,75,6.9,2,4.6,6,5.65,MECH,1,39.86,FAIL
16,8,8,20,17,75,6.9,0,6.5,1,6.5,MECH,3,61.24,C
13,6,3,13,14,74,2.2,2,9.4,5,4.59,MECH,2,43.8,FAIL
10,11,5,14,14,77,5.3,0,5.9,9,5.05,ECE,3,49.55,FAIL
9,11,2,9,14,72,1.6,1,10.2,5,4.26,MECH,3,39.78,FAIL
15,10,4,12,15,66,6.8,1,8.8,3,5.89,MECH,4,45.09,FAIL
12,8,3,17,22,66,4.5,1,7.6,1,6.64,MECH,3,49.48,FAIL
13,11,6,9,14,74,5.9,1,7.8,1,5.02,ECE,2,47.54,FAIL
17,5,2,7,9,66,0.6,3,5.6,6,3.86,MECH,3,31.12,FAIL
9,8,3,16,12,64,5.4,1,6.6,4,5.58,MECH,1,41.95,FAIL
19,10,3,10,18,76,4.0,2,9.2,4,5.97,MECH,1,48.83,FAIL
14,11,5,9,16,71,5.7,3,6.1,4,4.87,MECH,4,41.81,FAIL
14,12,6,19,22,97,5.8,0,8.6,5,6.78,MECH,1,67.77,C
11,5,0,8,13,35,4.1,0,4.9,3,4.01,ECE,2,29.58,FAIL
15,14,5,20,15,91,2.8,2,5.2,6,5.93,ECE,1,55.05,D
21,10,6,16,14,93,5.6,1,9.9,2,6.59,MECH,4,59.69,D
14,7,6,7,12,43,3.9,2,7.0,3,5.4,MECH,4,36.15,FAIL
12,7,2,15,15,69,2.3,1,6.2,7,4.78,ECE,4,41.59,FAIL
11,9,2,8,12,69,2.2,2,9.0,6,5.29,CSE,2,36.19,FAIL
14,6,4,7,9,53,1.0,0,8.9,6,4.85,CSE,4,36.7,FAIL
11,10,4,11,11,63,3.0,3,8.4,9,5.15,CSE,1,30.83,FAIL
9,8,6,13,17,58,6.2,2,6.1,5,5.04,ECE,1,39.99,FAIL
9,9,6,16,14,100,4.4,1,6.6,5,5.25,ECE,1,50.46,D
10,8,5,17,16,89,2.9,2,7.5,4,5.46,ECE,3,48.88,FAIL
18,10,5,8,18,94,5.6,1,8.0,4,5.65,MECH,2,51.51,D
12,9,4,10,15,85,2.3,1,6.2,3,5.03,CSE,3,44.51,FAIL
11,9,4,16,11,58,4.2,1,7.3,5,5.74,ECE,4,41.01,FAIL
11,9,4,10,12,67,3.6,2,7.4,6,5.25,MECH,4,39.61,FAIL
18,9,7,15,11,82,5.6,5,8.9,6,5.92,MECH,3,40.98,FAIL
13,6,0,15,10,56,0.8,2,8.1,5,5.09,ECE,4,31.61,FAIL
14,9,3,13,8,85,2.3,1,4.7,7,5.08,ECE,4,41.25,FAIL
11,8,4,12,16,71,0.7,2,6.7,5,5.62,CSE,4,39.47,FAIL
10,7,2,10,7,69,3.5,0,5.6,4,3.94,CSE,2,35.14,FAIL
15,9,4,19,12,85,6.4,1,7.9,3,5.5,ECE,4,52.89,D
11,9,3,9,13,81,3.0,1,8.4,2,5.3,MECH,3,44.93,FAIL
10,7,5,16,9,69,3.0,6,7.2,8,3.99,MECH,3,27.34,FAIL
13,10,4,15,22,92,5.7,1,6.6,4,5.88,ECE,1,54.14,D
15,8,3,12,17,58,6.1,0,7.1,3,5.43,ECE,4,48.0,FAIL
17,11,6,13,15,84,3.8,0,7.3,4,6.48,CSE,2,55.94,D
19,10,4,12,20,83,5.4,2,6.0,4,6.0,CSE,1,53.16,D
11,5,3,4,12,70,1.8,1,5.2,8,4.1,MECH,4,33.3,FAIL
16,10,3,19,15,79,6.8,2,3.9,4,5.68,CSE,2,50.24,D
10,7,3,6,9,56,8.3,2,8.9,10,4.14,ECE,3,24.84,FAIL
15,10,5,15,14,88,5.0,1,7.7,5,5.75,CSE,2,52.11,D
7,10,1,9,17,72,0.0,2,7.5,9,4.34,ECE,4,34.06,FAIL
6,8,3,12,13,67,2.9,1,8.9,7,4.44,ECE,4,34.43,FAIL
14,10,5,9,14,90,5.2,2,5.1,6,5.28,MECH,2,46.59,FAIL
9,10,0,8,11,64,3.2,2,4.4,8,3.98,MECH,3,30.92,FAIL
14,8,3,13,12,53,6.5,2,7.6,7,4.49,ECE,4,37.72,FAIL
9,9,8,13,12,51,5.2,3,7.4,6,5.16,CSE,4,34.95,FAIL
21,9,4,11,6,84,2.6,3,4.4,10,4.96,MECH,3,42.0,FAIL
11,7,5,13,15,55,4.1,2,7.5,4,5.23,ECE,1,38.29,FAIL
14,10,4,20,20,100,2.2,3,6.4,3,5.4,CSE,1,55.37,D
8,10,2,13,11,43,3.6,0,5.8,4,4.18,MECH,3,37.75,FAIL
16,6,6,17,15,100,2.9,3,6.5,9,4.91,MECH,1,47.03,FAIL
13,8,6,15,11,78,6.3,0,3.3,8,4.78,CSE,2,49.63,FAIL
12,8,3,15,14,73,8.2,0,6.1,4,5.28,MECH,1,47.44,FAIL
7,6,2,10,13,66,1.1,2,5.9,1,5.5,MECH,3,34.45,FAIL
13,10,1,12,12,80,0.2,1,7.8,5,4.82,ECE,4,42.69,FAIL
16,9,3,20,13,74,3.5,1,6.8,3,5.69,ECE,4,54.42,D
13,9,5,15,15,91,1.0,1,8.0,4,4.65,ECE,4,50.16,D
12,7,4,12,13,76,4.1,1,3.2,3,4.72,CSE,3,43.18,FAIL
14,9,7,9,17,77,5.5,0,5.7,2,6.04,CSE,1,50.27,D
17,8,3,17,13,69,7.0,0,7.8,9,5.58,ECE,3,47.32,FAIL
12,11,2,15,15,74,4.4,2,6.5,4,4.69,MECH,2,44.15,FAIL
17,10,4,12,10,79,3.6,2,8.3,8,5.22,ECE,1,42.22,FAIL
8,3,3,7,9,49,0.0,2,4.3,5,4.09,ECE,2,20.6,FAIL
11,10,3,6,13,54,4.1,1,8.1,3,4.76,ECE,3,35.7,FAIL
15,9,5,18,13,86,4.1,3,6.0,6,5.42,MECH,1,47.22,FAIL
17,9,5,12,13,77,5.3,1,5.9,4,4.61,ECE,1,50.53,D
15,8,4,13,14,72,2.6,0,8.5,5,4.65,CSE,1,47.93,FAIL
13,6,5,10,16,75,3.1,3,8.7,5,5.57,ECE,4,40.35,FAIL
12,7,6,8,13,80,1.0,1,8.6,3,5.3,CSE,3,44.89,FAIL
8,10,0,16,10,66,0.0,4,10.1,2,5.18,CSE,2,35.21,FAIL
13,9,3,10,12,63,1.8,1,8.9,5,4.79,ECE,2,40.44,FAIL
6,6,5,9,18,77,0.9,2,5.8,7,4.82,CSE,4,39.43,FAIL
18,9,8,22,15,60,4.7,0,7.2,3,5.5,CSE,1,57.47,D
16,9,4,17,19,81,3.0,2,6.5,5,5.53,MECH,4,54.3,D
8,9,0,8,11,49,2.9,0,10.0,8,4.62,CSE,1,27.87,FAIL
17,8,6,16,14,90,2.0,0,8.7,5,5.23,CSE,4,56.89,D
13,6,2,6,4,82,0.0,0,6.7,5,4.53,MECH,2,37.39,FAIL
16,11,5,14,14,78,7.0,1,8.3,5,5.26,ECE,2,50.18,D
12,11,5,11,16,89,2.0,1,5.2,4,4.96,ECE,1,48.21,FAIL
17,11,5,16,16,99,3.2,3,7.4,3,5.53,MECH,3,55.15,D
10,11,1,19,14,90,1.1,2,5.6,3,6.0,ECE,1,48.74,FAIL
11,5,3,6,11,47,5.9,3,4.5,6,4.01,CSE,1,25.05,FAIL
10,6,1,18,18,55,4.3,2,8.2,7,5.29,CSE,4,37.08,FAIL
10,5,4,13,9,65,2.3,3,8.4,7,4.61,CSE,2,33.41,FAIL
11,11,3,10,16,75,3.2,3,7.7,4,5.18,MECH,3,40.86,FAIL
14,10,2,13,21,82,7.4,3,6.7,7,5.75,MECH,1,48.5,FAIL
15,9,4,9,13,64,3.9,4,5.1,6,3.96,CSE,3,32.88,FAIL
8,7,2,10,10,77,3.6,1,5.3,5,4.64,CSE,4,34.53,FAIL
12,7,3,8,13,63,2.1,1,5.5,1,4.37,MECH,1,37.18,FAIL
7,5,2,5,12,65,0.2,2,6.6,3,4.52,MECH,4,27.52,FAIL
15,7,5,11,16,53,3.7,0,8.6,2,4.74,ECE,2,42.78,FAIL
15,5,5,16,13,61,4.7,0,8.6,6,5.72,CSE,3,43.2,FAIL
8,7,4,10,5,54,6.2,2,4.5,5,4.53,CSE,2,26.71,FAIL
9,4,2,9,5,60,0.0,2,6.0,3,3.31,CSE,4,23.72,FAIL
11,5,3,16,12,90,1.7,2,5.9,6,4.86,ECE,1,44.55,FAIL
13,9,2,7,12,60,2.8,3,3.2,2,5.09,MECH,2,33.11,FAIL
13,12,5,15,20,100,4.0,1,7.8,3,6.8,MECH,1,61.56,C
17,8,5,9,13,82,3.7,1,6.6,4,5.26,CSE,4,46.8,FAIL
7,6,7,9,11,77,3.8,1,6.8,6,4.85,MECH,1,34.3,FAIL
10,12,5,17,10,62,4.8,1,9.0,8,4.94,MECH,4,41.49,FAIL
10,9,5,12,13,85,2.2,1,7.1,4,5.51,MECH,3,45.53,FAIL
13,3,4,14,13,66,5.9,0,6.4,8,4.33,CSE,2,39.57,FAIL
12,8,5,14,15,76,4.9,1,7.9,5,5.31,CSE,2,47.25,FAIL
15,9,2,18,17,100,3.4,2,8.6,5,5.75,ECE,1,54.47,D
13,8,4,16,16,73,7.2,2,7.4,5,5.64,MECH,1,48.78,FAIL
13,13,6,17,12,92,7.1,1,8.0,5,5.96,CSE,3,53.79,D
12,9,5,8,9,64,5.9,3,6.8,6,4.63,ECE,4,31.08,FAIL
7,8,3,11,10,74,0.0,1,6.9,6,4.75,MECH,1,36.6,FAIL
12,11,4,18,17,100,7.2,1,7.2,3,6.29,CSE,4,57.39,D
15,10,4,10,17,65,5.6,0,5.9,5,5.07,ECE,4,44.9,FAIL
13,10,4,10,14,100,8.0,3,6.1,8,5.28,MECH,2,44.89,FAIL
21,11,7,17,18,85,6.5,1,9.1,5,6.25,ECE,4,62.51,C
18,10,5,18,19,66,7.2,0,10.0,6,5.15,CSE,4,54.77,D
19,10,7,11,18,84,5.8,0,9.4,7,6.46,MECH,4,55.69,D
12,6,6,15,18,89,6.7,3,5.0,4,5.14,CSE,2,49.87,FAIL
23,8,5,10,21,84,8.0,0,4.9,5,6.05,MECH,1,59.29,D
2,11,3,11,11,51,4.4,4,5.2,7,3.45,CSE,3,25.33,FAIL
6,7,6,12,11,64,0.9,2,7.2,7,3.28,MECH,2,34.83,FAIL
15,9,3,12,12,71,3.4,1,2.8,1,4.75,MECH,4,47.06,FAIL
14,11,4,14,18,73,4.8,1,6.1,4,4.16,MECH,4,51.84,D
13,8,5,16,17,84,4.1,1,9.1,3,6.18,ECE,3,53.79,D
10,7,4,9,10,77,1.5,1,8.5,5,5.08,MECH,1,39.96,FAIL
10,5,2,11,8,54,0.7,2,6.2,3,5.22,MECH,2,28.74,FAIL
12,13,6,13,11,80,2.5,1,6.3,6,4.88,MECH,2,48.69,FAIL
14,8,3,15,11,84,5.6,1,7.9,5,5.79,CSE,2,48.85,FAIL
21,13,8,17,20,83,7.2,1,8.4,7,5.57,ECE,2,62.47,C
13,8,7,15,19,91,5.8,1,6.2,7,5.04,CSE,2,52.95,D
20,10,5,15,18,87,6.1,1,6.6,6,5.38,CSE,4,55.54,D
14,11,4,11,13,81,3.8,2,6.2,4,4.73,ECE,1,45.22,FAIL
14,8,2,13,8,73,0.5,0,5.0,5,4.74,ECE,4,39.7,FAIL
6,7,3,12,9,50,3.1,2,6.7,4,4.5,CSE,1,29.11,FAIL
17,14,6,14,15,81,3.5,2,6.6,2,5.47,CSE,2,56.85,D
18,6,3,12,13,78,3.0,1,5.1,7,6.16,ECE,3,44.97,FAIL
12,7,6,10,14,79,4.1,1,8.0,5,5.19,CSE,1,43.29,FAIL
15,8,5,15,9,55,4.9,3,7.7,2,5.46,CSE,3,39.54,FAIL
8,10,4,10,10,58,5.7,0,8.0,6,5.07,MECH,4,34.51,FAIL
14,9,6,14,13,90,3.4,2,5.8,5,5.91,ECE,1,50.53,D
15,9,2,7,15,74,0.2,1,4.0,1,4.93,ECE,2,42.47,FAIL
13,6,4,15,15,85,3.0,2,7.7,2,5.52,ECE,3,45.27,FAIL
14,12,8,11,13,75,4.1,1,6.0,4,6.37,MECH,3,46.74,FAIL
18,11,6,10,13,75,6.4,1,5.7,5,4.95,MECH,3,49.12,FAIL
7,6,5,10,17,89,2.9,1,5.1,7,4.85,CSE,4,39.51,FAIL
13,9,4,15,16,67,5.0,3,6.6,7,5.39,MECH,4,44.37,FAIL
13,8,4,13,10,76,4.6,2,9.4,6,5.03,ECE,4,42.42,FAIL
11,10,4,11,14,68,4.1,1,6.2,5,5.38,MECH,2,41.97,FAIL
17,11,3,18,13,68,5.9,1,5.4,8,4.6,ECE,2,46.13,FAIL
10,7,5,14,15,70,2.7,1,8.0,6,5.44,CSE,1,45.08,FAIL
11,10,6,8,10,78,2.8,2,7.3,5,5.64,CSE,2,36.71,FAIL
5,8,3,9,11,67,4.0,0,3.8,6,4.59,ECE,1,36.41,FAIL
17,9,5,8,17,93,2.7,3,8.0,4,5.12,CSE,3,49.14,FAIL
12,11,3,11,15,61,5.0,0,10.2,5,5.18,MECH,1,46.97,FAIL
11,8,4,15,10,72,2.6,2,3.1,1,4.97,MECH,1,41.41,FAIL
13,6,3,14,15,68,4.5,1,5.1,4,5.48,CSE,4,45.58,FAIL
18,11,4,13,13,96,3.8,2,2.7,9,4.94,MECH,4,52.06,D
19,12,5,13,15,77,4.4,0,6.9,5,5.57,MECH,4,53.89,D
9,10,5,16,17,90,3.1,1,8.5,5,5.72,ECE,3,50.59,D
10,10,3,6,9,52,3.3,3,7.2,7,4.91,CSE,2,27.19,FAIL
10,8,5,13,13,79,4.2,1,9.1,6,5.31,ECE,4,41.66,FAIL
15,11,3,16,16,88,4.4,0,8.2,3,5.92,MECH,4,58.71,D
14,6,5,10,12,76,4.0,0,9.6,5,5.49,ECE,3,43.81,FAIL
12,10,9,14,15,90,7.4,1,8.7,3,6.1,CSE,1,56.78,D
13,8,3,18,13,67,2.0,0,6.4,5,5.24,ECE,2,48.16,FAIL
15,12,3,18,19,96,3.9,0,7.1,3,6.31,ECE,1,62.17,C
17,10,6,9,12,100,0.9,1,5.7,7,5.58,ECE,2,52.62,D
13,11,4,11,11,69,4.7,1,6.7,4,4.87,CSE,4,40.52,FAIL
7,5,4,12,10,68,1.8,0,7.1,3,5.17,MECH,2,34.72,FAIL
18,13,7,23,15,96,3.4,1,6.9,5,6.1,CSE,1,64.32,C
12,9,4,19,20,98,3.3,0,9.0,6,6.43,MECH,2,58.34,D
8,5,3,15,11,67,4.6,1,6.5,3,4.51,ECE,4,37.35,FAIL
11,10,4,13,16,68,2.9,1,5.6,4,4.89,MECH,1,44.46,FAIL
11,6,5,9,10,70,2.8,1,5.7,5,4.74,ECE,1,38.78,FAIL
9,12,5,19,10,54,6.9,0,8.0,8,5.75,CSE,4,46.27,FAIL
11,3,3,14,16,61,4.6,2,4.9,1,4.08,MECH,4,40.24,FAIL
10,5,4,14,10,59,2.9,2,6.7,6,4.1,CSE,3,34.86,FAIL
13,11,5,19,16,63,3.5,0,9.0,4,5.92,ECE,3,55.15,D
10,11,2,20,17,74,7.3,1,7.4,4,5.51,MECH,2,49.9,FAIL
13,3,2,12,14,78,3.5,4,6.9,4,4.65,ECE,4,34.95,FAIL
18,9,5,17,15,98,2.6,3,6.9,4,6.34,CSE,4,57.26,D
6,3,4,10,11,60,2.6,2,5.5,6,3.76,CSE,3,27.92,FAIL
12,10,8,18,14,89,2.9,0,5.7,4,5.84,CSE,1,58.44,D
13,7,3,12,7,71,2.8,2,6.7,8,3.88,CSE,2,37.01,FAIL
15,6,4,11,10,74,1.4,0,7.4,6,4.08,ECE,4,39.53,FAIL
13,8,3,13,16,85,1.8,1,8.4,5,5.36,MECH,3,49.41,FAIL
9,4,4,10,13,58,2.3,3,7.1,5,4.25,CSE,4,31.5,FAIL
15,8,3,16,18,80,5.2,1,9.0,7,5.6,MECH,4,50.85,D
18,12,4,18,14,77,3.2,1,9.4,8,6.0,ECE,2,54.81,D
12,8,3,11,18,82,3.6,0,8.2,3,5.54,MECH,3,51.7,D
15,10,2,17,14,79,6.5,0,8.8,4,6.7,MECH,2,50.1,D
15,13,9,18,25,100,6.6,4,5.5,6,5.94,MECH,3,59.54,D
8,6,5,17,12,65,3.4,1,5.3,7,5.04,ECE,3,38.42,FAIL
13,10,4,9,11,67,2.7,1,7.8,4,3.88,ECE,2,41.91,FAIL
13,11,5,9,8,65,2.3,2,5.0,4,5.01,CSE,4,36.01,FAIL
8,7,6,18,12,66,5.4,2,6.6,5,5.4,ECE,3,43.11,FAIL
12,9,4,13,14,65,3.6,1,8.2,8,4.59,CSE,4,40.34,FAIL
21,6,6,15,18,92,3.2,1,9.1,5,6.62,CSE,1,59.2,D
15,10,4,17,10,96,2.4,1,6.6,2,5.44,MECH,3,54.68,D
15,5,3,5,11,66,2.5,2,6.0,5,3.93,ECE,2,33.12,FAIL
11,9,2,13,8,62,4.6,0,7.5,7,5.27,MECH,2,39.09,FAIL
14,8,4,12,15,82,1.4,2,5.4,5,4.14,ECE,4,48.11,FAIL
17,8,3,15,17,66,6.0,0,6.7,8,5.0,ECE,1,46.22,FAIL
14,7,4,12,11,84,2.9,2,7.0,7,5.73,ECE,3,43.43,FAIL
13,11,6,11,14,78,3.7,2,7.0,5,5.47,CSE,3,43.51,FAIL
13,6,3,14,5,52,1.3,4,7.1,5,4.3,MECH,4,27.36,FAIL
17,9,6,16,14,98,4.0,1,5.7,1,5.76,ECE,4,60.26,C
19,9,4,16,16,100,3.3,0,5.9,7,5.94,CSE,2,58.56,D
13,7,4,9,12,65,3.9,2,5.9,4,4.38,ECE,4,37.49,FAIL
15,10,4,12,16,69,6.9,2,4.6,4,5.7,CSE,4,44.11,FAIL
15,11,5,14,16,79,4.4,1,7.5,4,6.58,CSE,3,50.09,D
12,11,4,17,14,80,2.4,1,8.3,6,5.41,ECE,2,48.48,FAIL
15,11,3,12,12,84,2.6,0,8.2,3,5.42,ECE,1,51.4,D
16,10,4,16,16,100,5.2,2,6.6,3,5.93,ECE,3,56.26,D
15,10,5,19,14,72,6.6,3,5.8,5,5.11,MECH,3,48.54,FAIL
10,8,2,19,12,63,4.6,1,8.1,4,4.92,ECE,1,41.88,FAIL
10,10,3,8,20,54,5.4,2,8.0,6,5.01,ECE,4,40.0,FAIL
15,9,6,7,14,64,5.2,0,7.3,4,5.61,ECE,1,45.2,FAIL
17,11,7,14,12,74,6.8,0,9.6,8,6.31,CSE,1,50.43,D
10,8,5,9,8,100,0.1,2,7.0,6,4.13,ECE,3,38.17,FAIL
15,8,6,13,12,67,5.3,1,6.6,6,3.85,CSE,4,44.37,FAIL
14,12,7,16,16,78,6.0,1,6.4,4,6.37,MECH,1,57.76,D
12,10,3,10,10,74,1.3,2,4.7,10,4.15,MECH,3,38.11,FAIL
16,12,7,17,10,92,2.2,0,8.0,4,5.59,CSE,4,59.46,D
15,10,7,9,11,100,2.3,0,6.8,4,5.82,CSE,2,53.67,D
15,7,3,10,8,67,2.5,0,7.8,6,4.74,MECH,1,37.43,FAIL
19,9,5,14,11,67,3.0,3,9.8,5,6.2,MECH,1,44.33,FAIL
12,12,4,19,12,90,4.5,1,6.4,3,5.96,ECE,2,52.99,D
7,9,4,14,16,85,5.7,3,3.5,9,4.65,MECH,4,40.74,FAIL
15,16,3,18,17,100,6.2,1,7.7,7,5.66,ECE,1,60.95,C
10,8,3,12,16,83,2.3,0,7.3,5,5.12,MECH,2,49.4,FAIL
9,10,4,10,14,69,2.3,2,5.9,10,3.88,CSE,3,34.46,FAIL
22,14,4,16,17,83,6.6,1,7.6,7,6.41,CSE,1,58.71,D
24,13,4,15,13,91,5.3,1,8.2,5,5.87,ECE,2,62.13,C
10,8,5,13,15,87,4.2,1,5.6,10,4.24,ECE,2,47.38,FAIL
15,9,4,19,11,82,4.9,2,6.5,6,5.53,MECH,4,46.18,FAIL
17,10,7,17,14,91,3.9,1,9.2,6,6.35,MECH,1,55.41,D
17,14,7,16,16,92,5.0,0,5.9,4,6.2,ECE,1,61.26,C
10,8,3,16,15,95,3.3,2,7.1,5,5.16,MECH,2,48.13,FAIL
17,7,3,14,17,84,4.5,2,3.1,4,4.61,CSE,2,49.87,FAIL
14,9,4,13,9,72,1.0,1,4.8,8,4.96,MECH,2,41.86,FAIL
11,5,3,11,8,77,2.6,2,7.2,2,4.58,ECE,4,37.41,FAIL
18,11,7,16,19,93,2.6,0,8.8,8,5.46,ECE,2,59.95,D
7,5,3,13,14,62,3.3,3,5.0,3,4.57,MECH,4,30.86,FAIL
9,8,6,10,23,80,2.1,1,7.1,5,5.75,CSE,3,51.11,D
12,10,1,10,7,69,2.9,1,6.4,4,4.46,ECE,4,39.29,FAIL
13,6,2,11,12,75,1.0,3,8.4,4,4.67,ECE,2,36.1,FAIL
15,11,3,15,11,94,5.1,1,5.2,6,5.75,MECH,4,47.61,FAIL
17,12,3,11,19,77,3.8,2,7.6,5,5.7,MECH,2,51.53,D
10,6,3,5,7,75,0.6,1,6.0,4,5.47,CSE,1,30.36,FAIL
15,7,4,14,8,54,2.3,2,7.3,5,4.85,CSE,4,33.71,FAIL
17,11,7,9,16,86,4.7,0,7.1,4,5.79,MECH,2,54.56,D
20,7,4,20,15,84,2.9,2,6.6,4,5.84,MECH,2,54.06,D
9,7,5,14,14,100,2.6,0,7.7,2,5.21,MECH,2,52.09,D
11,11,4,10,14,70,3.9,3,7.1,4,4.76,MECH,3,37.94,FAIL
10,6,3,8,16,78,4.7,1,6.8,6,4.59,CSE,3,41.27,FAIL
12,6,3,5,11,78,1.1,2,6.5,5,3.52,MECH,1,31.98,FAIL
21,7,8,13,15,98,5.1,0,7.1,9,5.84,MECH,1,57.87,D
12,7,4,13,10,73,2.4,4,7.3,10,5.22,ECE,4,30.5,FAIL
16,11,7,18,15,79,4.0,2,5.5,4,5.51,ECE,3,54.82,D
19,11,5,10,16,84,3.9,1,6.5,3,5.71,CSE,1,55.52,D
13,10,3,14,14,77,2.9,3,5.4,7,4.81,CSE,1,42.65,FAIL
14,7,5,6,11,68,2.0,3,6.9,6,4.73,ECE,3,33.26,FAIL
8,7,6,11,9,77,3.4,1,6.1,7,5.75,MECH,3,35.99,FAIL
22,13,5,19,20,91,7.3,0,8.2,6,6.72,MECH,2,70.36,B
9,6,4,7,9,59,1.3,2,8.0,5,4.36,CSE,1,29.69,FAIL
24,7,5,21,16,76,7.4,1,5.6,5,6.08,CSE,2,59.99,D
10,8,2,15,13,64,3.5,1,7.0,6,5.44,ECE,3,37.14,FAIL
17,13,3,17,12,92,4.1,3,8.0,5,5.99,ECE,4,52.59,D
12,9,3,8,10,52,1.8,1,6.7,7,4.44,CSE,2,35.16,FAIL
5,10,5,10,13,66,2.5,3,5.9,2,5.21,ECE,4,32.73,FAIL
17,8,5,10,14,80,3.0,4,5.4,7,4.08,MECH,3,38.87,FAIL
16,7,3,15,8,98,1.9,2,8.3,1,5.15,CSE,2,45.36,FAIL
9,10,3,15,9,74,3.6,1,8.4,5,5.66,CSE,4,41.69,FAIL
12,8,2,9,10,66,3.2,2,6.7,4,4.45,MECH,4,32.75,FAIL
18,11,4,15,16,100,7.7,2,8.1,2,5.88,MECH,1,60.02,C
8,7,1,4,3,53,1.7,0,2.6,1,3.39,MECH,2,23.36,FAIL
9,8,0,18,9,42,4.2,2,9.0,3,4.73,CSE,3,34.96,FAIL
14,8,1,12,11,81,4.5,1,6.8,5,5.56,ECE,2,39.58,FAIL
15,6,0,7,8,67,1.9,1,7.2,4,5.13,ECE,4,31.12,FAIL
16,7,2,6,14,59,5.4,2,6.5,3,5.64,ECE,3,39.0,FAIL
13,9,6,11,12,85,3.2,1,9.1,8,5.03,MECH,1,45.46,FAIL
12,9,9,13,8,78,0.0,3,5.4,3,4.87,ECE,4,45.05,FAIL
14,8,7,14,16,66,5.3,2,9.2,6,5.74,CSE,4,44.84,FAIL
8,5,4,10,9,55,1.8,2,7.6,3,5.03,MECH,3,31.39,FAIL
13,10,3,15,17,88,1.9,1,7.9,3,5.2,CSE,3,55.39,D
13,13,4,17,10,84,5.4,0,6.5,4,5.77,ECE,3,54.65,D
8,11,3,8,13,73,3.3,2,5.0,6,3.8,ECE,1,35.11,FAIL
10,14,9,18,17,100,5.8,2,8.4,2,6.37,MECH,4,58.81,D
11,8,2,13,12,58,6.4,0,7.5,6,4.82,MECH,3,38.19,FAIL
15,6,4,10,12,52,2.7,1,9.0,3,5.74,ECE,1,40.35,FAIL
16,10,4,17,13,64,5.6,3,6.7,3,4.87,ECE,4,43.55,FAIL
14,8,4,10,13,74,2.5,2,6.4,6,4.89,ECE,3,38.28,FAIL
12,10,2,14,19,78,8.5,2,9.1,9,5.43,MECH,4,45.31,FAIL
12,12,3,11,12,71,2.6,1,9.9,3,5.16,MECH,4,42.08,FAIL
12,13,3,18,19,80,6.1,2,7.0,6,5.65,CSE,3,50.85,D
18,9,7,15,11,56,5.7,2,5.9,4,4.81,CSE,1,44.07,FAIL
16,11,6,21,18,96,4.6,1,8.2,4,6.86,ECE,2,60.23,C
9,7,5,13,10,73,2.7,1,6.6,7,3.78,CSE,1,39.89,FAIL
18,7,4,15,10,91,3.7,0,7.9,3,6.1,ECE,2,53.72,D
12,10,3,15,9,80,0.0,1,6.6,3,4.92,MECH,3,45.57,FAIL
18,12,8,15,19,81,4.4,2,9.3,6,5.5,CSE,1,59.79,D
11,8,6,14,11,83,4.7,0,6.0,8,5.2,MECH,4,48.1,FAIL
15,8,5,13,17,81,4.3,1,7.7,6,5.84,MECH,4,52.59,D
14,10,6,12,6,84,0.0,1,6.3,2,5.25,CSE,3,47.58,FAIL
7,9,7,13,13,94,1.5,0,6.6,4,5.84,ECE,2,49.39,FAIL
10,10,6,14,14,77,2.5,1,6.4,7,4.83,ECE,3,45.52,FAIL
12,7,6,13,13,85,4.6,2,8.1,8,4.78,MECH,1,45.68,FAIL
14,8,6,15,15,73,4.6,2,8.4,5,5.34,ECE,3,47.83,FAIL
15,12,5,18,9,96,3.7,1,7.8,4,6.35,MECH,2,53.02,D
13,7,4,12,9,64,5.3,2,6.8,8,4.63,MECH,1,36.39,FAIL
13,8,5,12,12,100,1.9,2,7.2,5,4.92,ECE,4,49.75,FAIL
18,9,5,12,12,74,5.2,2,8.3,4,5.88,ECE,2,45.38,FAIL
19,10,5,12,12,53,4.9,2,8.4,3,5.4,ECE,4,46.39,FAIL
9,10,4,14,8,76,4.8,2,3.0,3,4.74,CSE,1,38.25,FAIL
11,8,0,7,10,64,3.6,2,6.6,10,4.29,CSE,3,27.63,FAIL
19,9,6,11,22,87,7.7,5,6.7,8,5.49,MECH,2,50.63,D
11,11,4,13,12,65,5.0,0,8.0,4,5.33,CSE,2,43.0,FAIL
12,8,4,9,7,68,2.1,1,6.9,8,4.84,CSE,4,31.55,FAIL
10,9,7,14,14,46,4.5,3,8.1,6,4.5,CSE,4,38.2,FAIL
11,6,5,18,12,68,5.5,2,5.4,6,5.34,ECE,4,43.53,FAIL
6,8,2,6,5,38,2.8,3,7.4,4,4.2,ECE,2,14.65,FAIL
7,8,5,9,13,51,6.2,2,8.4,4,6.07,CSE,1,33.43,FAIL
16,9,5,17,14,86,4.8,1,4.8,5,6.15,ECE,4,52.57,D
13,9,6,13,13,86,0.0,3,10.8,1,5.28,ECE,3,45.83,FAIL
11,5,3,15,14,81,4.6,1,8.8,4,5.07,CSE,2,43.6,FAIL
11,9,3,15,14,60,3.2,3,7.0,5,5.3,MECH,3,36.38,FAIL
9,8,3,12,14,74,5.1,2,5.8,8,5.02,ECE,1,37.48,FAIL
16,13,2,14,22,74,5.9,0,6.7,4,5.78,CSE,2,58.07,D
10,8,3,14,9,57,4.4,2,7.1,7,4.39,ECE,2,31.52,FAIL
20,10,8,19,14,97,7.3,0,7.7,1,6.47,ECE,1,68.14,C
13,8,3,20,11,88,3.6,1,9.3,7,5.27,ECE,4,50.02,D
11,4,2,15,17,71,5.2,0,6.3,3,5.57,MECH,4,47.9,FAIL
12,14,3,14,8,75,5.6,0,7.8,5,4.87,CSE,2,44.87,FAIL
17,3,4,16,16,78,3.8,2,5.1,6,4.89,MECH,1,45.35,FAIL
17,6,2,17,17,44,5.6,2,6.4,5,4.09,ECE,1,39.6,FAIL
7,9,4,14,16,71,2.8,4,7.6,5,4.78,MECH,4,34.29,FAIL
15,11,4,11,11,64,3.2,1,8.0,3,5.14,CSE,4,43.09,FAIL
8,11,3,9,13,59,1.4,3,5.9,3,4.91,CSE,4,31.23,FAIL
11,8,4,14,16,70,4.5,4,6.3,7,5.21,ECE,1,38.86,FAIL
18,12,8,14,16,100,4.7,0,9.2,4,6.48,MECH,1,62.81,C
16,9,5,17,11,84,6.4,0,8.7,5,5.12,CSE,2,55.08,D
13,7,3,16,15,66,5.6,1,7.3,2,6.19,ECE,4,45.85,FAIL
14,6,5,14,15,83,3.4,3,3.6,7,4.44,MECH,4,46.01,FAIL
18,6,4,9,18,95,1.6,2,10.8,2,5.72,MECH,2,51.55,D
17,10,5,19,15,88,4.9,1,7.0,7,5.52,MECH,4,57.35,D
12,9,6,11,14,75,6.2,0,6.5,3,5.48,CSE,1,50.45,D
12,8,6,9,13,65,5.5,2,6.2,7,5.1,MECH,4,34.93,FAIL
19,12,3,10,22,85,6.2,1,7.6,5,6.01,ECE,4,56.84,D
18,9,7,11,14,80,3.6,0,7.6,4,5.04,ECE,2,55.41,D
10,10,4,14,16,88,3.1,2,8.4,8,5.1,CSE,4,48.36,FAIL
14,12,4,13,16,84,2.5,4,5.6,5,4.99,CSE,2,46.56,FAIL
18,9,3,18,15,90,3.9,0,6.5,4,6.03,MECH,3,58.98,D
8,4,5,16,10,66,3.8,1,10.0,7,4.89,CSE,4,37.9,FAIL
18,9,3,20,16,94,4.4,2,7.3,2,5.73,ECE,4,56.45,D
20,8,5,12,11,77,3.7,2,6.7,1,5.09,ECE,2,48.49,FAIL
16,10,7,14,13,100,3.7,5,5.6,7,4.87,CSE,1,43.86,FAIL
13,9,3,10,5,64,2.4,3,7.8,3,4.4,MECH,1,30.58,FAIL
14,8,7,15,19,100,5.9,0,8.5,7,5.54,MECH,1,57.4,D
14,7,5,21,12,77,4.2,1,8.3,5,6.21,MECH,1,50.85,D
11,11,2,14,17,65,3.7,2,6.6,3,5.47,ECE,4,47.15,FAIL
10,9,4,14,10,67,2.5,0,7.5,6,5.46,MECH,1,38.96,FAIL
10,8,3,13,7,70,1.3,0,9.5,4,4.65,CSE,3,41.55,FAIL
15,10,6,18,9,81,6.6,2,8.6,3,5.04,MECH,2,51.62,D
12,10,4,14,8,82,5.1,1,5.8,3,5.74,MECH,2,45.84,FAIL
11,7,4,14,17,66,0.8,1,3.2,2,5.47,ECE,2,42.76,FAIL
15,8,3,15,16,74,5.5,1,7.4,6,5.09,ECE,2,50.4,D
11,10,6,12,18,100,5.8,1,8.2,3,6.3,MECH,4,57.39,D
17,14,4,13,18,100,4.2,1,5.4,5,4.78,CSE,3,58.3,D
16,14,5,15,13,81,7.2,3,7.0,5,5.74,MECH,1,47.36,FAIL
14,11,4,17,11,75,4.4,1,6.6,3,5.36,CSE,4,52.07,D
14,7,3,21,11,76,1.2,3,7.2,2,4.15,MECH,4,42.73,FAIL
16,10,4,12,11,84,4.7,1,6.2,10,4.37,CSE,2,46.54,FAIL
13,5,3,10,15,59,4.5,2,8.9,5,4.59,ECE,1,38.9,FAIL
11,9,2,12,20,71,2.8,1,7.2,9,3.8,CSE,2,43.27,FAIL
11,6,1,5,14,49,5.1,3,5.7,7,4.15,ECE,3,24.16,FAIL
11,8,3,7,14,80,0.7,2,8.4,4,5.39,CSE,3,37.26,FAIL
12,10,4,14,15,84,6.0,2,5.1,5,5.14,MECH,2,46.71,FAIL
14,8,0,11,18,67,2.2,2,8.9,5,5.6,MECH,1,39.66,FAIL
15,11,4,17,14,98,2.0,1,8.5,9,4.99,MECH,2,56.52,D
12,11,7,11,14,56,3.8,2,9.1,7,4.98,ECE,2,39.09,FAIL
8,10,5,9,9,53,4.9,4,6.8,3,5.29,MECH,4,31.31,FAIL
7,10,4,12,13,78,4.3,2,6.3,6,5.9,MECH,3,36.92,FAIL
13,6,3,17,15,90,2.5,4,7.1,7,4.78,MECH,1,39.53,FAIL
10,10,2,13,19,100,3.0,1,6.9,3,5.98,ECE,4,50.42,D
11,7,4,9,10,68,1.7,3,6.0,6,4.11,CSE,3,29.6,FAIL
21,12,5,14,17,91,3.6,2,6.2,8,5.95,MECH,2,53.81,D
15,8,2,12,11,74,6.2,2,6.5,3,5.08,ECE,3,39.41,FAIL
12,7,6,14,15,72,4.0,2,5.2,4,5.26,ECE,1,41.91,FAIL
13,11,6,22,20,88,5.7,1,8.0,7,6.36,MECH,2,62.38,C
13,12,4,17,15,84,6.9,2,6.9,4,5.25,MECH,2,50.42,D
11,8,3,14,11,51,2.8,3,6.5,3,5.03,MECH,4,36.43,FAIL
17,11,5,11,12,97,3.6,1,5.3,7,4.73,ECE,2,51.32,D
19,10,7,20,18,95,8.3,3,5.3,6,7.05,CSE,1,58.43,D
12,10,2,17,17,65,6.9,0,9.9,5,4.72,ECE,2,51.45,D
12,4,4,10,9,80,0.7,0,6.1,7,3.85,ECE,1,38.25,FAIL
18,14,4,13,13,82,4.8,1,7.9,7,4.78,MECH,1,53.2,D
14,11,6,15,10,78,4.0,3,7.2,5,4.76,ECE,4,43.38,FAIL
13,9,5,17,13,66,5.7,1,2.8,9,4.69,CSE,1,41.87,FAIL
8,5,4,16,16,64,2.5,2,9.7,8,5.68,ECE,2,37.85,FAIL
10,6,6,10,11,74,2.3,1,8.0,1,6.06,ECE,3,39.75,FAIL
10,13,2,15,12,92,2.6,1,5.8,3,5.58,MECH,3,49.68,FAIL
13,7,4,12,19,83,2.9,1,7.0,1,5.62,CSE,4,48.06,FAIL
11,10,3,12,12,69,5.6,0,5.3,4,4.92,ECE,4,41.85,FAIL
13,13,4,10,17,86,1.6,1,9.7,3,5.81,MECH,2,53.32,D
6,6,2,8,7,32,2.8,1,5.6,3,4.15,CSE,4,23.74,FAIL
10,6,2,10,10,92,0.4,1,6.2,7,4.91,MECH,1,35.35,FAIL
6,4,5,11,19,48,6.0,4,5.9,1,4.85,ECE,2,30.41,FAIL
14,10,5,15,13,69,6.5,3,7.1,5,4.82,ECE,3,46.3,FAIL
14,5,3,13,14,58,3.3,1,9.1,5,5.0,ECE,4,38.78,FAIL
12,8,0,14,11,55,3.4,1,9.7,5,5.01,ECE,1,33.67,FAIL
16,8,4,13,14,92,4.9,0,6.4,5,5.3,ECE,2,51.67,D
16,8,4,9,18,67,6.9,2,7.6,1,5.5,MECH,4,44.33,FAIL
16,9,7,20,14,80,4.8,3,7.1,3,5.9,CSE,1,53.59,D
15,7,3,14,9,74,2.6,3,5.5,8,4.79,MECH,4,34.34,FAIL
18,8,6,16,14,82,0.8,0,10.6,3,6.44,ECE,3,58.9,D
18,9,3,15,13,76,1.8,0,9.0,8,5.54,CSE,4,47.86,FAIL
5,9,4,12,10,55,4.1,4,7.3,2,4.56,ECE,1,26.43,FAIL
16,9,6,18,13,89,2.7,0,9.4,2,5.78,ECE,2,57.62,D
9,9,5,10,9,67,4.4,2,8.8,3,4.8,ECE,3,36.0,FAIL
13,4,1,11,7,51,2.9,0,7.1,7,3.49,MECH,2,31.47,FAIL
14,6,4,14,9,68,1.9,2,7.5,4,6.05,CSE,2,35.97,FAIL
16,11,6,16,12,97,1.6,0,9.3,6,6.22,CSE,2,57.94,D
16,12,2,14,18,87,7.1,2,5.6,5,5.39,MECH,1,52.83,D
16,6,6,16,18,69,5.8,0,9.5,5,6.19,ECE,4,51.42,D
20,10,3,15,15,69,7.5,0,6.7,8,5.89,CSE,3,50.4,D
16,9,2,15,8,70,5.1,2,9.3,7,4.31,ECE,4,37.13,FAIL
21,11,4,15,15,100,3.1,0,7.0,3,6.22,ECE,4,61.71,C
15,9,4,12,19,80,6.6,0,7.5,4,5.55,CSE,2,54.14,D
7,9,4,15,15,81,3.9,0,6.9,8,5.21,ECE,2,47.55,FAIL
19,13,6,23,13,90,4.4,0,6.2,6,6.89,CSE,1,61.62,C
12,8,5,16,18,78,3.9,3,6.6,2,6.31,CSE,1,46.44,FAIL
10,11,2,11,10,71,0.0,1,9.1,2,5.07,MECH,1,37.66,FAIL
15,7,7,20,13,72,7.2,2,3.5,7,5.71,MECH,2,46.72,FAIL
12,10,4,13,13,73,5.0,1,5.1,6,4.05,MECH,4,41.82,FAIL
16,9,6,14,14,74,4.7,0,5.9,3,5.61,ECE,4,51.03,D
11,8,1,19,19,85,3.9,2,5.4,6,5.4,CSE,2,50.86,D
16,5,5,12,16,75,4.3,0,9.3,8,5.54,MECH,3,46.26,FAIL
12,11,3,12,13,85,2.8,2,8.9,8,4.9,CSE,4,45.38,FAIL
22,7,5,15,16,73,5.2,0,7.9,8,5.31,CSE,4,56.07,D
8,8,6,21,10,76,1.4,2,6.0,6,5.13,CSE,2,42.63,FAIL
10,7,1,7,14,45,4.4,3,9.0,5,3.69,MECH,1,27.41,FAIL
17,14,6,11,16,88,5.1,3,4.6,4,5.32,MECH,4,51.91,D
12,8,3,14,20,80,3.6,1,10.2,5,5.12,CSE,4,51.41,D
14,10,2,20,14,89,4.7,1,6.0,3,6.02,CSE,2,51.42,D
13,7,4,12,3,31,2.0,0,6.6,4,4.83,MECH,3,30.23,FAIL
16,9,7,11,13,100,2.1,2,6.4,8,4.79,CSE,4,48.04,FAIL
10,7,7,9,6,72,4.5,4,5.4,2,4.81,CSE,1,34.03,FAIL
12,14,6,15,23,91,5.4,1,9.9,2,6.35,MECH,3,63.12,C
11,5,0,9,9,59,0.3,3,8.2,7,3.76,MECH,4,26.16,FAIL
16,11,4,16,11,84,5.0,2,8.8,4,5.68,MECH,4,51.75,D
13,7,3,11,10,59,2.9,2,5.2,1,4.8,ECE,3,37.06,FAIL
12,7,6,12,8,65,3.6,2,7.3,5,5.28,CSE,4,35.76,FAIL
17,12,4,14,12,100,1.3,0,7.8,5,5.6,ECE,4,57.07,D
17,9,1,14,17,72,2.3,2,7.4,4,5.15,CSE,4,45.88,FAIL
20,6,6,17,17,78,5.9,0,5.3,6,6.05,ECE,1,54.15,D
13,11,5,17,17,88,4.1,2,8.6,2,6.07,CSE,2,57.23,D
21,7,5,14,14,82,3.2,0,7.2,5,5.06,CSE,2,52.48,D
15,5,4,7,13,77,3.8,3,5.6,5,4.93,ECE,2,36.67,FAIL
9,11,5,13,9,80,5.0,3,4.2,5,4.77,ECE,2,36.72,FAIL
17,9,5,14,17,100,4.9,2,7.9,2,5.69,ECE,4,55.42,D
13,9,4,18,20,74,3.8,0,10.7,4,4.94,CSE,3,56.48,D
15,12,3,12,18,78,6.2,2,5.5,5,5.95,CSE,4,47.54,FAIL
15,9,5,9,16,90,5.9,3,7.3,6,5.32,CSE,4,44.18,FAIL
17,10,4,18,14,91,4.8,2,8.7,9,5.56,MECH,4,50.6,D
16,8,5,15,12,92,4.1,4,5.1,7,5.03,MECH,4,47.08,FAIL
13,12,3,15,25,84,5.3,0,6.3,6,5.37,CSE,2,59.58,D
11,8,6,14,15,57,4.6,2,5.7,8,5.08,ECE,2,40.34,FAIL
15,12,6,17,17,99,6.1,1,8.5,4,6.29,CSE,1,59.83,D
11,11,5,11,11,57,5.8,0,9.0,8,4.52,MECH,4,37.74,FAIL
15,4,4,12,9,79,2.0,2,7.2,7,4.58,CSE,2,35.7,FAIL
15,6,4,8,16,63,1.8,2,5.7,4,5.11,MECH,4,38.45,FAIL
11,8,0,17,13,74,2.6,0,6.3,9,4.78,ECE,4,43.52,FAIL
19,10,5,13,17,79,6.0,2,6.1,6,5.81,CSE,2,48.66,FAIL
12,8,2,7,7,79,0.8,0,5.5,9,4.24,MECH,3,33.46,FAIL
13,11,3,14,15,81,4.8,2,6.8,6,4.61,ECE,1,48.13,FAIL
22,9,7,14,16,99,4.7,2,7.9,4,6.21,ECE,4,59.94,D
17,10,3,19,17,81,6.3,0,7.7,3,6.03,CSE,1,58.52,D
13,11,5,8,13,71,4.4,1,7.0,4,5.41,ECE,3,42.47,FAIL
15,9,4,7,12,89,1.3,1,7.1,4,4.57,MECH,3,43.5,FAIL
9,5,6,12,14,92,2.1,2,6.9,8,4.68,CSE,3,43.44,FAIL
9,2,0,10,6,56,1.6,1,5.1,5,3.87,CSE,3,21.84,FAIL
15,8,5,12,11,83,2.9,0,7.2,2,5.77,ECE,2,47.8,FAIL
16,10,5,13,9,85,3.6,1,6.1,5,5.49,CSE,4,46.13,FAIL
12,8,3,16,12,70,1.7,3,5.0,5,4.6,MECH,3,38.28,FAIL
14,10,8,16,19,95,6.9,0,7.6,4,6.62,MECH,1,62.81,C
10,9,1,8,10,72,1.3,0,6.1,6,5.38,CSE,1,39.49,FAIL
14,11,5,15,11,76,6.7,0,7.3,5,5.78,CSE,4,50.92,D
16,8,6,12,15,72,6.4,0,8.3,6,5.81,ECE,2,51.93,D
10,8,2,15,16,75,5.8,0,5.6,6,4.92,MECH,3,47.03,FAIL
15,3,4,12,5,58,2.6,1,7.1,6,4.25,ECE,3,33.18,FAIL
13,6,4,12,11,53,4.7,0,4.3,2,5.39,MECH,4,39.99,FAIL
14,5,1,14,16,98,1.4,1,9.3,9,4.75,MECH,2,47.63,FAIL
13,6,6,11,12,62,5.8,0,5.0,2,5.62,CSE,2,43.69,FAIL
9,12,3,16,11,60,3.9,0,6.2,5,5.67,CSE,2,42.94,FAIL
11,6,6,9,13,42,3.2,1,9.0,3,5.18,CSE,3,36.54,FAIL
13,3,4,16,10,65,1.6,2,6.6,6,4.53,CSE,3,34.69,FAIL
8,6,3,7,9,55,0.0,2,5.2,5,3.45,CSE,1,26.02,FAIL
18,10,6,13,17,99,1.9,1,8.1,5,5.62,CSE,4,59.07,D
16,11,6,16,21,90,6.2,1,8.0,8,6.09,ECE,2,60.54,C
13,6,1,13,15,64,3.2,2,6.1,7,4.51,CSE,2,38.97,FAIL
16,12,2,20,22,100,3.7,2,6.2,4,6.19,MECH,2,63.38,C
16,8,5,16,21,89,5.3,2,6.3,7,5.58,CSE,2,54.64,D
17,11,3,21,16,70,7.6,0,6.7,8,5.37,CSE,3,54.99,D
7,9,6,8,11,37,6.7,2,4.2,7,4.14,CSE,1,29.7,FAIL
15,9,3,13,13,100,2.1,2,6.7,5,4.7,CSE,4,48.9,FAIL
13,3,3,6,8,54,0.1,1,9.7,2,4.65,MECH,1,32.01,FAIL
20,10,5,12,8,50,8.7,2,5.7,6,4.85,MECH,4,37.97,FAIL
18,10,9,15,16,90,8.5,1,6.1,6,6.17,CSE,3,57.06,D
9,11,7,11,19,100,4.4,0,5.2,3,5.76,MECH,3,57.12,D
9,11,4,17,12,95,1.5,1,7.9,5,5.93,ECE,2,50.66,D
13,9,6,17,20,83,5.9,2,8.8,5,5.93,MECH,2,53.25,D
17,13,5,12,13,83,3.8,1,8.8,8,4.98,ECE,4,51.51,D
19,8,5,14,16,87,3.8,0,5.1,9,4.43,MECH,2,51.27,D
13,8,3,13,18,86,5.8,2,7.7,7,5.22,MECH,3,44.95,FAIL
15,11,8,14,13,79,4.7,3,9.2,5,5.66,CSE,4,48.28,FAIL
4,11,2,13,17,76,1.6,3,7.8,7,4.62,CSE,3,37.51,FAIL
14,4,5,12,18,74,3.4,1,7.7,6,4.53,CSE,3,43.72,FAIL
14,6,3,14,15,63,5.3,1,6.3,5,5.57,MECH,1,45.72,FAIL
12,7,5,7,6,70,5.0,2,7.3,9,4.95,MECH,2,27.57,FAIL
9,12,3,14,9,49,4.5,2,8.9,4,5.18,MECH,4,35.05,FAIL
12,8,2,17,9,73,5.9,2,7.5,6,4.94,CSE,4,39.06,FAIL
6,10,0,13,10,60,3.3,1,5.1,7,3.9,ECE,4,33.71,FAIL
9,8,5,10,10,58,4.4,3,6.3,4,4.86,CSE,1,30.39,FAIL
6,4,2,13,11,77,0.0,3,8.8,6,3.82,MECH,2,29.19,FAIL
12,12,5,16,11,95,3.1,1,7.5,7,5.74,MECH,3,49.01,FAIL
11,10,7,12,8,88,5.5,0,7.2,5,5.33,ECE,4,46.78,FAIL
12,5,4,9,13,51,3.2,2,6.2,6,4.31,CSE,1,33.79,FAIL
9,7,0,12,15,60,3.1,1,8.8,5,5.18,MECH,4,37.26,FAIL
13,7,2,6,6,89,1.9,2,9.5,7,5.16,MECH,1,32.81,FAIL
9,7,1,13,11,60,6.0,1,8.9,5,4.76,MECH,3,37.51,FAIL
12,11,3,12,14,71,5.1,0,9.2,4,6.34,MECH,4,49.22,FAIL
10,7,4,11,12,83,5.7,3,6.5,5,4.75,CSE,3,37.82,FAIL
11,5,6,8,12,60,0.5,2,6.2,7,3.08,MECH,2,34.34,FAIL
14,10,6,13,15,76,3.7,0,6.8,2,5.91,ECE,4,50.42,D
8,7,4,7,5,54,3.4,2,7.1,3,4.21,ECE,2,28.47,FAIL
10,5,5,13,15,65,3.4,2,9.1,10,5.29,ECE,4,38.42,FAIL
9,10,5,11,14,79,2.8,1,8.7,6,5.41,ECE,3,43.01,FAIL
9,5,1,9,11,51,3.3,4,7.8,4,4.96,CSE,4,26.27,FAIL
9,8,2,17,16,81,5.7,1,4.9,7,4.85,CSE,2,43.29,FAIL
9,6,4,11,5,74,0.2,4,4.5,3,4.25,CSE,1,27.24,FAIL
14,11,5,17,16,83,7.6,1,7.4,1,6.06,CSE,4,57.51,D
11,9,5,18,15,78,5.0,2,8.3,6,4.98,MECH,3,49.63,FAIL
20,12,7,15,14,95,3.9,1,6.9,4,6.29,CSE,3,58.58,D
14,9,3,12,13,76,5.8,4,9.9,5,5.38,CSE,3,41.36,FAIL
11,5,3,9,10,68,1.1,1,5.4,6,4.7,CSE,4,35.32,FAIL
17,11,4,19,16,76,2.7,0,5.2,5,5.39,MECH,3,59.98,D
9,8,2,13,10,83,3.8,3,6.0,2,5.09,MECH,3,36.89,FAIL
14,9,2,12,14,75,6.7,0,5.9,5,5.64,ECE,2,48.3,FAIL
8,6,6,13,11,75,3.9,3,7.8,6,4.73,ECE,2,35.15,FAIL
13,7,4,11,17,64,4.9,0,6.4,2,5.25,CSE,3,49.13,FAIL
13,10,3,10,12,65,2.8,2,4.7,2,4.69,CSE,1,37.92,FAIL
5,5,4,17,12,53,5.0,2,8.3,3,4.89,MECH,4,36.47,FAIL
20,9,3,17,11,100,7.4,1,4.4,6,5.83,ECE,2,54.45,D
13,7,3,8,8,56,6.0,3,5.4,1,4.71,MECH,4,33.49,FAIL
12,9,3,11,14,64,3.8,2,4.6,7,4.99,ECE,3,35.14,FAIL
8,6,4,7,12,64,5.4,1,7.3,6,4.54,MECH,2,34.41,FAIL
17,6,1,12,16,88,5.2,1,7.3,4,5.11,CSE,2,49.09,FAIL
19,7,3,17,17,70,5.0,0,9.9,2,5.7,ECE,4,57.41,D
15,10,4,14,20,93,6.2,1,8.4,3,6.0,CSE,3,54.85,D
13,7,4,22,11,64,6.2,1,9.2,7,5.47,MECH,4,46.6,FAIL
13,13,6,5,18,79,3.7,1,7.4,8,5.04,ECE,3,49.11,FAIL
11,12,2,10,13,62,5.3,4,5.5,3,4.35,CSE,2,37.41,FAIL
15,13,9,16,17,100,3.2,1,7.2,7,5.92,CSE,2,59.36,D
14,8,4,11,5,57,2.2,3,7.9,6,4.46,CSE,4,30.46,FAIL
14,10,4,15,16,79,3.5,4,8.1,5,5.45,CSE,3,47.01,FAIL
17,13,6,15,13,84,3.8,2,6.3,4,6.5,ECE,3,55.44,D
19,9,5,17,14,81,0.7,0,7.7,4,5.73,CSE,1,57.85,D
18,7,4,10,19,72,5.7,3,5.6,9,4.92,ECE,4,42.13,FAIL
6,10,5,9,11,73,0.0,1,5.4,5,3.82,ECE,1,38.48,FAIL
20,11,3,11,15,75,9.4,1,5.3,8,4.75,ECE,3,48.06,FAIL
20,13,6,14,17,72,7.0,4,7.0,5,6.12,MECH,2,51.7,D
18,13,4,13,12,89,3.5,1,5.2,4,5.15,MECH,1,55.26,D
13,6,5,17,11,100,4.0,2,6.4,6,5.45,MECH,2,44.72,FAIL
12,6,4,9,13,66,4.6,1,8.4,9,4.27,CSE,3,37.33,FAIL
10,7,3,10,11,54,2.8,1,5.5,4,4.81,CSE,1,32.41,FAIL
14,10,7,14,18,73,4.4,1,6.2,7,5.52,CSE,3,50.34,D
22,13,4,17,14,100,3.7,3,7.1,5,6.44,CSE,1,57.77,D
13,8,3,9,8,62,3.8,1,7.4,2,5.05,ECE,1,39.65,FAIL
11,13,5,17,19,99,4.4,0,6.3,2,6.28,ECE,4,59.16,D
13,11,6,18,12,100,1.4,0,8.2,4,5.54,CSE,3,59.65,D
11,10,4,17,9,66,4.1,0,7.9,6,5.47,MECH,2,46.39,FAIL
20,9,4,13,12,83,4.3,1,8.7,7,5.38,MECH,2,48.22,FAIL
13,11,4,17,12,99,4.3,0,6.9,2,5.6,ECE,1,55.31,D
12,9,3,13,9,69,3.6,1,6.2,6,5.52,CSE,4,41.57,FAIL
13,11,6,17,16,71,6.3,0,6.0,5,5.37,ECE,3,54.56,D
17,5,4,14,14,66,3.3,1,7.5,5,4.81,ECE,3,47.06,FAIL
15,9,4,9,11,59,4.5,1,6.4,6,4.88,CSE,4,38.87,FAIL
14,5,3,12,18,65,6.6,4,6.1,8,4.58,ECE,3,34.04,FAIL
12,6,5,10,11,56,3.8,1,6.3,6,4.85,CSE,1,37.8,FAIL
14,10,6,13,16,75,4.4,0,6.0,2,5.36,CSE,4,52.91,D
12,6,2,8,7,63,3.8,3,7.3,5,4.58,CSE,3,26.13,FAIL
22,11,4,16,13,78,6.5,1,4.9,7,6.36,CSE,1,52.4,D
6,5,2,9,13,51,3.5,3,7.5,7,4.01,MECH,2,26.17,FAIL
7,11,6,15,19,79,6.6,1,8.0,6,5.8,CSE,2,50.37,D
16,10,3,15,14,87,3.8,1,6.1,4,5.47,CSE,1,53.39,D
14,6,2,5,12,45,2.3,1,9.9,2,4.46,MECH,3,32.52,FAIL
15,11,3,17,15,80,5.4,1,7.0,6,5.22,CSE,3,54.52,D
8,10,7,16,15,93,3.4,1,4.7,3,4.79,ECE,3,49.74,FAIL
16,10,3,18,11,56,5.2,1,6.6,6,5.88,CSE,4,45.41,FAIL
10,11,6,13,21,100,0.0,2,7.1,6,4.98,ECE,2,55.99,D
10,12,4,15,24,81,4.0,1,7.7,4,5.4,MECH,3,53.13,D
10,7,3,16,11,64,3.1,2,6.6,5,5.81,MECH,1,38.93,FAIL
6,9,5,9,11,74,1.9,2,5.5,5,4.35,MECH,4,33.2,FAIL
15,10,4,16,17,83,2.9,2,5.4,4,5.81,MECH,4,54.69,D
12,11,6,11,16,76,2.9,1,6.0,2,5.58,ECE,4,50.03,D
8,6,3,14,11,83,3.9,0,6.2,5,4.28,CSE,3,41.64,FAIL
17,5,2,11,12,61,1.3,2,5.3,5,4.23,CSE,1,34.56,FAIL
12,9,4,11,13,77,4.6,3,5.9,8,5.14,CSE,3,40.34,FAIL
14,12,6,15,10,53,6.7,2,8.0,3,5.43,ECE,4,42.06,FAIL
18,8,5,12,13,73,4.6,1,9.5,7,5.3,MECH,2,47.0,FAIL
15,8,3,13,14,61,5.6,1,8.1,3,5.14,MECH,1,45.1,FAIL
19,8,2,16,15,63,6.2,2,9.0,2,5.39,CSE,2,48.24,FAIL
14,12,5,20,14,93,6.5,5,8.5,4,5.97,CSE,3,48.04,FAIL
22,14,5,20,18,91,7.7,0,8.2,3,7.3,MECH,1,66.94,C
15,8,1,13,16,84,3.0,0,6.5,2,5.05,ECE,2,50.06,D
13,4,5,12,12,58,2.6,4,7.2,9,4.07,CSE,2,27.47,FAIL
16,11,2,13,14,70,5.6,1,6.4,4,5.35,CSE,3,48.43,FAIL
12,10,2,17,14,93,5.4,2,6.7,10,4.48,MECH,2,46.86,FAIL
23,9,4,13,19,77,5.6,2,7.1,3,5.86,ECE,3,58.2,D
11,13,5,17,21,100,7.8,2,8.1,2,5.94,CSE,2,57.93,D
10,10,3,10,11,80,4.0,2,7.6,8,4.54,CSE,3,38.63,FAIL
15,11,4,13,5,77,4.9,1,6.8,4,4.87,CSE,3,43.48,FAIL
11,9,3,15,6,70,2.0,2,7.1,5,4.05,ECE,4,35.53,FAIL
18,11,9,22,13,77,8.3,1,7.7,2,6.77,MECH,2,60.94,C
15,7,4,18,13,72,3.3,2,8.0,5,5.43,MECH,2,48.26,FAIL
12,14,3,13,16,85,3.4,0,4.7,2,5.87,CSE,2,54.01,D
17,9,5,23,17,89,3.3,1,5.4,5,5.65,ECE,1,59.9,D
11,4,4,15,9,63,2.7,1,8.7,4,4.99,CSE,4,39.24,FAIL
15,5,3,14,9,55,2.5,2,6.9,5,4.59,MECH,3,34.31,FAIL
10,3,1,11,10,47,3.0,1,6.4,6,4.86,ECE,4,26.67,FAIL
15,11,7,9,13,82,1.3,0,6.6,5,5.79,MECH,4,49.02,FAIL
12,10,1,8,8,58,2.4,0,6.6,6,3.9,ECE,1,35.73,FAIL
17,10,6,13,22,42,7.9,2,7.8,5,6.39,ECE,3,49.5,FAIL
14,6,6,13,15,80,5.5,1,5.3,4,4.78,ECE,4,49.62,FAIL
15,13,5,15,13,100,5.9,1,7.0,6,5.6,ECE,2,56.5,D
12,11,6,15,15,74,6.4,1,7.4,5,5.57,ECE,3,48.53,FAIL
18,13,7,18,15,87,7.7,0,7.6,5,6.05,MECH,2,60.73,C
7,10,2,13,12,76,0.5,1,7.3,6,5.7,MECH,4,39.6,FAIL
14,6,6,12,10,73,1.5,2,7.8,3,5.65,ECE,1,38.69,FAIL
15,10,5,13,11,88,2.4,2,6.1,8,5.1,CSE,1,45.2,FAIL
19,5,1,17,7,70,3.1,2,5.6,5,5.37,MECH,1,40.85,FAIL
12,8,5,13,13,79,3.4,1,10.7,5,5.75,ECE,1,47.36,FAIL
13,10,3,15,13,79,3.1,1,6.5,5,4.8,ECE,1,46.52,FAIL
13,10,5,13,11,64,4.4,2,6.7,6,5.17,CSE,3,38.75,FAIL
11,8,4,9,17,89,4.1,0,8.0,6,5.54,MECH,3,47.66,FAIL
12,6,3,19,12,72,2.6,2,9.4,5,4.78,ECE,1,42.4,FAIL
6,7,2,14,11,63,0.0,3,6.2,8,4.72,MECH,3,28.34,FAIL
16,13,4,20,14,83,2.0,1,5.5,1,5.34,CSE,3,56.68,D
12,8,4,13,10,61,2.9,1,5.1,7,3.85,ECE,1,39.54,FAIL
14,13,4,13,13,75,3.5,2,9.4,7,4.7,MECH,3,44.17,FAIL
11,8,3,15,9,74,1.7,0,5.4,1,5.43,MECH,2,45.11,FAIL
19,11,5,13,18,91,3.0,2,7.0,7,5.72,ECE,1,52.81,D
9,8,5,10,8,82,1.7,1,5.5,7,4.95,ECE,4,40.37,FAIL
13,7,2,19,16,74,3.7,1,4.8,6,5.09,MECH,1,49.67,FAIL
9,7,2,12,14,87,1.9,3,6.6,2,5.03,ECE,3,41.17,FAIL
13,10,3,14,12,95,2.3,0,5.6,6,5.21,ECE,3,50.32,D
16,10,1,13,13,83,1.4,3,6.0,7,4.57,CSE,1,44.83,FAIL
15,8,3,13,13,75,3.7,0,10.0,4,5.47,CSE,4,44.74,FAIL
8,10,5,13,13,55,2.3,3,7.6,6,4.5,ECE,3,35.31,FAIL
11,12,1,12,11,59,5.8,1,8.4,4,5.02,MECH,2,38.46,FAIL
13,11,4,24,14,70,4.8,1,8.2,7,5.51,CSE,2,49.73,FAIL
9,8,5,6,10,65,3.9,1,6.8,4,4.58,CSE,3,32.74,FAIL
12,6,3,9,8,72,2.4,1,6.3,4,4.33,MECH,1,33.65,FAIL
20,11,5,17,13,75,4.8,1,7.4,5,4.96,ECE,2,54.2,D
14,8,4,11,20,82,5.4,1,7.3,2,6.3,MECH,3,53.42,D
19,10,3,14,15,73,4.3,2,6.1,5,5.3,MECH,1,47.3,FAIL
14,7,4,13,14,82,7.2,3,7.2,6,4.77,CSE,4,42.9,FAIL
15,7,5,14,14,75,4.9,2,5.9,7,5.33,MECH,1,42.49,FAIL
12,7,8,15,7,45,5.8,2,6.7,5,4.79,ECE,3,33.44,FAIL
7,9,4,13,10,60,4.3,0,6.5,2,4.99,ECE,3,37.59,FAIL
14,10,4,11,11,72,5.4,1,5.1,8,4.71,CSE,4,41.7,FAIL
1,6,1,12,9,56,2.4,1,3.5,8,3.32,ECE,2,23.88,FAIL
14,8,7,14,16,83,3.1,0,5.6,5,5.21,ECE,1,51.42,D
16,9,4,11,15,97,4.7,2,9.7,3,5.58,CSE,1,49.74,FAIL
11,11,4,13,16,93,4.7,2,6.5,4,5.53,MECH,1,47.19,FAIL
14,10,4,13,14,71,5.0,2,8.2,5,5.2,CSE,1,43.67,FAIL
16,11,8,19,17,97,6.2,3,3.8,6,5.89,CSE,2,58.75,D
11,8,3,11,12,77,1.2,2,5.5,4,4.86,MECH,2,41.8,FAIL
12,11,4,15,13,69,2.1,5,5.0,3,5.21,MECH,2,37.95,FAIL
10,10,0,12,9,65,4.5,2,6.7,7,4.25,MECH,2,31.28,FAIL
13,5,5,10,15,70,2.6,3,10.6,6,5.14,MECH,4,36.1,FAIL
20,13,5,18,14,69,10.8,0,7.7,3,6.46,CSE,1,58.31,D
15,13,6,17,11,77,5.0,0,9.5,6,6.16,CSE,4,53.54,D
12,7,5,12,13,77,3.8,2,6.6,5,4.62,CSE,2,40.9,FAIL
15,10,4,9,12,75,3.0,0,9.0,4,4.96,MECH,3,48.88,FAIL
21,15,4,14,13,81,3.0,0,10.1,7,5.57,MECH,2,56.57,D
16,12,5,13,15,92,4.1,0,6.8,5,6.35,MECH,1,53.85,D
10,9,3,19,17,89,4.2,2,6.2,5,5.57,ECE,3,51.59,D
7,6,3,13,7,52,3.1,4,5.0,5,3.89,CSE,1,23.37,FAIL
10,6,3,8,5,36,3.5,1,6.5,6,3.67,ECE,2,24.46,FAIL
21,7,5,18,18,89,6.7,4,7.1,5,5.9,MECH,3,53.92,D
11,6,4,13,16,54,6.8,2,10.0,5,5.62,ECE,1,39.71,FAIL
12,9,3,17,10,71,4.5,1,5.1,7,4.69,CSE,2,44.14,FAIL
10,6,3,5,14,57,1.3,2,7.1,2,4.28,MECH,3,30.01,FAIL
10,9,2,13,12,47,5.1,4,4.3,2,5.37,ECE,2,32.99,FAIL
20,9,4,12,14,83,7.1,3,6.4,7,5.31,ECE,3,46.37,FAIL
19,10,8,17,16,86,6.7,1,7.5,10,5.58,CSE,4,55.83,D
13,10,4,6,12,66,5.5,1,7.8,7,4.2,CSE,4,37.19,FAIL
11,3,4,13,14,36,6.8,2,7.9,9,5.07,CSE,4,31.43,FAIL
15,6,4,18,19,66,4.1,2,7.6,4,4.87,MECH,2,45.87,FAIL
17,9,5,14,13,80,5.3,0,7.9,4,6.33,ECE,3,55.27,D
10,7,3,6,10,52,2.6,1,7.1,6,4.8,MECH,4,32.06,FAIL
15,5,3,14,11,77,4.6,2,5.4,7,4.26,MECH,4,37.77,FAIL
16,8,6,14,21,74,6.7,0,4.2,2,5.67,MECH,2,56.5,D
10,11,3,17,10,83,2.8,2,6.2,5,5.97,ECE,4,45.85,FAIL
9,9,1,15,11,76,2.3,2,6.8,5,4.7,MECH,2,41.44,FAIL
10,3,5,17,15,60,4.2,0,8.9,4,6.05,ECE,2,41.74,FAIL
18,9,6,15,18,92,3.5,1,6.8,4,5.78,CSE,1,55.73,D
12,9,4,20,14,72,5.3,3,6.7,7,5.76,MECH,1,45.2,FAIL
15,7,5,15,17,74,3.1,2,7.6,6,5.12,CSE,2,44.57,FAIL
20,9,5,11,11,61,7.4,2,6.6,7,5.05,CSE,2,40.27,FAIL
15,9,6,11,11,68,1.4,1,8.2,6,5.68,CSE,4,42.85,FAIL
14,11,7,19,9,61,6.5,0,10.0,3,6.11,CSE,3,51.06,D
10,8,5,14,15,72,2.5,2,10.3,6,5.07,ECE,4,41.87,FAIL
13,11,4,12,11,100,0.4,2,7.1,3,5.68,MECH,4,50.49,D
8,8,1,10,11,54,4.5,0,7.5,4,4.72,CSE,3,33.45,FAIL
8,3,5,11,16,50,3.5,0,9.4,3,5.14,CSE,4,37.26,FAIL
13,10,6,18,12,97,1.8,1,6.8,4,6.04,CSE,1,54.74,D
13,5,3,10,15,71,0.6,1,8.0,5,4.74,CSE,3,38.58,FAIL
10,8,4,16,15,64,4.0,4,5.3,4,4.49,MECH,4,37.38,FAIL
15,10,3,16,15,90,6.0,0,6.5,3,5.43,CSE,1,58.37,D
15,8,3,17,13,65,5.2,1,8.7,7,5.17,MECH,4,44.66,FAIL
17,8,3,11,13,100,4.1,2,5.9,5,5.2,ECE,2,45.86,FAIL
8,8,5,18,14,85,5.0,2,6.8,4,4.89,CSE,2,46.92,FAIL
6,8,3,15,10,67,3.9,2,4.6,3,4.41,ECE,4,35.7,FAIL
15,9,7,16,21,100,1.1,2,10.0,1,6.63,CSE,2,61.3,C
8,6,4,9,11,65,1.2,0,8.9,5,4.78,MECH,1,38.51,FAIL
17,6,5,19,18,86,3.6,3,7.3,2,5.73,MECH,1,53.87,D
11,9,4,11,11,79,3.7,1,7.8,6,4.74,MECH,3,43.25,FAIL
21,8,7,16,20,94,5.7,0,7.6,5,5.57,MECH,3,64.44,C
14,10,7,17,18,98,5.5,1,9.1,8,5.46,MECH,1,57.66,D
15,10,4,10,15,75,5.2,2,6.2,5,5.14,ECE,4,46.25,FAIL
9,10,4,10,13,63,3.4,1,8.1,4,4.28,CSE,4,38.4,FAIL
15,9,6,11,14,81,1.2,0,8.6,1,6.1,MECH,3,52.32,D
14,10,2,8,15,64,4.8,0,8.8,7,5.07,CSE,3,43.14,FAIL
19,11,6,22,19,100,5.1,0,3.6,2,5.89,MECH,3,72.91,B
12,4,3,10,14,77,0.0,0,6.1,4,5.21,ECE,3,42.75,FAIL
16,5,6,14,14,69,2.3,1,5.5,8,4.85,ECE,2,44.87,FAIL
13,10,5,19,13,77,2.6,0,7.2,6,4.72,CSE,1,50.69,D
10,10,1,10,7,54,4.2,1,4.0,6,4.73,ECE,1,29.85,FAIL
9,3,3,7,10,60,2.4,1,3.9,7,4.5,CSE,1,26.68,FAIL
17,11,7,21,13,93,3.9,2,10.3,7,5.83,MECH,2,58.44,D
16,9,5,10,9,65,3.6,1,7.9,8,5.27,CSE,2,40.95,FAIL
9,7,2,11,14,59,3.7,1,7.2,4,5.36,MECH,1,34.96,FAIL
16,8,3,12,19,83,2.6,2,7.5,4,5.7,CSE,3,46.45,FAIL
11,8,5,16,9,92,2.7,4,7.2,3,6.3,ECE,2,39.08,FAIL
11,5,4,8,11,85,1.8,1,8.5,5,5.31,MECH,3,39.47,FAIL
16,8,4,17,15,89,4.8,1,6.1,5,5.53,ECE,4,54.15,D
12,11,4,16,16,63,5.1,1,7.3,1,5.95,MECH,4,51.58,D
15,6,2,13,10,53,2.5,1,7.3,4,4.63,MECH,3,34.49,FAIL
19,12,9,19,18,97,7.0,0,5.4,8,5.81,ECE,3,64.12,C
9,4,3,14,16,70,3.4,1,8.9,5,4.94,ECE,1,42.22,FAIL
15,9,3,12,14,71,7.1,4,6.3,6,4.2,CSE,1,40.11,FAIL
11,11,5,15,16,94,2.7,1,8.5,5,5.89,MECH,3,55.77,D
11,2,3,9,7,83,0.0,1,7.2,1,4.51,CSE,2,34.52,FAIL
17,8,3,15,7,81,4.8,3,9.5,5,5.33,CSE,1,43.07,FAIL
18,11,5,14,14,100,4.5,1,5.4,7,5.82,ECE,1,54.8,D
13,11,4,14,13,65,4.1,1,5.4,3,5.47,ECE,1,47.77,FAIL
13,7,5,13,15,88,2.7,1,5.6,6,5.67,MECH,1,48.9,FAIL
9,11,4,10,13,75,3.9,2,7.2,2,4.52,MECH,2,41.98,FAIL
14,10,3,17,12,79,3.0,1,9.3,5,5.53,CSE,2,47.42,FAIL
17,8,6,17,16,97,3.4,1,9.4,6,5.59,ECE,1,55.39,D
21,12,6,15,15,82,5.7,1,3.5,4,5.81,ECE,2,59.09,D
13,14,3,9,15,83,4.4,2,7.4,10,5.68,MECH,1,42.45,FAIL
16,8,3,11,14,91,5.2,0,2.2,4,4.64,MECH,1,52.58,D
15,8,4,13,11,69,3.5,2,8.2,4,5.26,CSE,3,44.19,FAIL
11,6,4,14,11,62,3.3,0,8.7,5,5.45,ECE,2,40.13,FAIL
13,11,4,12,16,59,1.7,1,6.9,3,4.62,MECH,3,46.24,FAIL
10,6,4,13,14,45,3.3,1,7.1,2,5.7,ECE,3,35.7,FAIL
14,7,2,13,13,100,0.0,4,7.1,3,5.21,ECE,2,43.95,FAIL
10,6,5,10,11,58,2.8,2,5.8,7,4.25,ECE,1,31.07,FAIL
14,7,2,10,11,71,3.8,2,7.6,4,4.74,ECE,1,37.53,FAIL
15,7,6,18,14,70,5.1,2,6.7,8,5.0,MECH,2,47.76,FAIL
10,6,5,15,12,79,3.5,5,8.4,4,3.96,ECE,4,35.9,FAIL
14,8,3,16,13,87,4.7,0,6.8,6,5.29,MECH,3,49.18,FAIL
12,9,4,9,14,87,0.0,2,5.7,6,5.36,ECE,1,43.29,FAIL
8,10,5,8,12,66,3.9,3,4.7,4,4.18,ECE,3,35.05,FAIL
9,4,4,10,8,72,0.6,2,4.2,3,3.84,CSE,3,34.03,FAIL
12,6,2,12,16,79,1.6,3,9.0,2,6.04,ECE,3,41.83,FAIL
10,9,4,10,12,71,3.6,1,6.3,6,5.54,CSE,2,42.12,FAIL
13,11,6,16,13,99,6.6,2,7.5,7,5.17,CSE,3,48.73,FAIL
16,14,8,11,19,82,4.7,0,9.7,2,6.87,MECH,1,61.6,C
15,12,4,14,12,86,4.0,1,6.2,4,5.66,ECE,1,48.74,FAIL
11,7,2,16,17,84,4.0,1,6.1,4,5.92,ECE,4,50.42,D
17,5,7,15,19,92,2.6,3,6.8,6,4.86,CSE,4,48.79,FAIL
16,10,4,9,17,77,2.9,1,7.0,4,5.97,CSE,4,51.73,D
12,9,6,6,10,55,4.9,2,9.8,8,4.77,CSE,4,33.43,FAIL
9,11,3,12,11,80,1.2,1,9.3,4,5.15,MECH,3,45.62,FAIL
13,10,5,12,17,65,5.2,2,7.9,3,5.69,MECH,2,47.58,FAIL
12,7,3,9,13,67,3.2,0,9.2,4,5.07,MECH,3,39.16,FAIL
11,11,3,8,9,83,5.7,2,6.7,4,4.9,ECE,3,36.71,FAIL
13,8,8,13,18,93,5.9,1,7.4,6,5.82,CSE,3,52.01,D
14,11,5,11,11,75,0.7,1,6.5,4,4.68,CSE,1,44.08,FAIL
11,8,4,11,12,79,2.8,2,5.1,6,4.47,MECH,4,39.57,FAIL
19,9,6,12,17,100,2.3,0,8.8,3,6.49,ECE,2,60.73,C
14,7,3,11,15,78,0.4,2,7.8,4,6.19,MECH,4,45.03,FAIL
16,10,4,13,20,100,1.9,1,7.0,3,5.19,ECE,3,57.24,D
19,11,6,15,22,83,8.9,2,7.0,3,6.28,CSE,4,58.22,D
12,7,2,11,6,48,5.2,1,4.7,8,4.1,ECE,2,27.84,FAIL
22,9,4,20,20,86,7.8,0,5.5,4,7.0,ECE,2,62.52,C
16,10,2,17,11,80,5.7,1,7.5,4,5.92,ECE,3,46.76,FAIL
10,11,3,11,18,94,2.5,2,6.2,7,5.59,CSE,4,45.48,FAIL
10,8,7,15,18,85,3.2,2,6.7,7,5.66,CSE,3,49.64,FAIL
11,9,1,14,11,72,5.2,1,6.8,8,5.05,MECH,1,39.5,FAIL
14,10,4,16,11,56,4.9,3,6.0,6,4.65,MECH,3,37.2,FAIL
12,10,4,19,16,71,2.8,1,5.5,4,5.71,CSE,4,52.47,D
11,4,3,14,10,62,1.0,1,4.6,9,4.31,CSE,1,33.39,FAIL
17,11,6,14,14,66,10.6,0,6.8,6,5.3,MECH,3,53.58,D
14,12,4,11,14,83,3.7,0,7.9,5,5.07,ECE,4,53.17,D
8,11,6,14,19,100,3.3,1,4.5,5,5.18,CSE,2,55.99,D
11,12,5,13,10,80,4.2,0,7.0,5,5.92,MECH,1,50.37,D
18,10,2,19,10,57,3.5,1,7.4,5,5.56,MECH,4,45.44,FAIL
17,8,7,19,14,81,4.2,2,5.5,2,6.59,CSE,2,51.56,D
8,14,4,18,21,92,6.6,1,9.1,8,5.44,CSE,1,53.01,D
13,11,1,15,16,65,3.8,1,6.4,5,5.0,MECH,1,48.36,FAIL
17,7,4,16,9,72,1.7,1,6.8,5,4.65,CSE,4,46.35,FAIL
13,11,3,14,12,75,3.7,0,6.8,9,4.65,MECH,3,43.81,FAIL
12,8,6,12,15,63,3.1,1,4.3,4,5.15,MECH,4,45.03,FAIL
10,10,7,18,18,84,6.8,1,8.5,6,5.78,MECH,2,56.34,D
15,8,3,18,16,73,6.3,1,5.6,3,6.17,ECE,4,51.75,D
8,7,6,10,14,81,4.2,1,6.6,6,4.96,ECE,3,42.82,FAIL
8,8,2,19,17,61,1.4,1,7.9,5,5.07,ECE,2,46.09,FAIL
7,7,1,9,11,68,1.5,2,9.2,7,4.56,MECH,1,30.0,FAIL
18,5,3,17,8,85,4.0,3,5.4,7,4.14,MECH,2,43.99,FAIL
15,9,2,12,13,69,4.7,1,6.3,4,4.69,CSE,2,45.76,FAIL
19,11,5,19,16,100,3.3,1,9.1,8,5.58,ECE,2,58.88,D
9,9,7,13,13,69,3.0,2,7.7,8,5.69,CSE,2,38.31,FAIL
13,9,4,8,9,78,2.8,1,8.0,5,4.99,CSE,4,42.37,FAIL
11,10,5,17,15,88,4.0,3,5.4,5,5.23,MECH,2,48.51,FAIL
7,7,1,14,7,53,0.0,1,6.4,4,4.56,ECE,4,28.97,FAIL
11,7,2,9,9,48,1.8,3,6.7,4,4.17,CSE,2,24.43,FAIL
11,8,4,13,9,52,2.7,1,5.7,3,4.41,CSE,3,39.71,FAIL
17,9,5,14,19,93,6.4,1,4.5,7,5.47,ECE,3,55.13,D
8,5,3,12,7,66,2.4,1,6.2,1,4.94,CSE,1,34.44,FAIL
15,10,6,18,11,100,4.4,0,9.0,4,5.16,ECE,1,60.27,C
13,8,4,13,13,66,4.5,2,7.1,5,4.77,CSE,1,38.38,FAIL
13,11,8,17,15,77,6.6,1,9.1,8,5.79,MECH,3,51.63,D
17,14,6,21,17,98,6.5,1,7.3,4,6.43,CSE,2,63.47,C
11,11,3,21,17,100,3.9,1,5.9,6,6.14,MECH,2,59.82,D
10,10,5,20,17,100,3.0,1,8.9,5,6.4,MECH,3,59.78,D
19,10,2,14,16,93,2.7,2,7.3,7,4.78,ECE,4,49.33,FAIL
15,7,7,14,14,90,3.5,0,8.4,6,5.12,CSE,4,53.35,D
11,8,2,13,18,83,3.1,2,5.4,7,4.56,MECH,3,44.2,FAIL
18,10,6,11,12,86,5.1,1,8.6,4,5.75,MECH,1,49.98,FAIL
10,10,5,14,18,66,4.8,1,8.6,3,5.19,CSE,1,45.8,FAIL
13,7,3,9,13,62,5.2,0,7.4,6,4.96,ECE,2,41.41,FAIL
17,9,5,13,9,74,6.5,1,5.8,4,5.06,CSE,4,48.02,FAIL
12,10,5,18,9,72,7.7,1,6.9,5,6.0,ECE,4,47.2,FAIL
11,3,5,11,10,68,4.2,1,7.9,6,4.61,MECH,4,37.74,FAIL
10,8,5,19,17,85,6.2,4,7.4,7,5.02,ECE,3,45.67,FAIL
17,9,3,14,17,89,3.3,3,7.9,7,5.55,CSE,2,49.09,FAIL
16,9,6,19,13,76,6.4,1,8.5,4,6.14,MECH,4,51.88,D
20,11,6,16,15,97,6.1,0,6.0,3,5.9,CSE,4,63.8,C
15,11,3,13,16,57,6.0,3,5.3,8,5.07,CSE,4,37.23,FAIL
13,11,1,18,9,72,4.2,2,6.9,2,5.86,CSE,2,44.3,FAIL
14,5,5,13,11,64,2.7,0,6.5,4,5.82,CSE,3,42.29,FAIL
11,8,3,11,12,47,1.2,1,8.2,6,4.68,MECH,3,32.64,FAIL
16,10,5,12,11,73,3.9,1,5.4,8,5.56,MECH,2,42.97,FAIL
20,10,7,8,16,73,7.1,0,8.5,5,5.73,MECH,4,53.35,D
13,6,6,15,15,97,3.4,0,9.0,5,6.48,ECE,3,54.94,D
11,12,7,21,15,84,5.6,1,7.0,3,6.5,CSE,1,58.51,D
10,7,5,14,10,59,5.7,0,7.1,5,5.04,CSE,1,39.23,FAIL
16,10,5,18,13,100,3.4,0,5.8,3,5.37,CSE,3,58.06,D
17,9,3,19,23,93,6.6,0,6.2,3,5.76,MECH,3,66.81,C
10,6,6,14,10,83,0.0,3,6.4,7,4.82,MECH,1,40.59,FAIL
10,9,3,16,12,71,1.6,2,9.2,4,4.57,ECE,1,42.72,FAIL
8,10,2,9,12,60,2.2,1,6.9,7,4.25,ECE,3,35.5,FAIL
12,7,5,17,21,69,2.4,1,5.0,5,5.28,ECE,1,52.13,D
14,14,2,18,21,91,4.7,1,7.4,2,6.28,ECE,2,61.04,C
19,8,3,15,9,100,4.6,1,8.2,7,4.52,CSE,3,50.38,D
19,9,4,9,17,98,4.8,0,7.0,2,5.39,CSE,1,59.47,D
18,7,4,17,18,67,5.2,2,9.2,4,6.6,CSE,3,48.87,FAIL
12,9,6,15,16,58,2.1,0,8.2,5,5.33,ECE,3,48.98,FAIL
15,7,3,12,7,77,1.6,2,5.4,7,4.29,CSE,1,36.69,FAIL
11,6,2,14,10,48,4.8,3,6.2,4,4.04,ECE,1,28.38,FAIL
13,7,4,16,11,79,2.7,0,7.3,3,4.75,ECE,4,49.49,FAIL
6,5,5,11,13,72,0.9,2,4.5,5,4.77,CSE,2,35.17,FAIL
16,11,2,16,14,68,5.9,0,7.5,5,6.34,ECE,4,51.96,D
10,9,4,13,13,51,6.8,4,4.4,4,5.86,ECE,4,35.3,FAIL
14,11,4,14,11,82,7.1,2,8.5,5,5.11,MECH,1,45.96,FAIL
14,7,4,13,15,67,4.4,4,8.4,3,5.28,CSE,3,41.56,FAIL
10,9,2,13,12,57,5.3,2,7.8,2,4.95,ECE,3,38.87,FAIL
12,11,3,4,9,31,6.7,1,6.0,9,4.25,CSE,3,26.83,FAIL
15,6,3,11,11,74,2.7,3,7.3,5,4.39,ECE,3,39.08,FAIL
14,10,3,17,15,100,6.2,2,6.2,5,5.63,CSE,3,55.25,D
16,9,8,16,18,99,4.6,1,5.5,3,5.38,MECH,1,59.92,D
10,7,5,14,15,68,5.8,1,6.5,7,5.3,CSE,4,43.06,FAIL
9,12,5,10,7,65,4.4,1,8.0,4,5.01,ECE,1,35.69,FAIL
17,6,4,12,11,82,6.6,1,7.1,1,5.89,MECH,4,48.2,FAIL
15,6,4,11,7,60,4.4,1,9.2,4,5.53,MECH,3,38.15,FAIL
9,10,2,8,6,79,1.0,2,8.1,4,5.96,CSE,2,32.88,FAIL
24,10,5,18,21,86,6.9,0,8.0,5,6.95,CSE,3,65.11,C
12,9,3,11,16,93,2.1,1,4.6,5,5.32,CSE,3,47.09,FAIL
15,10,5,15,19,73,6.5,2,6.6,4,5.5,MECH,2,49.56,FAIL
12,10,7,12,13,71,3.8,0,5.4,4,5.71,CSE,2,46.43,FAIL
14,10,6,9,17,61,6.4,1,6.7,4,5.89,CSE,3,43.53,FAIL
19,9,7,11,16,62,6.3,0,6.0,2,5.87,CSE,2,55.14,D
17,9,5,13,7,71,4.9,2,6.4,1,4.79,MECH,4,45.95,FAIL
11,10,5,18,19,80,5.0,1,8.6,5,6.2,ECE,1,56.01,D
14,13,3,15,14,88,4.8,3,7.7,5,5.83,MECH,4,47.07,FAIL
18,5,3,10,11,62,0.0,2,8.5,7,3.96,ECE,3,35.04,FAIL
13,11,4,14,13,97,4.2,1,4.6,4,5.2,MECH,3,51.48,D
14,10,5,12,8,70,1.8,3,7.1,3,5.34,CSE,2,39.28,FAIL
16,5,2,10,13,74,4.3,1,8.5,1,4.53,CSE,1,40.22,FAIL
14,5,3,11,16,63,1.7,2,9.3,3,5.05,ECE,2,39.61,FAIL
0,9,2,6,4,38,1.6,2,4.7,6,3.52,MECH,4,12.08,FAIL
16,9,7,19,16,88,7.2,0,6.5,8,5.14,ECE,4,60.3,C
21,10,3,13,19,86,6.1,3,8.6,5,5.61,CSE,1,55.35,D
12,8,5,13,4,70,4.0,2,6.7,3,4.55,MECH,1,34.3,FAIL
11,9,6,11,11,76,4.4,3,5.6,3,5.86,ECE,3,42.65,FAIL
9,7,3,11,12,82,3.5,5,4.7,3,4.2,MECH,1,32.64,FAIL
11,8,4,9,11,51,5.1,1,5.6,4,4.92,ECE,4,35.08,FAIL
13,5,3,9,9,67,2.6,3,4.5,7,4.0,ECE,3,30.14,FAIL
25,11,5,20,13,86,6.0,1,7.1,7,6.49,MECH,1,63.1,C
11,4,5,11,12,56,3.5,4,8.3,5,4.91,ECE,1,27.06,FAIL
13,7,7,14,9,79,3.2,1,5.1,5,3.93,CSE,2,45.87,FAIL
8,9,5,12,8,54,4.0,0,7.4,3,5.31,ECE,2,38.3,FAIL
8,10,4,15,9,81,2.8,0,8.3,2,5.07,ECE,2,48.68,FAIL
12,11,6,16,17,74,4.7,0,7.0,9,5.36,ECE,1,52.84,D
13,7,1,13,9,50,2.9,1,4.6,1,5.05,ECE,4,39.07,FAIL
17,13,5,20,19,92,4.9,0,7.6,1,6.86,ECE,4,67.31,C
13,6,4,15,11,63,6.4,1,6.9,9,4.97,CSE,1,36.38,FAIL
11,7,2,11,7,62,2.6,0,6.8,5,5.16,ECE,2,38.17,FAIL
14,12,3,9,11,78,3.7,1,6.2,3,5.37,CSE,1,45.0,FAIL
14,10,2,13,13,92,4.9,1,7.1,6,5.28,ECE,1,49.03,FAIL
8,8,2,13,12,59,3.1,1,7.8,7,5.2,CSE,4,34.27,FAIL
9,9,4,17,14,75,4.9,0,10.6,2,5.38,MECH,1,47.41,FAIL
19,13,3,16,11,81,5.1,1,7.2,4,5.57,ECE,2,56.32,D
13,11,5,14,19,85,6.2,0,9.3,7,5.42,MECH,3,55.7,D
13,12,5,13,18,77,2.8,0,7.5,3,5.78,MECH,4,53.9,D
14,6,4,11,11,69,2.1,1,6.9,6,4.27,ECE,3,40.2,FAIL
10,5,3,13,12,62,3.4,3,7.2,8,4.39,MECH,1,30.54,FAIL
15,7,6,13,10,76,2.1,2,5.2,1,5.22,MECH,1,47.44,FAIL
11,10,5,12,9,58,5.1,3,7.5,4,5.91,CSE,2,33.71,FAIL
12,8,2,5,7,31,1.7,2,4.0,6,3.37,CSE,1,24.04,FAIL
17,12,6,14,15,81,8.7,1,5.7,1,5.98,CSE,4,55.7,D
15,12,4,13,20,88,6.6,4,7.2,4,5.24,MECH,1,48.35,FAIL
9,6,5,9,17,39,4.0,1,8.8,7,3.98,MECH,4,35.2,FAIL
16,6,6,11,11,59,5.7,0,9.1,4,5.64,CSE,3,44.67,FAIL
13,12,3,11,13,84,0.7,2,6.6,2,5.26,CSE,2,44.88,FAIL
9,13,6,20,21,100,9.0,0,7.2,7,6.18,MECH,4,59.52,D
13,10,4,16,15,75,2.8,2,8.5,6,5.98,CSE,4,47.49,FAIL
12,9,7,16,12,64,3.8,0,5.0,5,3.92,MECH,4,45.02,FAIL
10,5,4,14,17,72,0.3,0,7.6,5,5.9,MECH,1,42.8,FAIL
15,10,7,12,20,95,5.0,1,5.8,7,6.0,MECH,4,55.0,D
10,8,7,6,12,65,1.8,0,6.7,6,4.44,MECH,4,41.05,FAIL
17,8,4,13,19,63,4.2,3,6.3,6,5.01,ECE,2,44.69,FAIL
14,8,1,12,14,67,2.9,2,7.7,4,4.74,CSE,1,40.04,FAIL
13,10,6,11,10,60,1.8,1,7.8,1,5.29,MECH,3,39.91,FAIL
11,10,4,11,17,76,2.4,1,8.3,6,6.14,ECE,3,44.72,FAIL
13,15,4,12,13,99,4.5,2,7.5,7,5.27,MECH,3,52.67,D
15,8,6,15,13,79,1.4,2,7.3,5,4.89,CSE,1,47.01,FAIL
14,9,2,15,14,71,2.5,1,9.8,7,4.64,CSE,2,45.19,FAIL
9,9,6,14,11,70,5.3,3,4.7,4,4.85,MECH,1,36.03,FAIL
18,8,4,16,17,51,9.2,3,9.5,5,5.43,ECE,4,44.15,FAIL
11,7,1,10,14,88,5.0,1,6.6,9,4.59,ECE,3,36.78,FAIL
13,8,5,13,9,73,2.2,3,7.9,4,5.0,MECH,1,36.9,FAIL
21,12,1,11,7,72,3.3,2,6.5,4,5.13,CSE,4,43.29,FAIL
14,10,5,19,11,100,4.1,3,5.9,1,5.8,ECE,2,51.75,D
12,9,1,13,11,79,3.3,1,7.7,6,4.03,MECH,4,42.92,FAIL
12,8,4,9,12,63,5.8,2,8.6,4,5.38,MECH,2,35.51,FAIL
14,9,5,9,18,68,4.4,1,7.7,5,5.17,MECH,3,44.55,FAIL
22,14,6,17,17,92,5.8,2,6.2,4,6.74,MECH,2,60.1,C
13,9,5,11,12,76,3.4,1,12.4,4,5.81,CSE,1,45.52,FAIL
13,8,6,17,14,53,6.7,1,8.8,5,5.75,ECE,3,45.36,FAIL
18,13,4,9,15,88,3.7,2,8.4,5,5.36,ECE,1,49.56,FAIL
8,7,3,12,10,64,2.1,1,6.5,7,5.15,ECE,1,36.41,FAIL
17,12,6,12,17,100,8.4,2,6.1,8,5.38,MECH,2,56.02,D
11,5,3,12,12,91,0.4,3,6.6,6,5.18,MECH,1,35.08,FAIL
12,11,5,9,11,68,2.5,2,8.6,8,5.16,ECE,1,37.99,FAIL
12,15,5,14,13,94,2.7,1,5.5,7,5.43,CSE,4,50.64,D
13,11,7,15,19,76,9.0,3,5.4,6,6.67,CSE,3,47.85,FAIL
9,8,5,14,14,87,7.6,2,7.8,8,5.4,MECH,3,45.24,FAIL
16,13,6,20,13,82,7.0,0,7.5,2,6.77,MECH,1,63.04,C
13,8,5,11,12,62,3.3,0,5.8,4,5.43,CSE,4,44.31,FAIL
18,14,2,7,15,65,8.9,4,5.4,3,5.67,ECE,1,37.99,FAIL
13,10,3,16,15,90,4.7,1,9.2,4,6.84,ECE,4,52.11,D
14,6,3,18,21,69,6.0,1,7.5,6,5.22,CSE,4,47.31,FAIL
15,9,4,14,15,68,4.4,1,5.0,3,5.13,MECH,1,46.1,FAIL
13,9,5,14,11,60,3.9,1,5.1,6,4.6,ECE,3,43.69,FAIL
13,7,5,11,10,81,3.5,4,6.5,4,4.67,CSE,1,39.28,FAIL
10,13,6,18,12,100,3.6,1,8.1,4,6.24,CSE,4,57.4,D
13,9,6,12,10,58,5.2,1,7.9,5,5.42,ECE,2,39.16,FAIL
13,8,6,14,13,75,4.7,2,8.7,8,5.12,ECE,3,41.93,FAIL
18,12,4,20,19,96,3.9,1,4.8,4,6.37,CSE,4,66.01,C
19,9,6,11,17,73,7.0,0,7.3,5,5.37,ECE,4,53.2,D
10,6,3,6,12,81,0.0,2,9.1,3,4.38,MECH,3,33.51,FAIL
13,6,4,13,16,59,5.0,3,9.0,4,6.26,ECE,3,39.88,FAIL
16,9,5,17,17,81,5.4,0,7.5,3,6.27,ECE,2,58.82,D
15,15,4,20,17,72,6.3,2,10.5,5,6.1,MECH,4,54.83,D
16,9,5,15,14,89,3.9,1,7.9,6,5.3,MECH,1,51.99,D
17,8,5,17,13,92,4.4,1,8.6,6,5.84,ECE,1,53.02,D
15,13,7,14,16,100,6.0,0,7.1,3,5.52,CSE,2,58.97,D
17,10,8,13,13,83,7.0,0,5.8,6,5.42,CSE,4,53.97,D
12,9,3,14,13,79,3.4,1,5.7,5,4.64,ECE,4,45.28,FAIL
10,10,2,19,11,77,4.5,0,7.3,5,5.48,MECH,4,47.45,FAIL
12,13,6,16,16,69,7.4,0,6.7,3,6.14,MECH,2,53.63,D
3,4,5,11,15,80,0.0,2,4.3,5,4.01,MECH,3,34.71,FAIL
17,11,4,10,19,70,2.6,2,5.5,5,5.15,CSE,4,47.1,FAIL
19,11,2,14,18,77,6.9,2,6.5,5,5.67,MECH,2,52.6,D
20,11,4,20,21,94,6.2,0,8.1,6,6.22,MECH,2,65.34,C
12,6,4,8,10,59,5.0,0,7.0,6,4.81,CSE,2,37.92,FAIL
18,9,4,13,13,92,3.1,1,6.9,3,5.97,MECH,2,51.62,D
16,9,3,13,15,94,2.2,1,5.5,5,4.88,ECE,3,48.69,FAIL
7,11,7,11,17,73,2.8,3,7.0,6,4.08,ECE,2,41.68,FAIL
9,10,2,11,16,43,7.1,2,9.0,4,4.52,CSE,1,31.61,FAIL
13,6,5,13,8,65,2.7,4,7.2,7,4.43,CSE,3,33.3,FAIL
12,13,5,22,14,94,4.2,0,4.7,5,4.58,ECE,1,59.06,D
12,11,5,11,17,74,2.5,1,5.1,1,5.99,MECH,4,51.67,D
15,9,6,13,17,60,5.7,1,7.9,7,4.96,ECE,3,47.81,FAIL
10,8,3,11,12,67,2.9,0,6.7,5,5.34,ECE,1,37.8,FAIL
23,9,4,18,15,87,3.8,1,6.9,1,6.21,MECH,1,58.78,D
17,9,4,18,13,83,0.6,0,6.1,4,4.95,CSE,3,55.67,D
14,10,2,14,11,71,0.8,1,7.8,2,6.87,ECE,4,47.27,FAIL
18,9,7,18,14,69,4.0,0,6.5,7,6.31,CSE,3,54.47,D
13,10,4,9,14,69,1.3,3,6.7,5,5.42,ECE,2,37.13,FAIL
13,9,3,18,13,61,8.2,0,5.7,3,5.07,CSE,4,48.32,FAIL
20,10,6,19,20,99,0.0,1,8.4,7,5.84,MECH,1,63.52,C
12,9,3,10,12,70,2.4,1,6.7,6,3.9,MECH,4,42.09,FAIL
13,12,4,18,12,93,4.0,0,7.9,5,6.36,ECE,1,53.45,D
14,5,5,9,11,97,3.3,2,5.2,3,4.31,CSE,3,42.25,FAIL
19,11,1,12,8,89,1.8,2,9.6,3,5.52,ECE,4,43.61,FAIL
13,9,5,15,13,68,2.1,2,8.9,3,5.83,CSE,1,44.77,FAIL
13,7,6,20,10,81,2.0,1,4.1,6,4.88,MECH,1,46.3,FAIL
11,8,2,7,12,74,3.4,5,5.8,2,4.56,MECH,3,28.17,FAIL
16,9,3,15,14,61,7.9,1,7.7,5,5.57,MECH,2,44.73,FAIL
11,9,5,18,15,79,4.2,1,5.0,4,5.41,CSE,2,53.39,D
10,8,3,18,17,57,6.4,5,6.8,7,5.02,ECE,4,34.68,FAIL
14,11,8,15,19,92,5.0,4,7.6,5,5.54,CSE,4,52.43,D
15,6,4,18,19,68,6.2,1,6.7,6,5.64,MECH,3,47.54,FAIL
16,8,4,15,12,78,0.0,0,7.8,4,5.51,ECE,1,53.02,D
13,9,5,19,12,79,3.4,1,6.0,3,5.23,CSE,4,52.19,D
18,14,2,15,13,71,6.6,1,3.6,4,5.97,MECH,1,48.75,FAIL
12,5,4,14,11,83,2.9,2,8.5,7,5.1,ECE,2,41.29,FAIL
16,11,6,12,15,67,7.5,0,8.5,7,5.2,MECH,2,52.04,D
21,13,6,17,14,88,7.0,1,10.8,4,6.99,CSE,2,58.98,D
11,9,2,11,11,54,3.1,0,3.7,3,5.21,ECE,4,41.41,FAIL
14,8,3,10,9,76,3.0,3,8.1,3,5.11,ECE,2,38.73,FAIL
12,9,1,19,13,100,2.0,2,4.0,5,4.77,MECH,1,51.7,D
15,9,4,13,10,59,2.7,4,9.6,5,5.89,ECE,1,35.43,FAIL
2,14,5,9,6,64,1.5,2,7.7,8,4.41,CSE,1,30.01,FAIL
9,9,3,13,14,82,4.9,1,5.6,5,5.32,MECH,3,44.71,FAIL
13,6,5,7,7,77,1.1,0,8.2,6,4.78,MECH,3,40.31,FAIL
11,14,3,17,16,80,5.2,1,6.2,3,6.23,ECE,1,54.13,D
15,11,8,14,15,82,5.3,0,7.5,5,6.62,MECH,4,53.77,D
17,9,5,11,13,84,0.7,3,7.3,5,5.04,CSE,4,42.06,FAIL
21,15,5,22,13,91,7.1,0,9.6,5,7.39,CSE,2,65.07,C
22,10,2,13,18,81,5.0,3,9.7,5,5.45,CSE,2,49.15,FAIL
14,8,3,15,10,71,5.5,1,6.1,5,5.08,ECE,1,41.65,FAIL
14,9,5,12,19,85,2.5,0,8.6,6,5.61,MECH,2,52.08,D
15,8,6,14,14,100,5.2,1,7.5,7,5.3,ECE,1,53.85,D
12,7,2,13,19,73,6.3,2,4.9,1,5.96,MECH,4,47.83,FAIL
10,5,5,10,14,60,3.8,2,6.0,7,4.32,ECE,2,33.72,FAIL
13,6,6,13,16,91,8.0,0,10.5,2,5.91,ECE,2,55.17,D
15,7,2,14,14,73,4.1,0,7.5,6,4.26,CSE,2,44.12,FAIL
13,6,0,19,10,42,6.3,1,8.5,10,4.32,ECE,1,30.54,FAIL
12,11,5,17,14,87,4.6,1,6.7,5,5.7,CSE,4,51.36,D
10,8,4,9,14,66,5.2,3,6.2,5,4.42,ECE,2,32.27,FAIL
13,7,3,14,7,73,0.7,2,7.0,4,4.95,MECH,2,40.46,FAIL
15,12,6,9,12,79,4.7,0,6.6,6,5.34,ECE,1,47.86,FAIL
9,7,7,10,13,77,2.5,0,4.8,6,4.67,MECH,4,40.94,FAIL
13,6,3,11,15,85,2.3,0,5.5,4,4.69,ECE,4,44.11,FAIL
17,5,4,18,16,68,7.5,2,8.1,5,5.73,MECH,2,47.9,FAIL
16,9,7,16,12,82,3.6,2,6.4,3,5.37,ECE,1,50.2,D
18,8,4,8,14,71,2.0,2,7.0,5,5.37,MECH,1,42.14,FAIL
14,11,5,16,12,86,3.3,2,7.4,4,4.82,ECE,2,47.34,FAIL
9,7,3,11,19,84,1.4,1,7.5,5,5.16,MECH,1,44.2,FAIL
10,10,6,15,14,60,6.9,4,8.7,4,4.91,ECE,4,39.96,FAIL
17,4,2,11,9,91,2.6,0,5.4,5,5.07,CSE,3,43.94,FAIL
17,6,4,12,11,66,5.1,3,7.9,5,4.71,ECE,4,37.04,FAIL
15,11,5,13,13,87,6.7,0,8.1,5,5.44,MECH,2,54.09,D
14,10,4,13,9,80,3.0,1,8.5,6,5.23,CSE,3,42.35,FAIL
16,7,4,12,12,100,5.1,1,4.9,5,5.34,CSE,4,51.01,D
12,7,7,11,13,71,1.9,0,7.4,3,5.85,CSE,2,45.57,FAIL
12,11,6,15,14,69,8.9,1,9.6,5,6.55,MECH,4,46.27,FAIL
16,10,3,12,16,74,5.9,1,6.9,5,5.82,CSE,2,49.5,FAIL
18,10,1,12,14,70,3.6,2,7.7,7,5.33,CSE,2,42.1,FAIL
14,11,6,14,13,86,2.5,2,8.2,7,5.23,CSE,1,49.29,FAIL
11,5,2,16,12,50,3.8,0,5.5,2,5.49,CSE,1,36.8,FAIL
10,8,4,8,17,59,3.3,0,9.8,6,4.83,ECE,2,42.69,FAIL
17,9,5,12,20,58,7.9,2,7.7,7,6.3,CSE,4,43.91,FAIL
17,9,4,13,14,89,1.5,1,7.8,2,5.09,MECH,3,54.62,D
16,8,2,9,15,100,4.3,2,4.5,6,4.82,MECH,4,45.15,FAIL
6,10,3,13,14,73,4.0,4,8.2,7,4.39,CSE,3,33.02,FAIL
18,9,4,12,14,72,3.8,1,7.8,3,4.79,CSE,1,48.32,FAIL
15,6,4,14,14,76,3.8,1,9.4,5,4.62,CSE,1,45.76,FAIL
14,6,6,22,10,92,3.8,2,6.5,5,5.58,MECH,1,50.56,D
12,11,4,13,13,61,5.7,2,5.5,6,5.32,ECE,3,42.38,FAIL
13,8,5,13,17,78,5.2,1,6.0,3,5.54,ECE,4,49.07,FAIL
16,8,3,17,13,89,4.8,2,6.2,7,4.63,MECH,4,48.07,FAIL
6,9,6,12,9,82,0.0,1,5.3,1,4.85,ECE,3,39.22,FAIL
16,7,4,14,14,77,4.6,1,8.9,8,5.65,ECE,2,44.04,FAIL
14,9,4,18,13,90,0.7,0,9.0,6,5.01,MECH,4,53.06,D
11,6,3,12,6,34,5.3,1,6.7,4,4.22,MECH,4,30.07,FAIL
11,9,5,12,13,85,6.9,1,6.4,7,4.76,MECH,4,43.08,FAIL
6,10,5,8,13,65,2.1,1,4.3,3,4.49,ECE,4,40.35,FAIL
17,8,2,6,11,47,3.5,3,8.0,5,4.34,ECE,3,31.34,FAIL
14,11,5,10,14,82,2.8,0,9.5,5,5.41,MECH,1,50.32,D
23,11,6,20,21,95,6.5,0,6.0,5,6.06,CSE,2,71.8,B
16,7,4,12,14,72,4.2,0,6.8,3,5.22,CSE,3,49.46,FAIL
17,13,6,12,17,89,7.5,1,7.7,4,6.18,ECE,1,59.85,D
17,10,3,18,20,99,4.8,1,9.6,5,6.28,MECH,4,58.34,D
18,10,4,15,15,94,4.5,2,7.3,4,5.17,ECE,3,55.54,D
20,12,2,16,18,99,4.1,0,7.3,6,6.58,CSE,2,64.77,C
16,8,4,13,9,86,5.6,1,7.3,4,5.38,CSE,3,47.28,FAIL
14,6,3,11,13,76,0.5,2,4.9,7,4.63,CSE,3,36.59,FAIL
13,6,1,10,9,50,4.2,2,4.8,8,3.66,MECH,1,25.43,FAIL
14,10,4,14,13,71,3.9,1,5.8,4,5.14,MECH,1,46.57,FAIL
11,9,6,8,17,62,5.5,0,8.5,7,5.15,MECH,3,42.48,FAIL
18,8,5,13,18,100,3.6,2,6.5,5,6.43,CSE,2,52.73,D
10,12,4,11,13,72,1.9,1,6.2,3,4.89,ECE,3,46.01,FAIL
13,10,4,10,13,76,4.0,3,6.2,4,5.91,MECH,2,43.12,FAIL
14,8,5,14,12,83,1.8,1,6.8,5,5.22,CSE,3,49.94,FAIL
13,9,3,16,18,75,0.1,0,9.6,1,6.31,ECE,3,53.96,D
19,9,1,13,16,100,5.5,1,6.8,6,4.87,CSE,4,52.91,D
11,8,6,15,18,65,5.2,1,5.8,5,5.28,ECE,1,48.74,FAIL
5,10,5,12,9,77,4.9,2,7.0,7,3.84,CSE,4,32.79,FAIL
18,14,3,15,9,63,6.6,2,9.6,6,5.44,ECE,2,45.08,FAIL
12,6,1,3,11,55,2.7,1,6.2,5,5.07,ECE,1,27.21,FAIL
12,7,4,11,15,65,1.1,0,5.2,4,5.3,ECE,1,44.68,FAIL
11,8,4,11,14,74,3.9,0,6.2,8,5.17,ECE,1,42.28,FAIL
6,5,5,11,8,68,3.3,4,7.2,9,4.46,MECH,2,24.02,FAIL
10,9,3,11,11,64,2.3,0,8.0,4,5.26,ECE,2,38.34,FAIL
15,9,6,10,15,53,3.8,1,8.5,7,5.97,CSE,2,42.03,FAIL
12,8,3,11,15,73,2.8,1,5.4,4,5.0,CSE,4,41.46,FAIL
9,3,5,9,8,52,0.3,2,5.6,4,4.73,ECE,2,28.17,FAIL
8,4,4,16,18,86,3.1,3,6.5,4,5.15,CSE,4,44.98,FAIL
18,8,3,13,15,76,1.7,0,8.0,6,5.48,CSE,2,52.63,D
12,9,3,11,10,53,4.5,0,5.1,3,5.28,ECE,2,39.3,FAIL
18,4,4,7,17,70,2.7,1,6.1,8,4.25,MECH,3,40.51,FAIL
15,11,5,22,12,63,6.2,1,6.1,7,5.35,ECE,4,48.88,FAIL
21,10,5,19,15,79,7.2,1,8.4,6,6.15,ECE,2,56.03,D
15,9,4,17,19,95,5.4,1,7.8,4,6.32,MECH,3,59.63,D
4,6,3,5,8,46,0.9,3,8.4,7,4.16,ECE,4,18.59,FAIL
16,9,4,12,22,76,7.0,2,9.0,1,6.83,ECE,3,55.46,D
16,4,3,19,17,72,7.2,2,6.5,6,4.93,MECH,3,46.16,FAIL
16,12,6,19,15,85,4.0,2,5.2,5,5.23,MECH,3,55.0,D
17,10,4,16,18,78,6.6,0,5.2,1,5.87,CSE,2,56.24,D
19,6,2,10,10,63,2.9,0,4.2,6,5.05,ECE,3,41.27,FAIL
11,5,3,8,9,70,0.3,2,6.3,6,3.99,ECE,2,29.13,FAIL
11,6,2,9,8,63,2.5,2,6.4,1,5.23,ECE,1,31.71,FAIL
16,10,4,23,18,91,7.5,2,8.2,3,6.03,CSE,4,62.82,C
9,7,6,11,18,75,1.0,2,7.0,9,4.49,CSE,2,43.12,FAIL
17,12,5,18,14,100,4.0,3,6.3,5,5.82,MECH,2,53.36,D
15,6,5,15,6,74,4.1,2,6.8,7,4.33,CSE,3,37.88,FAIL
16,6,8,8,14,64,3.0,1,5.4,7,5.14,MECH,3,44.28,FAIL
10,6,4,11,12,52,3.1,0,8.5,6,4.9,CSE,2,33.95,FAIL
10,11,4,9,11,47,4.1,1,5.8,7,3.93,ECE,3,32.76,FAIL
9,7,4,14,10,51,2.9,2,5.3,1,4.64,ECE,2,32.58,FAIL
16,10,4,15,8,79,1.2,1,8.2,5,5.79,ECE,3,49.26,FAIL
12,10,5,15,12,82,4.4,0,7.9,1,6.1,CSE,3,51.34,D
10,11,3,12,6,51,6.1,6,4.4,2,4.55,ECE,3,23.89,FAIL
3,12,3,13,18,88,5.7,1,8.3,4,5.52,CSE,2,44.65,FAIL
9,6,5,9,14,67,2.4,1,5.9,4,5.15,ECE,3,38.37,FAIL
11,9,1,10,12,77,1.5,0,6.4,5,5.25,CSE,4,40.39,FAIL
14,9,5,17,12,99,3.4,2,7.3,5,5.82,MECH,4,49.74,FAIL
12,11,5,19,15,88,7.1,2,7.9,5,5.8,ECE,1,52.2,D
11,11,3,16,9,70,5.3,1,7.7,5,5.75,ECE,1,44.3,FAIL
16,6,5,8,11,61,5.4,2,6.9,6,4.85,CSE,2,36.09,FAIL
9,8,2,12,18,42,5.8,4,6.4,3,4.49,MECH,2,33.97,FAIL
9,8,4,16,15,64,4.8,0,7.6,4,6.04,CSE,4,42.5,FAIL
10,12,5,19,21,71,4.2,1,6.8,5,5.39,MECH,2,55.04,D
9,10,1,9,7,60,5.3,0,9.7,5,4.95,ECE,1,34.9,FAIL
13,5,6,16,12,73,2.9,1,7.9,3,5.38,CSE,2,43.64,FAIL
12,5,3,16,8,76,1.2,1,5.6,7,4.54,CSE,2,37.45,FAIL
9,6,4,10,12,71,5.4,4,6.3,6,4.97,MECH,4,32.09,FAIL
15,9,2,16,14,65,6.5,1,7.1,3,5.64,ECE,4,48.96,FAIL
16,8,4,7,11,77,1.8,3,8.9,5,4.7,CSE,1,35.0,FAIL
18,12,5,15,12,81,5.6,2,9.1,9,5.79,ECE,4,48.55,FAIL
15,8,5,11,12,58,7.4,0,6.4,5,5.23,MECH,3,41.36,FAIL
15,8,4,16,11,96,4.0,4,5.6,6,4.58,MECH,2,46.78,FAIL
11,8,2,12,13,73,2.4,2,5.4,4,4.79,ECE,4,38.21,FAIL
17,15,5,12,16,75,4.2,2,7.4,4,5.07,CSE,4,53.52,D
13,4,3,13,15,85,2.9,0,10.5,8,3.83,MECH,1,45.14,FAIL
11,5,5,10,13,78,2.8,2,7.8,5,5.12,MECH,4,38.72,FAIL
15,9,3,16,15,89,4.9,0,4.6,5,5.87,MECH,2,54.14,D
10,6,5,14,7,79,0.8,1,5.9,5,4.72,ECE,3,38.05,FAIL
10,5,5,9,10,65,1.1,0,6.1,10,4.42,MECH,4,35.09,FAIL
17,9,4,14,14,80,4.0,1,5.8,5,5.19,MECH,3,53.02,D
11,5,6,11,11,57,4.0,2,6.4,3,4.76,CSE,3,32.56,FAIL
11,8,5,18,10,76,4.7,2,7.6,4,5.11,CSE,4,44.12,FAIL
17,9,5,18,17,74,7.8,0,8.0,7,4.92,MECH,3,55.28,D
18,9,4,14,12,71,4.2,2,8.6,2,6.09,ECE,2,45.86,FAIL
12,9,4,14,17,73,5.2,1,7.8,6,5.65,MECH,1,48.75,FAIL
14,6,5,6,12,46,2.0,0,4.1,4,4.06,ECE,1,38.43,FAIL
15,6,5,19,6,66,5.5,1,5.4,1,4.46,ECE,3,47.63,FAIL
12,8,3,16,16,76,2.9,2,6.8,3,5.51,MECH,4,43.81,FAIL
17,8,4,16,12,77,4.1,2,7.2,5,4.84,ECE,3,48.47,FAIL
8,10,2,16,7,59,3.8,1,8.3,8,4.77,ECE,3,33.94,FAIL
13,7,5,15,13,93,6.1,0,7.1,7,4.87,CSE,1,50.75,D
8,7,4,10,14,62,1.4,1,7.1,4,4.77,ECE,2,39.64,FAIL
9,8,1,16,12,89,0.0,2,7.4,7,4.76,MECH,3,40.77,FAIL
14,8,4,10,10,81,3.6,4,6.6,4,4.13,ECE,4,33.94,FAIL
15,10,5,14,15,65,4.9,1,7.1,2,6.25,ECE,2,49.48,FAIL
12,8,5,17,15,100,4.3,0,8.7,5,5.74,MECH,4,58.15,D
12,9,7,10,10,57,6.5,1,6.9,2,5.31,MECH,4,41.09,FAIL
13,10,2,18,11,88,4.9,5,7.0,7,5.65,MECH,1,41.14,FAIL
14,10,6,15,14,90,2.9,3,6.9,7,5.13,MECH,3,50.65,D
18,7,2,9,13,64,0.0,5,8.9,3,5.08,CSE,2,35.34,FAIL
14,8,1,17,13,95,3.5,2,5.3,5,4.82,CSE,4,49.17,FAIL
15,11,5,11,15,71,6.1,1,9.7,5,5.58,ECE,4,49.08,FAIL
16,5,3,10,9,79,3.2,3,5.2,7,3.86,MECH,1,34.88,FAIL
12,6,4,18,19,78,4.1,3,6.0,3,5.27,ECE,4,46.55,FAIL
19,7,5,14,15,72,4.8,0,8.1,6,6.0,CSE,4,53.4,D
12,9,5,8,7,87,2.0,2,8.5,2,4.89,ECE,1,37.59,FAIL
13,8,4,15,11,86,5.2,3,4.9,7,5.01,MECH,1,42.88,FAIL
10,7,4,10,10,48,7.3,4,5.4,7,3.66,ECE,1,26.36,FAIL
15,13,2,17,18,94,3.7,2,7.4,4,5.69,MECH,1,56.31,D
10,4,3,14,12,50,1.7,2,10.5,7,4.8,MECH,2,30.35,FAIL
17,7,7,15,14,90,3.9,2,8.9,2,6.17,ECE,4,52.81,D
10,9,4,5,7,91,0.0,2,6.6,7,4.5,CSE,3,35.04,FAIL
10,5,3,11,9,58,4.7,1,3.4,8,3.22,MECH,2,32.43,FAIL
7,6,3,9,10,68,4.9,1,7.1,6,4.48,ECE,2,29.33,FAIL
17,9,5,16,14,58,7.4,1,7.5,5,5.97,MECH,2,47.17,FAIL
17,8,4,16,13,71,3.6,1,6.4,6,5.37,MECH,2,45.66,FAIL
14,7,5,16,14,70,4.8,1,5.7,4,5.14,MECH,4,48.25,FAIL
15,9,3,15,12,86,2.3,1,7.2,10,4.82,CSE,4,47.7,FAIL
11,7,7,13,7,94,3.3,2,5.6,4,4.95,ECE,1,43.95,FAIL
19,8,5,14,15,95,0.9,2,9.8,8,5.86,CSE,2,49.19,FAIL
13,4,6,14,14,66,3.6,2,9.3,4,4.95,CSE,3,40.81,FAIL
8,3,3,15,11,71,3.4,2,8.0,8,5.08,ECE,4,32.58,FAIL
13,7,5,7,6,49,4.6,3,7.1,9,3.72,MECH,3,25.43,FAIL
13,5,1,14,13,62,2.8,1,6.0,6,4.51,MECH,2,39.61,FAIL
21,10,6,10,15,89,4.2,0,7.0,6,6.03,MECH,2,55.71,D
20,14,5,9,13,99,3.3,0,9.5,3,5.57,ECE,2,61.47,C
16,9,4,7,13,56,3.3,2,8.3,3,5.45,ECE,2,36.41,FAIL
13,8,5,13,15,66,4.2,2,7.3,6,4.43,ECE,3,41.7,FAIL
15,9,5,14,11,74,4.1,1,8.4,8,4.59,ECE,1,46.93,FAIL
12,14,6,15,14,79,5.5,2,7.8,4,5.65,CSE,1,52.43,D
11,4,4,11,11,62,3.8,0,7.6,9,5.07,ECE,2,38.04,FAIL
23,9,5,15,10,81,3.3,0,8.5,4,5.34,CSE,3,53.09,D
8,11,4,11,13,67,3.6,1,7.8,5,5.4,ECE,4,41.92,FAIL
14,9,3,13,18,74,2.6,0,8.3,5,5.72,ECE,1,51.87,D
13,11,4,11,8,83,3.3,1,7.2,5,4.91,ECE,3,46.41,FAIL
18,9,1,17,14,75,8.1,4,6.6,1,5.31,ECE,2,45.83,FAIL
12,5,4,10,14,68,2.2,2,6.2,4,4.68,MECH,4,39.41,FAIL
17,13,6,15,10,73,3.4,1,6.0,5,5.63,CSE,2,53.73,D
12,8,5,12,12,73,3.2,2,4.6,5,4.43,CSE,1,37.89,FAIL
15,10,3,18,16,69,3.5,1,5.6,6,5.3,ECE,1,51.53,D
13,10,1,12,7,71,3.3,4,5.6,7,4.57,MECH,2,29.1,FAIL
16,14,6,21,22,98,4.6,3,6.2,5,6.55,CSE,1,65.07,C
13,10,3,17,14,83,0.6,2,9.3,3,6.5,ECE,4,48.39,FAIL
18,10,3,11,13,70,6.1,0,6.8,8,5.56,CSE,1,44.1,FAIL
16,10,6,13,10,85,5.3,3,7.4,2,5.08,MECH,4,48.35,FAIL
13,5,1,9,8,69,1.5,0,7.4,4,3.73,CSE,3,34.38,FAIL
17,11,4,15,8,92,0.0,2,9.4,3,5.52,CSE,4,46.94,FAIL
12,7,7,15,7,80,2.0,1,6.1,6,5.33,ECE,3,44.95,FAIL
12,11,3,15,13,73,3.5,0,6.7,8,5.02,CSE,1,47.39,FAIL
15,12,3,14,17,81,9.2,3,6.8,5,5.6,ECE,2,50.69,D
14,3,4,11,6,51,5.1,4,8.7,5,4.29,MECH,3,25.23,FAIL
11,9,4,9,11,58,0.4,3,9.0,6,4.98,MECH,2,32.2,FAIL
12,8,1,13,8,57,2.6,0,7.7,9,5.27,MECH,1,35.51,FAIL
11,12,4,9,14,77,3.9,1,8.8,1,5.48,CSE,4,45.44,FAIL
19,14,7,16,18,100,4.5,3,7.3,6,6.1,ECE,3,62.84,C
18,11,7,11,9,100,1.4,0,6.7,6,6.55,MECH,2,53.46,D
16,10,4,11,14,84,3.7,1,8.8,4,5.54,ECE,2,50.5,D
13,6,5,18,15,82,2.6,1,7.7,6,5.06,CSE,4,46.96,FAIL
13,6,4,15,6,47,1.8,0,5.9,6,4.45,CSE,1,34.62,FAIL
13,12,5,11,12,66,4.5,3,8.5,6,5.01,CSE,3,37.86,FAIL
18,9,4,15,16,63,5.5,0,6.7,9,5.4,CSE,2,51.12,D
15,10,6,14,12,65,5.7,2,6.5,5,4.97,MECH,2,44.73,FAIL
10,9,3,18,17,72,5.1,1,8.3,5,5.41,MECH,2,47.12,FAIL
11,7,5,12,15,67,3.0,1,6.9,5,4.2,MECH,2,40.61,FAIL
12,8,2,8,15,45,5.4,1,7.6,6,4.63,ECE,1,32.15,FAIL
12,3,2,12,12,86,4.6,2,8.0,5,5.1,ECE,3,38.53,FAIL
15,9,5,13,9,58,4.3,4,5.8,5,4.97,MECH,1,34.99,FAIL
6,3,8,6,14,78,2.8,3,7.6,5,4.34,ECE,2,33.1,FAIL
18,10,5,11,16,100,3.0,1,9.0,5,6.27,CSE,4,58.33,D
13,6,3,14,11,61,4.1,2,5.6,4,4.46,MECH,4,35.89,FAIL
8,7,6,22,20,37,8.9,2,7.7,6,5.91,MECH,4,42.08,FAIL
15,12,4,12,14,70,4.6,1,5.8,4,5.85,MECH,1,48.28,FAIL
13,12,2,14,12,91,2.8,1,8.5,6,5.7,CSE,4,48.97,FAIL
18,8,6,13,4,100,2.3,3,8.5,5,4.87,ECE,1,41.67,FAIL
8,12,6,11,7,56,3.0,2,6.5,4,4.44,MECH,2,33.35,FAIL
18,12,5,13,15,82,8.4,0,10.3,8,5.48,MECH,1,54.06,D
15,7,4,12,15,68,3.2,2,8.7,5,4.74,ECE,2,40.62,FAIL
14,6,4,18,20,73,5.8,0,8.1,6,6.19,ECE,2,55.37,D
19,10,5,14,16,100,3.2,2,8.0,4,5.73,ECE,2,54.2,D
11,6,4,12,11,52,4.5,2,8.5,1,5.03,MECH,2,33.13,FAIL
18,8,4,17,12,78,5.6,3,5.5,4,5.05,ECE,2,45.76,FAIL
21,10,4,13,15,82,2.9,0,7.3,1,5.36,CSE,4,56.53,D
17,8,0,10,12,91,2.7,4,7.6,5,5.69,CSE,4,36.87,FAIL
15,12,4,7,16,76,7.3,2,6.4,8,4.47,MECH,3,45.1,FAIL
14,9,3,12,19,79,6.0,2,7.7,3,5.86,MECH,3,50.44,D
20,8,5,18,19,69,5.6,1,8.8,1,6.08,ECE,2,58.45,D
15,10,5,12,8,79,5.6,1,6.4,8,4.25,CSE,1,44.56,FAIL
11,8,5,13,13,69,4.9,1,6.9,4,4.6,CSE,1,44.2,FAIL
21,12,3,20,16,84,8.0,0,5.8,5,5.74,MECH,3,65.2,C
14,9,3,9,8,69,4.1,1,4.3,7,5.35,ECE,3,37.85,FAIL
17,7,5,23,15,80,5.2,0,8.2,6,6.08,CSE,2,56.28,D
10,8,5,11,10,74,1.1,2,7.0,7,4.32,MECH,2,39.16,FAIL
12,8,6,16,13,91,2.4,1,7.1,7,5.84,CSE,2,48.77,FAIL
9,8,4,10,17,74,1.6,1,5.5,2,4.88,ECE,2,41.84,FAIL
11,7,2,10,8,48,6.5,0,6.7,2,5.09,MECH,4,36.42,FAIL
14,8,6,13,13,93,0.0,1,8.6,7,5.09,CSE,1,47.54,FAIL
12,8,4,11,13,61,3.2,3,7.0,3,5.45,MECH,3,38.63,FAIL
7,8,2,10,2,65,0.0,1,7.0,4,4.3,MECH,1,28.48,FAIL
9,7,3,5,12,66,2.3,1,7.3,2,4.95,CSE,2,33.34,FAIL
17,3,2,9,14,95,3.0,2,5.1,4,4.78,ECE,4,44.28,FAIL
12,6,5,11,15,42,6.8,2,7.9,4,5.27,ECE,4,37.64,FAIL
11,11,5,13,8,100,4.8,0,5.1,3,6.28,MECH,1,50.56,D
15,12,4,24,14,90,2.3,0,5.6,3,5.86,CSE,3,62.41,C
12,9,5,14,12,78,6.1,1,5.4,6,4.59,CSE,2,43.09,FAIL
14,11,5,14,14,74,4.0,1,6.7,3,5.17,CSE,3,46.97,FAIL
13,10,2,11,16,79,4.1,1,6.5,4,5.96,ECE,2,46.73,FAIL
17,9,6,11,14,82,1.6,1,7.0,1,5.57,CSE,2,52.39,D
12,8,7,11,13,84,2.0,1,5.6,9,4.63,MECH,1,45.51,FAIL
12,11,4,17,13,83,2.3,1,8.5,7,5.12,MECH,2,50.15,D
13,13,5,10,15,76,4.1,2,8.3,4,5.73,ECE,3,45.23,FAIL
15,7,8,13,8,72,4.2,1,6.7,3,5.48,CSE,4,42.34,FAIL
15,10,3,16,23,72,7.1,3,6.3,5,5.18,CSE,3,49.65,FAIL
13,7,4,7,16,72,4.8,3,6.1,5,5.59,ECE,1,38.55,FAIL
12,11,5,7,17,92,0.0,3,6.5,2,4.69,CSE,1,47.47,FAIL
15,11,7,11,16,83,4.5,0,4.9,1,6.29,MECH,1,56.59,D
10,4,2,6,9,30,1.1,2,5.6,4,3.46,ECE,1,18.58,FAIL
10,7,3,13,9,84,2.1,1,8.3,2,5.86,CSE,4,40.63,FAIL
12,8,6,15,18,77,2.4,3,7.5,5,5.02,ECE,2,46.75,FAIL
12,8,4,6,17,74,2.7,2,9.5,5,5.04,CSE,2,37.89,FAIL
17,6,4,11,10,69,1.2,1,6.6,3,5.57,CSE,4,42.85,FAIL
19,11,6,19,14,91,4.4,1,6.5,4,6.01,CSE,2,57.47,D
13,6,6,8,12,89,1.2,0,6.4,9,4.64,ECE,3,42.31,FAIL
11,10,5,13,15,63,4.7,2,6.5,7,5.68,CSE,2,40.43,FAIL
17,9,6,19,16,81,8.5,1,6.0,4,6.37,CSE,2,55.84,D
15,6,4,13,11,60,1.3,2,7.4,10,3.71,MECH,3,33.67,FAIL
9,6,3,6,10,54,3.4,1,7.0,3,3.79,ECE,1,27.68,FAIL
11,7,2,12,11,65,0.0,2,6.2,3,4.69,MECH,1,37.26,FAIL
16,10,4,16,16,87,3.4,1,8.9,5,6.26,ECE,3,52.0,D
14,11,4,14,21,89,5.3,1,9.8,2,6.54,MECH,4,54.59,D
13,9,3,12,18,82,5.4,2,8.7,9,6.1,ECE,4,46.43,FAIL
12,10,8,10,13,85,4.2,2,7.8,5,5.22,ECE,1,48.32,FAIL
14,11,3,27,18,82,5.8,1,8.1,3,5.83,CSE,1,61.65,C
17,11,5,19,13,65,9.1,3,9.8,6,5.78,ECE,3,45.01,FAIL
17,11,5,16,15,81,7.4,1,8.1,5,5.99,ECE,2,55.04,D
16,9,6,12,17,87,3.0,1,6.1,4,5.71,CSE,3,52.53,D
21,7,5,16,16,86,1.1,1,7.6,3,6.14,MECH,4,55.46,D
24,9,7,13,17,92,3.2,1,7.9,2,6.77,CSE,2,64.29,C
14,8,4,15,15,85,2.1,1,5.5,9,5.46,MECH,1,48.29,FAIL
18,12,5,18,20,80,4.9,0,6.6,2,6.01,CSE,4,64.24,C
15,6,5,12,13,91,1.6,2,8.7,8,4.92,CSE,4,45.7,FAIL
16,6,4,11,13,74,3.9,0,4.3,3,5.21,MECH,1,44.13,FAIL
16,8,5,11,17,61,5.7,0,5.1,7,5.08,ECE,3,46.75,FAIL
11,7,4,16,10,72,3.8,0,6.7,6,5.07,ECE,2,41.85,FAIL
16,6,1,10,9,63,2.1,2,7.5,6,4.24,MECH,1,31.95,FAIL
18,8,5,18,15,64,6.3,0,5.0,6,4.76,ECE,3,51.39,D
15,7,5,7,10,72,0.2,4,6.8,2,5.4,ECE,3,34.05,FAIL
14,6,4,8,12,63,3.3,2,8.7,4,5.03,ECE,2,33.35,FAIL
15,7,4,14,10,70,3.9,1,7.1,2,5.42,ECE,1,45.93,FAIL
12,6,4,12,12,46,4.0,2,8.4,5,4.74,MECH,1,36.14,FAIL
16,6,7,13,9,78,4.4,0,6.1,2,5.07,MECH,2,50.48,D
15,11,4,18,10,75,5.2,2,5.8,1,5.55,CSE,3,50.21,D
13,6,5,9,13,62,3.9,1,8.3,5,4.84,MECH,4,41.23,FAIL
14,10,4,14,17,84,3.3,0,7.6,1,5.42,CSE,3,55.25,D
12,7,5,16,13,89,3.2,2,5.2,6,4.57,MECH,1,48.57,FAIL
16,9,1,16,15,50,2.8,1,5.8,2,4.69,MECH,2,46.97,FAIL
15,9,7,14,15,63,5.6,1,9.3,3,5.91,CSE,1,49.83,FAIL
12,6,4,21,11,63,2.7,2,5.6,1,5.63,MECH,4,46.27,FAIL
13,13,3,12,16,60,5.7,3,8.4,8,4.27,ECE,2,37.98,FAIL
13,10,5,21,18,87,4.0,1,6.3,2,6.49,ECE,1,57.42,D
16,7,4,12,14,72,3.0,3,7.0,4,5.26,MECH,3,40.54,FAIL
14,8,7,13,18,71,5.2,1,7.4,1,5.16,CSE,3,50.62,D
9,7,5,13,8,44,2.5,2,3.8,3,4.1,ECE,4,28.31,FAIL
12,5,3,15,15,84,5.3,2,4.8,9,3.99,MECH,3,40.57,FAIL
6,7,3,10,9,56,4.4,0,7.1,6,3.98,MECH,1,34.3,FAIL
20,6,5,11,14,75,2.8,1,5.9,4,5.92,MECH,4,46.71,FAIL
15,9,1,22,11,79,5.1,2,8.5,5,5.22,MECH,3,45.54,FAIL
22,13,5,15,17,95,5.1,2,4.6,4,5.87,CSE,3,59.58,D
13,7,4,13,15,55,6.3,1,7.8,5,5.13,CSE,2,40.2,FAIL
12,8,2,4,10,29,5.9,1,4.9,6,4.24,CSE,4,22.74,FAIL
17,6,7,13,15,77,5.0,1,6.5,4,5.61,CSE,1,52.14,D
14,7,2,15,6,100,1.7,2,5.4,5,4.22,CSE,2,39.97,FAIL
18,10,5,19,21,93,8.9,1,9.9,5,7.13,MECH,1,60.82,C
7,12,5,20,8,78,1.2,0,5.0,4,4.76,ECE,4,50.35,D
21,8,5,14,17,67,5.9,1,6.8,4,5.12,CSE,3,50.55,D
13,9,4,13,18,87,4.9,0,4.4,4,5.62,CSE,4,55.87,D
18,6,5,15,8,60,1.7,2,9.4,6,4.39,ECE,2,39.86,FAIL
12,9,5,21,12,82,3.8,3,7.6,7,5.28,CSE,4,45.06,FAIL
19,8,7,18,18,82,3.8,0,7.2,3,5.47,MECH,1,59.25,D
19,9,3,18,21,90,6.6,1,9.2,4,6.52,CSE,4,62.44,C
17,12,4,14,16,100,2.6,1,7.2,3,5.64,ECE,4,56.71,D
11,10,6,8,11,80,3.5,1,7.3,7,4.57,ECE,1,42.17,FAIL
10,8,4,12,5,67,0.0,1,7.2,4,4.85,CSE,2,34.38,FAIL
14,10,4,16,17,74,7.5,2,7.8,9,5.18,MECH,2,46.66,FAIL
9,6,2,5,6,48,1.9,2,6.3,5,3.42,ECE,3,23.35,FAIL
12,7,4,13,14,64,4.7,3,6.7,7,4.94,MECH,4,35.42,FAIL
11,7,2,16,15,68,3.8,1,8.2,3,5.1,ECE,4,42.38,FAIL
10,12,2,12,12,67,3.8,0,7.4,5,5.23,CSE,3,40.27,FAIL
11,10,5,15,14,77,5.6,4,6.8,6,4.9,CSE,1,43.58,FAIL
15,6,5,7,17,62,7.3,0,4.9,3,4.76,ECE,3,46.28,FAIL
14,10,7,22,16,91,4.5,2,9.2,5,6.41,MECH,2,58.29,D
11,10,4,12,13,75,5.3,1,6.0,7,5.49,MECH,3,40.19,FAIL
14,10,4,13,15,74,4.7,2,8.5,4,5.52,CSE,1,45.46,FAIL
8,11,5,15,14,70,6.0,1,7.3,3,5.8,MECH,3,45.11,FAIL
13,5,2,12,13,77,3.1,0,5.1,9,4.94,ECE,1,40.94,FAIL
16,11,6,19,19,87,6.2,1,8.9,3,6.1,ECE,1,60.24,C
14,10,3,11,9,61,6.2,2,7.4,5,4.65,ECE,2,34.57,FAIL
15,6,4,13,16,65,6.2,2,9.0,4,5.72,ECE,1,42.77,FAIL
9,12,4,16,11,70,2.7,4,6.7,3,5.62,MECH,2,36.53,FAIL
11,8,4,4,11,54,3.7,2,8.1,6,5.06,ECE,1,28.27,FAIL
14,8,4,8,12,62,4.5,1,4.4,5,4.78,CSE,4,40.47,FAIL
13,5,6,12,11,67,1.3,0,6.2,6,4.82,CSE,1,44.25,FAIL
14,10,5,19,11,88,7.2,2,5.1,1,5.96,ECE,2,51.82,D
15,9,7,17,18,78,4.0,3,6.4,6,5.64,CSE,2,49.41,FAIL
18,7,2,7,19,77,4.6,1,7.7,4,6.17,CSE,3,46.75,FAIL
10,8,5,12,13,87,2.8,1,6.1,1,4.97,CSE,1,45.62,FAIL
6,6,1,15,15,72,1.3,3,8.3,9,5.11,CSE,2,30.31,FAIL
20,11,3,11,13,80,2.8,0,5.7,6,6.06,CSE,3,54.57,D
15,3,3,13,11,73,4.4,1,8.3,5,5.62,CSE,4,38.6,FAIL
14,9,3,17,15,78,5.3,1,9.0,7,5.94,MECH,4,47.99,FAIL
11,6,3,13,9,66,4.3,0,8.5,5,4.89,ECE,1,37.67,FAIL
11,7,6,12,12,38,4.7,2,6.5,3,4.45,CSE,1,31.17,FAIL
15,13,2,12,10,72,3.3,1,3.8,5,4.65,ECE,1,45.26,FAIL
11,14,3,17,11,96,5.0,1,7.9,4,5.74,ECE,3,52.53,D
14,9,6,17,4,88,7.0,1,6.8,4,5.27,CSE,1,49.49,FAIL
20,10,5,18,15,89,5.4,2,5.5,2,5.73,MECH,2,59.09,D
19,9,9,19,18,93,5.6,0,6.2,3,6.31,ECE,3,65.7,C
15,8,4,16,17,76,4.6,1,9.2,7,4.67,MECH,1,48.76,FAIL
13,9,0,10,6,77,1.0,1,5.3,6,4.7,CSE,1,33.29,FAIL
13,5,3,10,15,65,1.9,0,7.7,4,5.0,MECH,2,41.13,FAIL
12,12,3,14,12,70,4.9,2,7.3,3,5.3,ECE,3,46.46,FAIL
13,11,3,20,14,84,4.0,0,6.5,4,5.68,ECE,1,55.24,D
19,12,4,17,16,93,4.9,0,8.0,2,6.27,ECE,4,64.19,C
13,11,4,20,15,72,7.4,2,9.4,5,5.64,MECH,1,49.81,FAIL
15,7,4,18,8,68,5.5,0,6.6,7,5.53,CSE,3,44.51,FAIL
15,11,2,19,16,75,6.5,3,6.6,10,5.26,MECH,2,44.19,FAIL
22,10,6,20,18,84,4.2,1,7.9,3,6.48,ECE,1,61.04,C
10,3,6,7,13,53,2.4,1,8.4,7,4.47,ECE,4,29.72,FAIL
14,7,3,7,11,40,3.9,1,6.8,4,4.42,CSE,1,33.71,FAIL
14,5,5,9,11,66,2.4,4,6.5,3,4.88,MECH,1,30.67,FAIL
14,8,5,17,10,56,7.1,1,3.7,3,5.68,ECE,2,46.67,FAIL
9,10,3,12,15,67,5.6,2,5.8,5,5.05,ECE,1,40.84,FAIL
14,9,5,12,14,72,5.0,2,5.3,3,5.27,CSE,3,42.64,FAIL
19,10,4,15,16,68,6.5,1,8.0,4,6.56,MECH,2,52.49,D
8,10,2,14,13,96,0.0,1,6.6,4,4.53,MECH,1,49.2,FAIL
17,5,4,13,15,79,5.2,0,6.6,4,5.68,CSE,1,47.5,FAIL
17,10,5,11,11,79,1.4,2,7.0,3,5.13,CSE,2,43.32,FAIL
15,10,4,13,11,84,4.0,3,5.7,1,5.53,ECE,3,43.49,FAIL
14,7,6,14,11,57,3.4,1,9.3,5,4.54,MECH,2,40.66,FAIL
16,10,6,10,20,90,5.3,1,8.9,5,5.54,CSE,3,53.49,D
16,10,3,14,11,73,4.5,4,9.4,3,5.47,CSE,2,39.33,FAIL
21,13,4,15,19,85,6.7,0,8.0,6,5.99,ECE,1,64.97,C
7,7,7,13,14,58,2.8,1,7.0,8,4.85,ECE,3,38.47,FAIL
9,7,3,11,6,51,5.4,1,9.4,5,4.26,CSE,1,27.78,FAIL
17,10,5,10,15,87,4.3,0,6.0,8,4.48,CSE,1,48.85,FAIL
16,3,4,18,12,80,0.7,2,5.7,9,4.65,ECE,4,41.99,FAIL
6,7,1,15,10,61,2.2,1,6.1,10,4.43,MECH,4,30.99,FAIL
16,8,1,12,17,61,3.7,0,7.8,3,4.45,MECH,2,47.85,FAIL
9,10,7,19,20,91,6.2,2,5.9,3,6.34,ECE,4,56.86,D
14,6,2,10,10,57,4.9,2,6.8,4,5.03,MECH,2,32.73,FAIL
15,9,4,15,16,99,1.7,3,4.6,5,5.53,MECH,1,51.66,D
9,6,1,19,8,61,3.7,4,7.7,8,4.24,CSE,1,28.3,FAIL
13,9,4,19,12,84,8.0,3,4.7,6,4.87,MECH,2,45.58,FAIL
11,7,4,10,13,70,4.2,0,5.6,3,5.04,CSE,3,40.39,FAIL
13,12,1,15,17,84,3.3,0,8.8,4,5.45,MECH,3,51.08,D
19,6,4,13,9,66,5.0,0,8.8,5,5.18,ECE,4,44.44,FAIL
17,11,5,16,13,72,5.5,1,7.6,2,5.5,MECH,4,54.9,D
18,8,4,20,18,75,3.1,0,7.4,5,5.99,CSE,2,59.0,D
10,8,2,9,9,59,5.0,2,6.2,3,4.3,ECE,2,33.64,FAIL
14,10,4,13,14,86,3.3,2,5.8,2,5.1,CSE,4,47.67,FAIL
10,12,4,10,12,67,5.4,0,6.5,3,5.16,ECE,2,45.35,FAIL
12,9,7,13,17,71,4.3,2,4.7,6,4.86,ECE,4,45.08,FAIL
11,8,4,13,14,60,5.0,0,7.4,6,5.32,MECH,3,41.64,FAIL
11,6,2,16,9,36,2.5,1,7.1,5,4.68,MECH,2,31.4,FAIL
10,12,4,10,10,72,2.4,1,5.6,7,5.14,CSE,1,36.7,FAIL
15,12,6,20,23,100,5.9,5,9.4,7,6.21,ECE,1,57.33,D
14,6,5,5,13,86,3.8,3,7.9,5,4.64,CSE,3,36.26,FAIL
12,7,5,18,12,74,4.6,0,8.0,5,4.54,MECH,4,47.09,FAIL
11,8,5,13,15,71,3.4,3,6.3,5,5.55,ECE,2,40.01,FAIL
13,11,3,16,17,75,5.8,1,7.0,5,5.97,CSE,3,48.0,FAIL
12,7,5,14,10,83,2.8,1,7.9,1,6.02,CSE,4,44.26,FAIL
13,6,3,12,10,57,3.7,2,7.2,7,4.22,ECE,2,30.41,FAIL
17,11,4,14,12,91,5.6,2,9.4,6,5.71,MECH,2,49.25,FAIL
13,10,5,16,14,85,6.3,1,6.7,3,5.68,ECE,3,49.46,FAIL
10,8,4,16,16,85,3.0,0,6.2,8,4.4,MECH,2,49.9,FAIL
13,11,5,15,20,81,7.9,1,8.0,4,6.15,CSE,2,52.64,D
14,10,5,14,17,75,4.6,1,5.1,5,6.17,CSE,4,51.03,D
13,6,1,12,8,85,1.9,2,8.4,7,4.83,ECE,2,39.0,FAIL
13,12,5,18,16,83,4.7,2,5.0,5,5.92,CSE,2,53.68,D
18,6,4,11,10,69,3.2,0,8.0,8,4.35,ECE,4,40.64,FAIL
14,8,4,11,15,66,4.9,5,6.0,4,4.37,CSE,4,35.3,FAIL
14,7,3,14,12,76,3.9,4,7.7,8,5.49,CSE,4,33.75,FAIL
16,10,4,19,13,98,4.1,0,8.4,3,5.91,ECE,4,60.95,C
7,8,4,7,12,56,2.2,1,7.2,8,4.96,CSE,1,30.34,FAIL
10,9,5,16,18,52,6.0,1,5.2,1,5.96,ECE,3,46.13,FAIL
16,6,6,13,15,77,1.7,1,5.7,3,4.89,MECH,3,47.09,FAIL
18,11,5,14,17,75,1.8,1,5.9,6,5.4,ECE,3,51.19,D
6,10,5,13,17,77,4.7,1,4.2,4,4.72,CSE,2,48.38,FAIL
16,10,1,15,20,78,7.2,2,8.7,5,5.4,CSE,4,47.96,FAIL
18,8,3,16,14,71,3.3,1,7.2,5,5.6,ECE,4,51.94,D
14,8,5,10,14,97,5.4,1,5.3,3,5.08,CSE,1,52.73,D
18,7,3,11,11,50,6.1,1,9.2,3,5.41,ECE,3,39.69,FAIL
16,12,3,9,17,62,5.6,4,5.9,5,5.67,MECH,1,36.93,FAIL
15,8,3,19,13,73,3.4,1,7.4,4,5.89,ECE,4,50.26,D
8,11,5,13,6,50,1.8,0,5.8,8,3.79,MECH,2,34.51,FAIL
11,5,1,5,13,72,0.0,1,4.0,5,4.85,MECH,4,33.26,FAIL
13,10,4,15,10,99,3.5,1,5.0,6,4.77,CSE,4,51.0,D
15,10,3,13,11,75,6.4,2,6.3,6,5.0,ECE,4,39.98,FAIL
14,8,3,15,14,78,1.8,1,8.3,4,5.34,CSE,3,50.2,D
12,6,5,14,16,56,5.4,2,7.5,1,5.64,CSE,2,43.64,FAIL
4,4,4,10,9,65,2.1,3,7.2,7,4.07,MECH,2,21.98,FAIL
14,10,3,14,13,69,4.2,0,4.0,3,5.94,CSE,2,45.68,FAIL
10,6,4,16,15,70,5.4,2,8.9,4,4.63,CSE,1,43.55,FAIL
11,12,4,13,17,94,2.7,2,7.3,5,5.48,CSE,3,50.81,D
12,9,4,13,8,83,4.3,2,6.8,5,5.49,CSE,2,39.63,FAIL
12,7,2,12,14,58,3.2,4,8.7,7,3.86,CSE,2,29.75,FAIL
12,10,7,18,15,78,5.4,1,8.9,5,6.3,ECE,3,50.88,D
11,9,3,15,12,82,4.5,1,8.7,5,5.21,CSE,4,45.33,FAIL
17,13,3,13,13,92,4.1,1,6.6,7,5.37,MECH,4,53.16,D
15,13,7,12,13,98,7.1,1,5.5,6,5.98,ECE,3,52.35,D
9,8,4,7,20,59,5.3,1,8.5,4,4.58,MECH,2,40.43,FAIL
13,8,1,10,7,62,2.6,3,5.0,3,4.24,MECH,2,30.84,FAIL
13,11,4,14,9,56,3.8,0,9.9,3,6.07,MECH,1,46.68,FAIL
13,7,3,12,12,71,3.8,1,7.0,5,5.08,MECH,1,43.52,FAIL
11,5,6,9,8,81,4.2,2,5.4,3,4.05,ECE,2,36.21,FAIL
18,12,5,13,17,89,9.0,2,5.2,5,5.79,MECH,1,53.4,D
15,11,5,14,18,73,4.7,2,5.1,5,5.06,CSE,1,50.82,D
11,4,3,15,12,70,0.0,0,7.2,1,5.13,MECH,1,44.47,FAIL
7,7,6,10,13,77,2.9,1,7.0,2,4.41,ECE,3,40.29,FAIL
11,6,3,10,9,62,0.1,1,5.1,1,4.67,CSE,2,36.0,FAIL
14,8,6,12,12,100,3.3,4,6.5,4,5.25,ECE,2,45.27,FAIL
11,5,3,10,8,50,0.0,6,4.9,7,3.93,CSE,4,19.36,FAIL
11,7,3,13,17,77,2.3,0,7.9,1,5.78,CSE,2,48.54,FAIL
14,9,5,18,19,100,1.0,2,6.9,2,5.81,CSE,2,60.22,C
10,11,4,15,15,75,4.8,2,6.4,5,5.94,ECE,1,43.23,FAIL
17,5,4,15,17,72,4.0,1,5.1,3,6.25,MECH,4,50.82,D
16,6,2,10,10,69,4.6,2,6.5,3,4.76,ECE,1,39.8,FAIL
11,11,6,10,11,72,3.8,1,6.4,6,4.77,MECH,1,43.71,FAIL
14,8,1,16,10,95,1.2,0,7.5,4,5.78,CSE,4,50.75,D
9,2,5,12,15,41,5.0,3,7.3,2,4.93,CSE,2,28.56,FAIL
14,11,3,22,15,98,7.8,2,8.2,1,5.3,CSE,3,56.0,D
13,7,4,8,7,53,4.8,3,6.3,9,4.31,CSE,1,26.97,FAIL
11,9,3,16,14,71,3.1,1,4.2,7,5.15,MECH,4,43.99,FAIL
12,7,1,11,14,68,1.1,1,8.5,4,4.27,MECH,2,37.89,FAIL
13,11,6,10,12,83,2.2,1,5.6,5,5.12,CSE,2,45.02,FAIL
12,5,0,2,5,51,4.9,3,5.3,4,3.81,ECE,2,17.04,FAIL
14,10,6,14,15,81,6.1,0,6.9,6,5.94,ECE,4,53.78,D
20,10,5,15,17,100,4.5,0,7.5,3,6.13,MECH,1,65.31,C
18,9,5,10,14,54,5.6,1,6.2,4,4.73,MECH,2,44.16,FAIL
9,11,5,16,16,77,5.4,1,6.2,6,5.04,CSE,4,49.72,FAIL
11,8,4,10,12,65,5.0,0,6.4,8,4.02,CSE,3,37.5,FAIL
14,14,6,15,13,81,2.7,2,9.1,6,5.78,CSE,2,49.96,FAIL
10,9,5,8,15,75,4.3,0,7.0,7,4.65,ECE,1,44.41,FAIL
13,10,4,13,8,65,2.3,3,5.5,4,5.0,MECH,4,37.16,FAIL
17,7,4,9,10,82,4.0,1,5.6,4,4.83,ECE,3,43.1,FAIL
12,11,5,20,16,100,4.7,1,6.6,1,7.24,MECH,1,61.4,C
10,15,5,19,15,72,7.4,1,7.4,5,6.38,CSE,2,53.1,D
19,7,4,10,10,85,1.4,2,7.7,6,6.1,ECE,1,44.97,FAIL
13,11,8,20,17,55,5.0,2,7.2,4,6.15,ECE,3,52.49,D
14,11,4,12,10,60,7.0,2,5.7,3,5.04,MECH,4,39.77,FAIL
11,11,3,15,6,82,5.5,2,6.4,7,4.83,ECE,1,36.58,FAIL
18,8,5,20,21,97,5.7,0,8.1,6,6.88,ECE,4,67.03,C
18,8,3,12,15,80,5.2,1,5.3,8,4.91,CSE,4,47.54,FAIL
17,11,8,13,15,70,6.6,1,6.3,3,5.98,CSE,3,56.12,D
12,9,4,11,13,74,1.8,1,7.9,4,4.81,ECE,4,40.96,FAIL
4,6,4,11,10,56,1.2,2,8.3,7,4.11,CSE,2,28.57,FAIL
17,8,5,16,18,84,4.0,1,6.7,5,5.77,MECH,3,55.2,D
11,7,5,15,9,88,0.0,2,6.4,4,4.02,MECH,1,40.19,FAIL
13,8,5,18,20,68,6.5,0,5.0,4,5.67,ECE,1,53.54,D
16,7,4,18,17,67,6.4,1,7.8,5,5.71,MECH,4,53.2,D
10,8,4,15,11,78,3.1,2,9.0,7,4.9,MECH,3,42.29,FAIL
15,12,2,15,11,68,3.3,1,10.8,5,5.37,ECE,3,48.58,FAIL
17,8,4,12,13,74,3.9,1,7.6,7,5.11,ECE,1,43.37,FAIL
16,7,8,14,12,100,4.1,3,6.9,6,5.72,MECH,1,51.2,D
12,8,5,9,13,71,4.3,3,5.6,3,5.56,ECE,2,39.38,FAIL
11,12,4,17,17,69,5.1,3,4.2,3,4.74,MECH,2,46.86,FAIL
16,6,8,15,15,65,3.7,0,7.3,4,6.44,CSE,3,52.02,D
15,11,4,17,22,86,5.9,1,10.5,2,6.21,ECE,1,61.26,C
21,11,5,5,12,72,4.9,0,8.9,4,5.48,CSE,3,46.0,FAIL
9,6,4,11,14,65,2.8,1,8.7,8,5.69,CSE,2,38.45,FAIL
15,10,4,18,14,94,6.7,2,7.4,5,5.05,CSE,4,55.74,D
16,8,5,17,15,96,1.3,1,7.5,3,6.51,MECH,3,58.69,D
12,5,4,9,13,65,3.8,2,3.4,9,4.28,ECE,1,35.94,FAIL
10,9,3,12,10,47,5.9,2,8.1,3,4.93,ECE,3,34.54,FAIL
17,12,3,19,11,90,2.6,2,6.1,3,4.87,MECH,2,50.91,D
13,7,6,11,10,64,4.6,3,5.9,7,4.13,ECE,2,31.99,FAIL
17,11,5,15,13,86,5.1,3,6.5,6,5.25,ECE,1,51.31,D
8,7,1,10,7,45,2.3,2,6.5,5,4.48,MECH,3,23.79,FAIL
13,10,3,15,19,88,3.9,1,5.9,7,5.45,MECH,2,51.8,D
13,6,6,15,11,56,3.7,1,7.0,6,4.83,CSE,3,42.32,FAIL
10,7,8,21,16,85,2.9,1,6.2,3,5.14,ECE,4,56.15,D
20,10,6,22,20,75,8.6,1,7.2,1,6.86,CSE,2,65.44,C
13,8,3,14,16,60,2.5,2,4.8,4,5.94,CSE,2,41.27,FAIL
18,9,5,18,11,68,6.0,0,6.7,7,5.84,CSE,2,53.5,D
12,6,4,9,12,85,3.2,2,5.4,4,5.06,CSE,3,41.86,FAIL
18,8,5,12,14,76,1.8,2,6.0,6,5.01,CSE,1,46.16,FAIL
16,8,5,13,13,83,4.2,1,7.2,5,5.71,CSE,2,49.34,FAIL
19,13,5,16,22,100,5.3,1,4.6,2,6.72,MECH,3,67.38,C
10,7,4,15,8,51,5.8,0,5.8,4,4.77,ECE,2,37.35,FAIL
17,13,5,21,19,99,7.1,1,7.9,6,5.58,MECH,3,62.48,C
16,12,7,14,16,76,9.9,0,4.9,3,6.52,MECH,2,59.88,D
9,8,4,13,16,61,4.5,2,9.7,4,5.56,ECE,2,40.59,FAIL
9,6,6,8,11,55,2.7,2,8.8,6,4.16,CSE,4,32.27,FAIL
17,9,8,16,11,72,4.9,1,6.3,5,5.54,ECE,2,48.52,FAIL
15,10,4,18,18,88,3.5,0,5.8,7,6.01,ECE,1,54.64,D
13,10,4,20,8,73,5.9,1,7.3,6,4.98,ECE,2,47.56,FAIL
12,8,4,17,12,97,1.4,2,4.8,3,4.87,MECH,1,52.22,D
20,9,3,17,12,53,8.7,2,4.0,4,5.17,MECH,4,46.57,FAIL
16,10,6,12,16,74,5.7,0,6.3,5,5.68,ECE,4,52.97,D
4,0,5,7,1,56,0.6,5,6.8,8,4.05,ECE,4,6.01,FAIL
12,10,6,14,15,80,2.6,1,7.1,4,5.81,ECE,4,48.87,FAIL
15,9,5,24,17,88,5.6,1,6.1,2,6.01,CSE,2,58.37,D
13,9,4,15,13,68,6.4,1,8.9,6,5.96,CSE,1,44.01,FAIL
8,4,0,12,7,35,1.5,1,4.8,3,3.72,ECE,1,23.3,FAIL
12,10,3,12,14,77,5.4,1,5.3,2,4.95,ECE,2,45.48,FAIL
10,10,2,11,14,81,0.1,2,7.7,5,4.75,CSE,2,38.36,FAIL
13,8,2,12,6,81,3.8,1,5.3,7,4.25,MECH,2,38.98,FAIL
12,11,4,15,16,93,6.2,2,5.2,4,5.97,CSE,1,53.77,D
3,6,2,12,11,58,2.9,2,7.2,6,3.65,MECH,2,25.99,FAIL
16,8,4,8,14,85,1.0,3,5.4,6,4.54,MECH,4,38.88,FAIL
17,12,7,9,14,92,4.3,2,6.8,7,5.23,ECE,3,52.49,D
11,12,5,9,11,48,2.8,0,6.0,4,3.99,CSE,1,41.98,FAIL
15,9,3,16,14,79,5.3,0,5.7,3,5.37,ECE,1,52.96,D
11,9,4,9,15,67,2.2,3,3.8,3,4.71,CSE,4,37.06,FAIL
22,7,3,20,11,73,2.5,1,7.2,7,5.44,MECH,2,51.25,D
11,5,3,10,8,80,0.0,1,5.1,6,4.0,ECE,1,37.21,FAIL
21,7,6,14,15,67,4.3,3,6.7,3,5.45,MECH,4,46.44,FAIL
18,10,3,9,14,64,3.7,4,6.2,9,4.76,CSE,3,37.88,FAIL
14,9,2,14,14,75,1.6,2,6.7,3,5.07,ECE,3,43.64,FAIL
11,7,4,14,10,58,4.4,2,6.8,7,4.45,MECH,3,34.18,FAIL
12,8,6,12,10,58,6.1,0,7.3,8,4.29,MECH,4,38.18,FAIL
14,12,8,16,15,85,3.6,0,5.9,5,6.19,MECH,4,56.22,D
14,11,3,13,9,57,4.5,2,8.9,3,5.35,ECE,4,41.54,FAIL
16,10,5,11,12,84,4.5,1,4.2,4,5.13,CSE,4,48.02,FAIL
11,10,5,19,19,81,1.6,0,6.7,4,6.16,ECE,1,55.27,D
21,11,2,12,13,49,8.1,2,8.3,7,5.23,CSE,2,39.57,FAIL
12,7,2,19,13,64,3.1,1,7.7,3,6.42,ECE,1,47.0,FAIL
7,6,5,11,13,92,5.3,2,5.5,1,5.27,ECE,2,44.01,FAIL
12,11,3,15,13,60,5.5,1,5.8,6,4.76,MECH,3,44.72,FAIL
8,6,1,12,17,68,3.7,0,5.5,6,4.09,MECH,3,38.22,FAIL
14,12,5,14,18,81,5.2,2,7.9,9,5.12,CSE,2,50.85,D
15,14,5,13,11,86,4.5,2,5.9,2,5.62,ECE,2,50.61,D
12,11,3,13,15,71,1.2,0,7.4,5,4.58,CSE,1,46.81,FAIL
15,2,2,14,9,66,3.3,3,7.4,7,4.8,CSE,3,34.05,FAIL
12,11,2,20,13,96,2.8,0,10.6,5,5.62,ECE,2,57.06,D
14,9,4,17,14,100,3.1,1,7.5,5,5.58,MECH,2,55.51,D
14,7,4,11,9,89,1.4,2,5.8,7,4.47,CSE,3,37.58,FAIL
14,11,4,14,19,76,6.3,1,4.8,4,6.11,MECH,2,52.21,D
7,7,2,14,11,62,7.2,2,6.6,7,4.56,ECE,2,29.6,FAIL
16,11,4,18,8,62,6.0,2,6.8,2,5.58,CSE,3,47.11,FAIL
13,12,5,16,12,82,6.5,2,3.7,2,5.05,CSE,4,47.77,FAIL
11,8,6,16,13,81,3.3,3,5.9,4,4.81,ECE,1,41.65,FAIL
15,10,5,15,9,96,2.7,3,7.4,1,5.54,CSE,2,50.19,D
13,8,2,7,14,84,2.4,4,6.2,5,5.05,CSE,3,37.98,FAIL
16,9,1,14,10,52,5.3,2,8.5,2,5.44,MECH,3,35.88,FAIL
10,12,1,13,17,90,4.5,1,4.7,6,4.69,CSE,3,47.86,FAIL
19,8,4,15,13,60,3.8,1,8.0,5,4.78,MECH,4,47.45,FAIL
9,9,3,19,14,69,6.6,1,8.4,5,5.05,MECH,1,44.97,FAIL
12,11,5,19,9,78,4.8,0,8.4,6,4.9,MECH,2,51.49,D
12,9,6,15,11,100,2.3,2,4.7,5,5.82,MECH,2,45.87,FAIL
14,8,5,13,12,100,2.6,2,7.5,4,4.98,MECH,3,49.45,FAIL
14,8,4,13,14,84,5.4,1,6.0,9,5.09,MECH,2,45.49,FAIL
16,7,7,15,20,72,6.1,3,4.9,6,5.94,MECH,2,50.93,D
16,8,4,16,16,83,5.1,1,6.4,7,5.84,ECE,1,48.58,FAIL
20,11,4,14,15,88,7.8,0,5.6,7,5.82,CSE,3,54.73,D
15,10,5,15,19,70,7.3,0,8.4,6,5.54,CSE,2,51.36,D
20,9,6,10,16,100,4.9,0,7.8,9,5.86,ECE,1,54.96,D
7,7,0,19,14,78,2.3,1,5.3,5,5.07,CSE,2,43.41,FAIL
7,5,6,13,18,82,1.4,3,5.9,5,5.62,ECE,4,38.43,FAIL
14,13,2,12,16,84,3.2,2,6.4,4,5.28,ECE,3,47.94,FAIL
17,13,2,17,17,81,5.5,0,6.9,4,6.1,MECH,2,58.52,D
15,9,5,19,18,87,7.7,0,8.5,4,6.0,ECE,1,57.48,D
14,10,3,8,14,65,4.8,1,8.0,6,6.07,CSE,4,42.78,FAIL
17,7,5,12,14,66,6.3,3,7.1,3,5.45,CSE,1,39.92,FAIL
12,9,4,15,6,58,3.5,1,6.6,5,3.96,CSE,3,35.98,FAIL
13,11,5,17,12,81,5.2,1,4.3,6,5.16,MECH,1,52.3,D
17,8,7,13,16,86,5.6,2,8.9,5,6.22,CSE,4,52.35,D
15,7,4,17,15,81,0.0,2,6.3,3,5.79,CSE,3,50.32,D
11,9,5,17,13,100,3.2,3,9.3,6,5.23,CSE,4,49.59,FAIL
11,11,2,11,20,74,5.9,1,7.3,5,4.59,CSE,4,47.35,FAIL
19,10,6,16,18,85,4.5,1,10.0,1,6.42,MECH,2,62.54,C
6,10,3,6,12,58,1.6,0,7.9,3,5.1,MECH,1,37.19,FAIL
5,6,2,11,4,69,0.0,2,4.9,8,3.36,MECH,3,27.37,FAIL
9,7,3,18,13,85,3.3,1,6.1,8,4.76,CSE,4,47.0,FAIL
17,8,4,13,15,87,3.9,2,6.7,6,5.17,CSE,1,49.66,FAIL
9,9,3,12,12,70,2.2,0,5.7,7,4.97,MECH,1,38.38,FAIL
16,10,1,15,13,73,4.3,2,6.4,3,5.15,MECH,3,46.79,FAIL
10,9,5,11,11,52,5.0,2,4.9,4,4.55,MECH,4,32.92,FAIL
19,9,3,7,11,69,5.3,3,7.0,7,5.12,ECE,4,35.63,FAIL
12,8,3,14,7,88,0.0,2,7.4,6,4.21,ECE,4,37.24,FAIL
17,14,4,17,20,83,1.4,1,5.5,5,5.84,CSE,1,59.58,D
16,14,5,17,12,82,3.4,2,9.9,5,6.03,CSE,1,54.08,D
12,9,3,17,12,75,5.1,1,7.1,7,4.82,ECE,1,42.92,FAIL
12,5,5,12,13,75,5.0,2,5.8,7,4.44,CSE,2,37.0,FAIL
12,8,6,13,5,65,4.9,2,4.6,6,4.26,MECH,2,36.23,FAIL
13,10,7,12,19,85,3.2,1,7.1,5,5.62,ECE,2,51.81,D
15,6,4,10,16,81,3.3,5,6.6,4,4.8,MECH,4,37.78,FAIL
21,9,3,9,8,82,2.5,1,8.2,6,5.06,CSE,1,43.45,FAIL
13,6,3,13,11,67,5.5,0,6.8,3,4.57,ECE,4,42.08,FAIL
12,7,2,10,13,42,2.2,1,5.2,3,4.62,ECE,3,33.19,FAIL
19,12,4,20,17,91,5.7,0,9.5,2,6.58,MECH,4,67.8,C
5,9,4,7,16,67,4.4,1,7.7,7,4.88,ECE,3,34.81,FAIL
14,10,3,13,17,62,3.9,0,6.6,4,5.09,ECE,3,51.09,D
15,10,4,19,11,85,2.7,1,7.2,6,5.57,ECE,3,50.96,D
8,9,3,12,13,69,1.3,2,7.7,5,4.9,ECE,2,35.44,FAIL
8,11,5,16,10,90,2.7,0,4.9,10,5.03,MECH,3,48.99,FAIL
14,7,4,20,11,84,3.3,2,7.2,6,4.64,MECH,4,46.02,FAIL
18,8,3,17,13,85,0.0,0,6.3,1,5.43,ECE,3,55.46,D
10,7,3,7,12,54,3.6,3,7.8,7,4.71,CSE,1,25.7,FAIL
16,10,5,16,14,93,5.8,3,5.9,4,6.38,CSE,3,52.56,D
21,9,5,15,16,78,5.1,1,6.1,5,5.34,CSE,1,57.34,D
15,10,3,13,8,69,3.0,2,9.5,4,5.27,MECH,1,38.03,FAIL
10,10,3,17,11,77,4.1,2,8.8,5,5.16,CSE,3,41.47,FAIL
9,4,0,11,14,48,2.9,1,2.1,5,4.78,CSE,2,33.07,FAIL
19,12,2,12,10,81,4.3,1,8.7,4,4.46,ECE,3,48.89,FAIL
12,11,4,17,15,59,7.1,2,6.9,4,5.62,ECE,4,47.66,FAIL
11,9,3,8,17,54,5.9,1,5.9,5,4.92,ECE,1,39.19,FAIL
14,5,1,14,12,52,5.0,3,5.5,1,5.03,MECH,2,36.77,FAIL
13,7,5,12,18,91,3.0,4,5.6,2,5.4,CSE,1,46.99,FAIL
14,11,3,15,9,65,5.5,1,6.0,8,4.77,MECH,2,39.2,FAIL
14,11,2,12,12,98,0.6,1,5.3,6,5.21,CSE,4,49.95,FAIL
11,10,4,13,12,66,3.5,2,5.0,4,4.48,MECH,3,39.9,FAIL
16,8,5,10,9,49,5.2,3,5.4,2,5.05,ECE,2,32.31,FAIL
9,11,0,7,12,58,5.5,2,7.5,5,5.27,MECH,1,33.07,FAIL
15,7,6,16,15,93,5.3,2,7.1,7,5.07,ECE,2,53.2,D
11,6,4,9,14,72,4.6,2,7.8,10,5.06,CSE,1,36.07,FAIL
17,10,3,16,11,66,3.6,1,6.9,9,4.76,CSE,4,42.25,FAIL
13,7,2,15,8,77,5.1,4,5.0,3,4.99,MECH,1,34.92,FAIL
18,8,4,14,10,82,2.1,0,7.7,4,4.69,MECH,4,49.59,FAIL
12,5,4,13,9,91,2.3,0,5.5,2,5.07,CSE,1,48.13,FAIL
16,5,8,16,16,96,4.1,1,8.0,3,6.01,MECH,1,56.94,D
16,6,5,6,13,69,4.3,0,5.3,5,4.92,ECE,1,40.14,FAIL
8,6,3,12,10,55,0.3,1,6.0,4,5.04,ECE,2,30.32,FAIL
17,6,6,9,9,68,4.9,0,6.5,9,4.55,ECE,1,40.2,FAIL
15,11,6,15,9,78,5.5,1,8.0,2,5.43,MECH,3,50.32,D
14,10,2,9,17,60,3.8,1,7.3,5,5.25,MECH,1,43.65,FAIL
16,11,6,16,15,60,8.7,0,7.0,1,5.42,MECH,3,55.76,D
12,6,4,13,12,80,2.6,1,9.8,6,4.92,CSE,3,40.02,FAIL
10,9,3,8,12,74,3.3,3,4.2,2,4.73,ECE,1,37.9,FAIL
10,4,1,14,6,75,3.2,2,5.4,7,3.26,ECE,2,29.01,FAIL
6,12,4,12,16,63,3.8,0,5.4,4,5.17,CSE,3,44.06,FAIL
9,9,4,11,11,71,3.3,1,4.3,2,5.55,ECE,4,37.76,FAIL
11,6,5,15,11,61,1.2,3,5.9,1,5.32,MECH,4,35.25,FAIL
20,10,2,14,17,88,2.9,1,8.0,3,6.58,CSE,4,56.84,D
20,11,3,15,18,90,3.8,1,6.1,5,6.15,MECH,2,58.95,D
15,9,4,16,12,47,6.5,4,6.5,6,4.64,MECH,3,35.68,FAIL
11,6,4,16,12,61,8.4,0,4.4,4,5.87,MECH,4,43.54,FAIL
13,7,4,14,14,52,6.7,2,5.8,7,4.72,ECE,1,39.02,FAIL
9,8,3,11,14,65,2.4,1,6.3,3,4.73,ECE,1,40.85,FAIL
12,10,4,11,16,73,2.6,3,8.0,1,5.12,CSE,3,44.81,FAIL
13,13,1,9,12,53,3.7,0,4.5,6,4.24,CSE,1,38.1,FAIL
16,12,7,7,20,61,7.6,4,6.3,8,5.17,CSE,2,42.87,FAIL
17,7,5,15,13,59,3.7,2,8.6,8,5.51,CSE,1,43.34,FAIL
9,12,5,15,14,78,1.3,1,6.3,2,5.53,MECH,1,49.09,FAIL
9,9,2,7,16,76,3.0,2,3.8,4,4.49,MECH,3,37.56,FAIL
17,11,3,14,17,64,5.5,3,8.9,6,4.74,ECE,1,42.21,FAIL
20,11,5,6,19,77,5.4,0,8.1,4,5.92,CSE,4,56.35,D
13,12,4,20,13,66,3.6,3,8.3,5,5.57,MECH,4,46.3,FAIL
14,12,5,13,17,70,5.4,1,4.4,4,5.74,CSE,1,50.9,D
17,10,3,12,17,100,0.0,0,9.3,3,5.49,CSE,3,59.54,D
17,9,3,18,16,95,4.2,0,5.8,3,5.95,ECE,2,59.58,D
15,7,6,14,10,55,5.7,3,6.2,7,5.18,ECE,3,35.79,FAIL
10,6,2,8,9,87,2.3,4,5.9,5,4.46,ECE,2,27.42,FAIL
17,9,6,14,15,87,2.3,3,8.4,8,5.22,CSE,3,49.08,FAIL
10,9,2,11,13,57,0.3,1,6.7,6,4.71,CSE,4,36.06,FAIL
12,12,5,14,15,87,7.2,3,7.7,8,5.87,CSE,4,48.71,FAIL
12,8,4,17,12,98,2.6,1,7.1,7,5.25,ECE,1,51.51,D
12,11,4,10,12,58,4.5,0,6.9,7,6.01,CSE,1,38.21,FAIL
18,7,5,16,14,61,5.2,1,5.6,5,5.9,CSE,4,49.03,FAIL
14,11,7,12,18,90,7.0,5,9.7,10,5.66,ECE,3,45.21,FAIL
14,11,4,12,14,79,3.7,2,4.8,5,4.93,ECE,1,47.95,FAIL
8,7,5,10,15,83,2.9,1,7.6,1,6.04,CSE,2,46.97,FAIL
17,9,4,16,18,80,4.3,2,7.6,6,5.27,ECE,1,51.51,D
14,10,5,21,25,80,6.6,1,8.7,3,6.65,CSE,3,64.03,C
12,10,2,15,10,55,3.7,0,9.1,7,4.13,ECE,2,42.2,FAIL
14,13,3,12,18,90,2.1,1,6.8,6,5.03,ECE,4,53.74,D
16,10,5,11,12,92,0.9,0,7.8,5,5.59,MECH,1,49.88,FAIL
14,10,4,16,16,71,1.6,0,9.6,3,5.79,CSE,4,50.48,D
19,11,6,13,11,74,5.7,2,6.9,5,4.65,CSE,1,49.59,FAIL
11,8,3,8,9,52,3.4,1,5.4,4,4.12,ECE,3,35.26,FAIL
18,6,3,10,12,82,2.8,2,6.4,7,4.11,MECH,4,40.29,FAIL
14,7,4,12,6,83,2.6,2,5.0,6,4.46,CSE,2,40.59,FAIL
13,7,5,15,6,74,4.2,2,7.6,10,4.12,CSE,1,39.45,FAIL
18,7,5,12,13,91,3.5,0,8.6,4,6.01,CSE,1,51.62,D
13,10,0,17,17,69,3.5,1,6.8,4,5.23,CSE,1,45.69,FAIL
16,7,3,15,14,83,6.7,1,4.6,5,5.39,CSE,4,47.78,FAIL
15,11,6,18,17,59,7.1,1,8.5,5,5.44,ECE,2,52.05,D
12,6,6,11,7,74,0.8,2,4.3,7,4.92,ECE,3,33.93,FAIL
19,8,6,15,14,72,4.7,2,4.7,4,4.58,MECH,3,52.52,D
17,8,3,8,12,78,2.4,1,6.7,9,3.68,CSE,1,38.94,FAIL
14,12,3,14,10,69,3.5,2,7.4,6,5.32,MECH,3,40.89,FAIL
17,11,5,15,19,73,4.6,0,7.6,4,5.21,CSE,3,56.03,D
17,9,5,8,10,87,3.6,1,6.9,4,4.98,MECH,4,46.34,FAIL
17,9,0,18,13,68,4.5,2,9.6,7,5.47,MECH,1,44.96,FAIL
12,4,3,6,18,50,5.3,2,7.1,5,3.91,CSE,2,29.41,FAIL
17,11,5,19,13,100,4.6,1,8.6,5,5.5,CSE,3,61.5,C
15,8,2,11,11,95,2.7,3,8.2,4,4.48,ECE,2,44.73,FAIL
9,5,2,13,11,55,2.7,2,5.1,5,4.59,ECE,2,34.13,FAIL
14,11,5,15,10,85,1.1,1,6.7,4,5.91,CSE,3,49.17,FAIL
8,10,3,10,13,67,2.3,3,10.2,8,4.57,CSE,3,29.74,FAIL
17,9,6,12,10,78,7.9,0,6.2,6,5.2,CSE,3,49.61,FAIL
15,8,7,13,14,79,2.4,1,6.0,5,5.88,ECE,3,47.08,FAIL
14,7,5,11,16,71,1.6,2,7.3,5,5.17,ECE,2,43.09,FAIL
12,10,5,15,16,63,4.6,2,6.3,5,6.16,ECE,3,42.33,FAIL
15,6,4,12,12,64,3.8,1,5.8,5,4.93,ECE,1,41.54,FAIL
14,8,5,10,11,61,3.6,2,6.3,3,5.12,MECH,4,41.4,FAIL
22,10,4,12,16,62,6.8,0,9.1,1,6.64,CSE,3,54.44,D
16,10,4,13,13,73,5.1,1,6.8,3,5.42,CSE,2,45.89,FAIL
10,9,2,11,13,64,2.9,1,5.0,5,4.78,ECE,4,35.42,FAIL
8,5,1,9,14,85,3.2,3,4.7,4,3.96,MECH,1,30.92,FAIL
17,12,7,17,17,97,3.0,0,10.3,7,6.52,CSE,4,60.21,C
11,10,5,13,16,66,5.7,0,6.7,5,5.41,CSE,4,47.63,FAIL
10,8,5,16,14,78,3.4,1,7.7,9,4.81,MECH,3,42.15,FAIL
10,7,4,14,9,82,0.4,1,5.8,4,5.34,MECH,1,40.28,FAIL
11,8,7,15,6,82,3.9,0,7.5,5,4.79,CSE,1,44.06,FAIL
16,7,6,10,12,76,0.9,1,9.2,4,4.88,MECH,4,42.45,FAIL
14,9,5,21,16,86,8.4,3,6.0,6,6.05,MECH,3,50.53,D
11,7,4,13,13,82,2.1,1,7.7,7,4.99,CSE,2,41.01,FAIL
7,8,3,15,16,56,3.7,0,4.9,6,4.7,MECH,4,38.48,FAIL
11,9,3,19,15,88,4.5,0,10.0,1,6.35,CSE,1,57.71,D
14,11,4,14,15,88,3.4,0,7.4,6,5.65,MECH,4,54.38,D
12,7,3,9,9,63,3.4,1,6.4,3,4.38,ECE,4,34.29,FAIL
11,9,1,15,16,75,4.8,2,6.6,4,6.01,ECE,2,42.53,FAIL
11,11,1,14,13,85,7.1,2,6.2,6,5.37,CSE,4,43.3,FAIL
9,8,4,12,17,71,5.5,1,6.3,3,5.49,ECE,1,46.6,FAIL
16,8,6,12,15,91,7.0,2,3.3,7,5.02,MECH,1,46.41,FAIL
17,9,3,20,14,100,1.9,2,6.9,4,5.38,ECE,1,57.02,D
8,4,6,8,7,63,4.6,1,6.8,9,4.74,MECH,3,30.61,FAIL
10,4,3,7,8,54,4.3,1,7.7,5,5.27,CSE,1,28.2,FAIL
17,7,3,15,16,79,4.7,0,6.2,8,5.45,CSE,3,52.54,D
15,8,3,14,19,85,6.8,1,5.8,7,5.66,CSE,1,51.75,D
12,9,4,12,13,71,3.6,1,7.0,4,4.88,MECH,1,41.12,FAIL
16,12,2,11,14,96,3.2,2,4.6,2,5.78,CSE,1,50.98,D
11,9,3,14,12,54,5.1,2,7.2,5,5.07,MECH,3,34.19,FAIL
10,4,4,13,12,85,0.4,1,4.2,4,4.81,MECH,3,41.76,FAIL
13,5,2,15,10,65,3.5,0,8.7,8,5.09,MECH,4,39.23,FAIL
10,10,4,16,11,100,3.7,1,8.0,5,5.13,MECH,1,50.89,D
8,8,4,12,9,100,2.2,2,5.6,4,4.42,CSE,4,38.56,FAIL
13,6,3,10,13,63,6.1,2,8.0,2,6.23,ECE,2,36.79,FAIL
13,6,4,9,11,66,1.9,3,7.2,6,4.62,ECE,3,34.31,FAIL
18,7,6,12,11,87,3.7,2,5.5,3,5.68,CSE,1,47.51,FAIL
10,11,2,9,12,69,4.6,1,4.0,6,4.32,CSE,3,40.3,FAIL
18,12,5,20,13,74,6.7,2,7.5,6,6.1,MECH,2,54.15,D
18,8,4,18,9,75,4.0,1,5.8,4,5.36,MECH,3,49.88,FAIL
12,8,4,10,10,46,5.9,0,8.6,7,4.73,MECH,3,34.2,FAIL
16,10,4,17,15,74,5.4,1,7.0,4,5.62,ECE,1,50.42,D
17,8,2,12,10,64,4.2,1,6.0,2,4.35,MECH,4,43.71,FAIL
10,11,2,10,16,67,1.8,1,9.7,8,4.94,ECE,3,38.54,FAIL
14,13,6,15,17,96,1.1,1,7.9,3,6.3,CSE,2,61.31,C
16,10,2,5,14,56,4.2,2,1.5,6,4.36,CSE,2,38.11,FAIL
11,10,3,9,23,87,2.9,1,6.3,6,5.23,CSE,1,50.76,D
14,8,6,15,12,70,5.8,1,4.9,6,4.88,CSE,2,42.72,FAIL
12,7,5,17,10,70,5.5,1,5.8,6,5.62,CSE,3,45.34,FAIL
19,8,3,18,13,86,3.6,0,6.8,3,6.18,ECE,1,54.28,D
8,10,3,9,12,80,1.7,2,7.5,8,4.55,MECH,4,36.04,FAIL
14,7,3,17,16,83,5.0,0,7.4,7,5.52,CSE,3,48.58,FAIL
11,9,2,16,14,89,2.0,2,8.6,6,5.41,CSE,3,46.55,FAIL
8,6,3,14,12,70,2.5,1,8.0,2,5.51,CSE,1,39.46,FAIL
6,7,3,11,12,65,2.0,1,7.9,3,4.67,ECE,3,38.3,FAIL
12,6,3,11,16,58,3.7,2,7.3,6,5.34,ECE,1,35.69,FAIL
16,11,5,17,13,62,6.3,1,8.9,1,6.12,CSE,3,48.41,FAIL
16,10,6,19,13,100,4.0,0,6.5,6,6.15,CSE,3,62.64,C
15,8,3,13,20,93,3.1,2,6.6,2,5.16,CSE,2,50.55,D
8,4,2,10,5,54,0.9,2,4.1,3,3.8,MECH,2,25.44,FAIL
17,10,4,16,17,55,5.1,0,8.6,2,6.43,ECE,4,52.59,D
16,9,3,14,13,82,2.4,2,6.9,5,5.71,MECH,1,44.09,FAIL
14,8,5,12,18,83,4.2,0,11.4,7,5.23,MECH,4,52.23,D
15,9,2,14,13,83,3.3,4,6.4,6,5.55,MECH,2,38.05,FAIL
12,8,3,16,15,71,5.7,1,7.1,6,5.01,MECH,4,46.68,FAIL
18,3,2,9,8,73,3.7,2,7.8,5,4.36,MECH,4,34.41,FAIL
14,8,2,15,10,79,3.9,2,5.3,6,3.97,MECH,4,42.4,FAIL
14,6,3,12,15,76,5.0,0,7.5,6,5.29,ECE,1,46.34,FAIL
14,8,2,20,12,41,8.2,2,7.1,1,6.25,ECE,4,42.85,FAIL
14,10,4,17,11,71,5.8,1,6.5,7,5.87,CSE,2,45.69,FAIL
12,8,3,12,19,62,3.8,2,8.8,7,5.53,CSE,1,40.16,FAIL
15,12,4,10,14,77,4.0,1,5.6,4,5.63,ECE,2,48.81,FAIL
11,9,5,14,19,100,3.0,0,7.4,1,6.17,MECH,2,60.42,C
13,8,5,13,20,80,2.1,1,9.2,5,5.87,ECE,4,49.66,FAIL
10,7,2,9,9,70,2.9,3,5.9,6,3.76,MECH,1,31.8,FAIL
14,9,5,12,14,88,2.5,1,6.6,4,5.83,MECH,4,52.09,D
15,12,4,14,15,82,5.3,0,10.5,5,5.3,ECE,3,51.18,D
12,9,3,12,13,81,1.9,2,7.7,7,4.47,CSE,2,40.2,FAIL
16,13,4,13,19,84,6.7,1,6.2,10,5.49,ECE,3,52.58,D
17,8,4,20,20,100,5.5,1,8.2,5,6.47,ECE,3,59.27,D
14,9,3,14,13,58,4.0,1,6.1,6,4.38,ECE,2,44.89,FAIL
16,7,4,14,13,82,4.0,1,4.7,3,5.63,CSE,2,47.89,FAIL
19,9,4,15,12,61,2.9,1,9.1,4,5.37,CSE,1,48.03,FAIL
16,9,6,16,10,83,4.5,0,5.3,5,5.11,MECH,3,54.13,D
11,8,3,12,16,61,6.2,2,10.7,7,5.44,ECE,4,38.72,FAIL
13,11,3,14,20,68,2.6,2,6.3,7,5.67,ECE,2,46.93,FAIL
9,4,7,8,12,70,0.9,2,10.2,9,4.51,MECH,4,34.57,FAIL
15,14,2,13,20,89,5.4,0,4.9,2,5.64,MECH,3,60.14,C
19,12,2,18,18,88,4.6,1,8.5,2,6.09,MECH,3,62.42,C
9,7,5,12,8,56,1.8,1,7.7,7,4.33,CSE,3,34.01,FAIL
11,8,7,14,10,75,2.5,2,8.3,8,5.25,CSE,3,38.41,FAIL
14,8,6,13,9,64,2.3,1,8.5,5,5.65,ECE,4,42.8,FAIL
9,8,4,6,11,56,2.6,0,6.3,1,4.84,CSE,4,37.74,FAIL
9,5,3,7,14,71,3.4,3,5.0,4,4.53,ECE,4,33.57,FAIL
15,3,4,15,16,70,3.5,0,6.9,6,5.92,MECH,3,43.39,FAIL
10,10,5,17,12,100,2.7,2,7.3,3,5.83,MECH,1,49.84,FAIL
10,6,5,10,15,81,2.5,0,6.3,5,4.22,MECH,2,43.97,FAIL
15,6,4,17,10,54,3.5,2,7.4,9,5.3,MECH,1,34.59,FAIL
8,5,1,11,14,66,4.3,0,7.5,8,5.39,CSE,2,33.8,FAIL
10,12,3,19,13,90,3.4,1,5.6,7,5.89,MECH,4,53.22,D
14,15,6,13,14,100,6.3,0,7.6,5,6.77,MECH,1,56.55,D
6,9,2,11,10,51,5.0,2,6.6,4,6.23,MECH,2,28.31,FAIL
13,5,0,9,10,46,0.8,2,6.0,7,3.41,CSE,4,28.74,FAIL
16,11,6,15,16,100,5.0,0,8.2,5,5.55,CSE,1,63.0,C
12,10,5,16,11,80,5.2,2,5.8,5,5.11,MECH,3,46.61,FAIL
8,7,6,12,10,61,3.1,1,6.3,2,4.8,MECH,2,36.92,FAIL
19,11,5,17,17,83,1.0,3,7.1,4,5.16,MECH,2,56.83,D
11,8,2,8,12,35,4.0,1,9.1,7,4.17,CSE,2,30.56,FAIL
12,10,4,9,15,75,4.0,1,7.3,3,4.83,CSE,3,46.89,FAIL
15,11,2,11,18,79,1.8,1,7.8,6,4.56,ECE,4,49.19,FAIL
14,10,1,11,17,88,1.1,3,6.6,6,4.82,CSE,4,41.1,FAIL
11,7,6,11,13,59,3.8,2,6.9,6,5.33,CSE,2,35.69,FAIL
11,8,4,10,11,76,3.5,2,6.9,6,4.77,MECH,2,40.11,FAIL
10,10,6,8,20,61,3.2,2,7.4,6,5.17,CSE,2,40.34,FAIL
10,6,4,17,16,78,3.8,3,6.6,4,4.65,CSE,1,42.83,FAIL
13,5,3,5,8,61,1.8,3,9.0,2,3.56,ECE,3,28.61,FAIL
11,5,5,12,8,68,3.1,3,6.4,3,5.05,CSE,1,34.91,FAIL
16,12,3,12,5,60,5.1,1,4.4,6,4.37,CSE,1,41.26,FAIL
12,10,4,15,10,84,3.3,0,11.1,3,5.48,MECH,2,47.71,FAIL
10,9,4,12,11,87,0.7,1,6.5,3,4.69,MECH,4,45.18,FAIL
11,5,6,8,17,71,3.1,3,9.0,3,5.05,ECE,4,36.53,FAIL
10,10,5,10,15,75,1.9,3,9.1,1,5.06,MECH,2,44.23,FAIL
10,8,4,11,12,53,4.5,2,8.4,3,4.73,CSE,1,35.84,FAIL
14,4,3,12,14,70,4.6,0,6.7,7,4.28,CSE,3,41.47,FAIL
14,7,3,6,8,74,0.7,1,7.4,4,3.85,ECE,1,37.01,FAIL
16,8,3,17,11,100,5.5,2,5.1,2,4.89,ECE,4,52.74,D
9,9,3,10,12,58,1.8,0,10.0,4,6.22,MECH,3,35.89,FAIL
15,12,5,22,20,96,7.1,1,5.7,6,5.77,CSE,2,62.65,C
15,11,5,10,16,89,3.9,1,6.6,1,6.61,MECH,2,50.51,D
17,4,5,13,14,79,1.5,1,7.1,7,4.7,MECH,1,47.33,FAIL
18,10,3,15,15,100,1.7,3,6.8,2,5.63,ECE,4,52.16,D
18,11,4,14,11,80,4.7,1,6.0,4,5.55,CSE,3,48.26,FAIL
12,9,5,16,15,80,3.2,3,9.1,4,5.85,CSE,3,47.81,FAIL
9,9,2,10,11,74,3.8,2,8.4,4,4.78,MECH,3,38.19,FAIL
18,12,4,16,20,93,7.2,0,7.5,5,5.83,CSE,3,59.85,D
12,5,5,11,9,91,2.6,2,6.4,7,5.25,ECE,4,37.5,FAIL
12,10,3,15,16,65,4.1,3,8.6,5,4.22,MECH,3,43.35,FAIL
15,8,1,13,10,55,6.8,2,6.3,4,5.84,ECE,1,38.5,FAIL
13,8,6,13,13,71,4.5,1,9.4,6,5.87,CSE,1,44.27,FAIL
12,4,3,13,4,62,0.8,3,7.2,5,3.52,CSE,1,30.45,FAIL
9,11,2,8,17,74,5.0,3,8.8,4,5.15,ECE,3,38.36,FAIL
14,12,3,19,10,93,1.7,0,6.8,5,5.32,MECH,3,55.29,D
17,11,5,15,14,68,6.8,0,7.1,3,6.05,CSE,2,51.6,D
19,8,5,17,17,74,2.4,0,8.8,3,6.13,CSE,4,58.32,D
17,17,7,18,15,75,9.9,2,10.3,7,5.77,MECH,4,55.41,D
22,12,4,12,18,87,6.9,1,9.3,6,7.12,ECE,4,57.92,D
13,5,2,11,11,41,2.4,1,8.3,7,4.23,MECH,3,31.57,FAIL
19,10,5,9,13,65,4.0,0,7.9,6,4.9,ECE,3,46.46,FAIL
16,10,6,14,16,78,5.5,1,6.2,3,5.86,CSE,4,55.24,D
22,15,4,21,14,93,5.6,2,7.4,7,5.76,MECH,1,62.74,C
16,7,3,12,12,67,4.9,2,5.6,4,5.25,CSE,1,37.79,FAIL
9,8,5,17,15,46,6.5,2,7.6,7,5.8,ECE,2,38.11,FAIL
14,12,1,11,13,84,3.8,2,7.7,5,5.54,MECH,4,41.68,FAIL
8,8,3,15,11,65,3.3,0,4.1,6,4.03,MECH,3,38.82,FAIL
15,6,3,10,5,57,3.3,2,7.1,6,4.24,MECH,3,31.44,FAIL
15,8,4,16,14,65,5.7,1,7.6,7,5.83,CSE,4,43.94,FAIL
10,7,5,14,16,72,4.7,2,6.9,2,5.87,MECH,4,41.7,FAIL
15,5,5,12,14,65,4.6,1,7.5,2,4.67,ECE,1,43.21,FAIL
14,8,1,5,9,41,5.6,2,5.0,6,3.63,CSE,4,25.03,FAIL
11,9,3,10,13,88,0.0,0,5.8,6,4.77,ECE,1,42.95,FAIL
15,12,6,14,15,94,4.6,2,8.6,3,6.32,MECH,4,56.0,D
14,7,2,10,18,84,4.4,1,7.0,6,5.01,CSE,1,43.51,FAIL
7,8,3,13,12,57,7.3,2,7.5,2,4.79,ECE,1,36.37,FAIL
12,7,6,14,13,71,0.9,1,6.2,10,3.61,ECE,3,42.5,FAIL
21,13,5,13,15,74,7.1,1,7.0,8,6.11,ECE,2,54.82,D
12,10,4,19,10,83,4.2,3,3.5,6,5.2,CSE,1,43.54,FAIL
21,11,2,15,15,85,5.0,0,8.3,5,6.15,ECE,4,58.37,D
19,8,1,14,13,63,7.4,0,9.7,4,6.35,CSE,2,46.59,FAIL
14,11,6,13,13,76,5.1,1,5.4,2,5.19,CSE,2,51.58,D
16,9,3,21,11,81,4.8,2,5.6,5,5.11,ECE,4,51.02,D
21,8,5,17,15,96,4.5,1,7.7,3,5.88,MECH,4,56.95,D
15,8,6,16,18,85,3.0,0,9.2,3,5.92,ECE,2,55.74,D
17,12,4,17,20,86,3.9,2,7.0,2,6.27,MECH,4,56.9,D
12,10,4,10,12,76,2.6,3,5.2,5,5.8,MECH,2,36.58,FAIL
16,5,6,19,18,96,3.9,0,6.7,4,6.09,ECE,3,61.87,C
14,8,6,9,16,81,0.0,2,5.5,6,4.98,CSE,3,44.85,FAIL
13,6,6,11,10,62,4.9,1,6.0,6,5.81,ECE,1,37.34,FAIL
13,11,7,13,10,96,3.8,1,6.5,5,5.44,CSE,1,48.97,FAIL
17,10,1,13,10,85,3.3,2,5.6,10,5.28,MECH,2,41.8,FAIL
14,6,5,13,13,68,4.4,1,5.8,7,5.09,MECH,2,43.83,FAIL
11,8,6,11,5,67,1.1,2,7.1,2,5.32,MECH,2,36.64,FAIL
21,12,6,14,19,79,7.9,0,7.3,6,5.6,CSE,3,60.97,C
19,10,4,10,6,81,3.8,2,4.9,5,4.4,CSE,4,45.05,FAIL
17,8,3,14,14,77,3.7,1,7.6,2,5.75,CSE,2,50.63,D
10,11,3,8,14,79,2.1,3,6.4,2,5.47,MECH,2,37.23,FAIL
16,10,7,15,17,100,4.0,1,8.1,6,5.43,ECE,4,59.09,D
18,10,5,20,20,91,6.8,2,8.2,6,5.84,ECE,4,60.51,C
9,9,3,15,19,77,6.1,3,6.2,3,5.19,MECH,3,47.07,FAIL
18,11,2,17,16,89,5.7,1,7.9,7,5.15,MECH,1,55.47,D
12,9,4,16,10,59,5.1,3,5.7,6,4.56,CSE,2,38.32,FAIL
16,10,3,14,13,80,3.3,2,9.0,7,4.56,ECE,3,48.01,FAIL
12,7,4,11,14,100,1.1,0,5.8,7,4.73,ECE,4,50.29,D
15,9,7,12,14,71,3.6,0,7.5,5,5.49,CSE,3,49.45,FAIL
14,8,5,13,11,62,3.5,2,6.7,8,5.29,MECH,4,36.07,FAIL
16,10,7,12,19,65,6.1,1,5.5,3,6.35,MECH,2,50.76,D
13,6,4,19,10,58,4.6,2,8.4,10,4.39,ECE,1,35.2,FAIL
15,13,6,15,15,63,7.2,2,6.1,3,6.08,MECH,4,49.59,FAIL
10,9,6,19,11,69,6.4,3,4.4,5,5.3,CSE,1,43.26,FAIL
4,6,2,10,13,53,3.1,0,2.7,4,4.21,CSE,3,29.01,FAIL
10,8,3,12,18,75,0.4,1,5.7,4,4.93,ECE,1,45.35,FAIL
19,13,4,16,20,88,6.8,2,9.1,10,6.07,ECE,4,54.4,D
11,9,3,17,10,61,6.7,2,8.9,4,5.31,CSE,4,39.48,FAIL
16,8,4,20,11,97,1.3,2,5.9,7,4.75,MECH,2,52.69,D
19,12,3,11,11,82,7.0,0,6.4,5,5.47,ECE,2,51.4,D
16,13,4,14,15,90,4.8,2,6.3,7,5.02,MECH,2,49.05,FAIL
13,12,5,15,15,65,4.3,1,5.0,4,5.54,MECH,3,51.45,D
18,8,5,10,13,87,7.2,0,5.6,6,5.24,ECE,4,50.27,D
16,10,3,11,11,58,6.7,2,8.5,6,4.96,CSE,2,40.78,FAIL
15,10,6,17,10,88,5.3,1,7.8,4,5.96,CSE,3,54.87,D
14,11,3,12,13,77,4.9,2,7.4,10,5.03,MECH,4,42.98,FAIL
12,13,3,14,12,83,5.2,1,5.0,6,5.01,ECE,2,45.08,FAIL
13,3,6,14,10,57,3.2,0,7.2,5,5.6,MECH,4,42.12,FAIL
5,7,5,10,18,61,3.9,2,3.5,4,4.36,ECE,2,38.19,FAIL
12,8,4,10,15,83,2.2,1,8.3,5,5.19,ECE,2,46.41,FAIL
8,5,6,8,10,60,3.3,0,7.4,3,4.11,CSE,4,33.07,FAIL
12,6,3,6,13,81,3.3,1,5.0,9,4.49,MECH,3,35.68,FAIL
8,6,4,12,8,54,2.7,2,9.4,6,4.11,CSE,4,26.34,FAIL
8,8,2,13,16,87,4.3,0,4.3,5,4.76,ECE,1,47.14,FAIL
8,6,1,13,9,56,3.4,0,7.8,7,3.65,MECH,3,34.63,FAIL
13,5,6,16,11,83,5.0,3,7.8,4,5.23,ECE,3,43.45,FAIL
15,8,6,13,17,84,0.8,0,5.1,3,4.96,MECH,4,54.62,D
10,10,3,13,10,64,3.8,1,6.9,5,4.83,ECE,2,40.99,FAIL
11,8,8,8,20,83,4.3,0,4.5,5,4.95,MECH,1,49.44,FAIL
9,5,6,13,15,78,3.4,4,2.7,6,4.51,ECE,4,35.16,FAIL
16,8,3,12,14,66,3.7,1,5.4,2,4.88,MECH,3,46.1,FAIL
9,9,2,8,7,59,0.8,0,6.1,4,4.49,CSE,3,35.95,FAIL
13,8,1,10,16,45,4.7,2,8.0,1,5.14,MECH,3,36.42,FAIL
10,8,4,17,22,80,5.3,2,7.1,3,5.81,ECE,4,50.57,D
6,5,4,10,8,51,5.0,3,7.1,6,4.67,MECH,3,22.91,FAIL
11,10,4,13,13,76,6.1,2,5.5,7,4.92,MECH,4,38.84,FAIL
19,9,4,16,11,71,4.4,0,6.2,3,5.68,MECH,2,51.49,D
12,9,6,14,14,85,5.0,1,5.6,4,5.79,ECE,1,49.92,FAIL
11,7,4,13,12,70,4.3,1,5.2,5,4.95,MECH,2,40.24,FAIL
14,10,5,14,18,70,5.4,2,6.1,7,5.58,MECH,2,45.11,FAIL
10,8,4,15,8,85,0.8,2,7.1,8,4.78,ECE,1,40.32,FAIL
14,8,4,13,15,80,2.2,2,6.1,5,4.91,ECE,1,43.01,FAIL
13,8,6,11,18,79,7.2,0,6.5,4,5.71,MECH,1,52.84,D
9,6,5,15,10,82,0.0,1,8.0,2,5.33,MECH,1,40.89,FAIL
18,5,1,8,10,51,3.7,1,6.2,5,4.17,ECE,1,32.2,FAIL
11,9,7,12,12,86,6.3,4,5.0,9,4.18,ECE,1,41.56,FAIL
16,10,4,13,14,84,3.8,0,7.8,8,5.29,CSE,4,49.73,FAIL
9,11,2,19,18,59,3.2,2,7.4,5,5.25,ECE,4,45.73,FAIL
8,6,4,14,10,71,4.3,0,7.5,6,4.61,CSE,3,41.26,FAIL
14,11,5,20,15,74,3.3,0,7.9,4,5.83,MECH,1,56.31,D
8,5,5,12,9,72,4.1,1,7.7,4,4.51,ECE,3,36.24,FAIL
11,9,5,15,15,80,2.6,2,7.0,5,4.85,ECE,2,44.05,FAIL
16,9,7,24,19,96,6.2,1,10.6,5,7.12,CSE,4,63.44,C
20,8,8,19,18,91,6.8,2,5.1,7,5.67,CSE,3,60.89,C
6,8,3,12,9,55,3.7,3,6.1,7,4.33,CSE,3,26.1,FAIL
15,9,4,9,9,84,1.2,1,8.5,6,5.21,CSE,3,39.92,FAIL
17,10,3,13,11,94,3.0,1,7.2,3,6.29,ECE,1,52.45,D
12,6,5,14,13,80,3.6,2,8.1,3,4.86,ECE,2,44.63,FAIL
14,12,6,20,18,91,5.0,1,7.3,3,6.54,CSE,2,62.75,C
15,10,4,14,16,100,2.0,2,9.1,5,5.41,CSE,2,52.04,D
15,11,5,17,17,90,2.5,0,5.5,1,5.92,MECH,2,62.7,C
15,6,4,12,12,78,5.0,3,9.0,5,5.3,MECH,4,39.86,FAIL
16,12,6,15,17,90,5.9,3,8.8,8,6.47,CSE,2,51.06,D
9,7,3,14,5,77,2.8,2,5.2,6,4.79,ECE,4,34.56,FAIL
14,8,4,11,11,75,1.3,1,7.9,4,4.4,ECE,2,40.4,FAIL
17,11,3,16,22,69,10.6,1,6.9,4,6.24,CSE,4,58.36,D
15,9,5,15,17,98,5.6,0,6.1,7,6.22,ECE,3,58.76,D
9,7,4,8,18,62,3.5,1,4.2,6,5.1,ECE,2,35.08,FAIL
19,9,4,16,17,97,5.7,4,5.5,5,5.77,CSE,1,53.29,D
19,9,5,10,18,82,3.8,1,8.1,4,5.93,MECH,1,52.94,D
14,6,7,11,14,54,5.7,2,8.2,5,4.91,MECH,4,36.91,FAIL
16,10,3,14,17,80,4.3,3,6.7,4,5.71,MECH,3,45.27,FAIL
14,5,0,15,12,43,4.2,3,8.2,7,4.7,ECE,2,30.68,FAIL
11,9,5,9,14,84,3.8,2,8.4,7,3.85,CSE,2,38.32,FAIL
19,15,7,14,11,88,1.1,1,7.2,2,4.93,MECH,2,57.12,D
12,9,5,15,19,66,7.9,0,5.9,3,5.7,MECH,1,53.02,D
11,5,4,9,17,76,2.1,3,7.7,8,4.85,CSE,4,35.2,FAIL
12,13,3,14,15,100,1.3,3,7.7,5,5.42,ECE,3,48.68,FAIL
13,9,5,9,12,67,3.6,1,8.0,3,5.34,CSE,4,43.65,FAIL
17,7,4,12,8,59,2.1,0,8.3,7,5.18,MECH,1,42.3,FAIL
14,9,6,14,16,97,3.9,2,5.0,6,5.5,CSE,1,52.15,D
15,7,2,17,14,100,5.4,1,6.2,9,4.23,MECH,4,48.47,FAIL
7,9,5,13,14,75,6.0,0,4.2,5,6.14,MECH,1,45.42,FAIL
15,8,3,7,11,90,5.6,3,8.1,7,4.67,CSE,3,36.07,FAIL
19,9,6,14,13,95,3.4,0,6.7,2,6.27,MECH,1,57.6,D
11,8,2,13,11,63,4.1,2,7.6,8,3.97,ECE,3,32.61,FAIL
10,11,5,14,15,67,4.8,1,4.8,7,5.45,MECH,1,46.0,FAIL
9,8,3,11,14,93,0.5,3,9.1,8,4.9,ECE,3,35.63,FAIL
14,11,4,20,26,100,5.1,2,5.2,7,5.66,CSE,2,60.07,C
7,11,5,10,13,83,1.1,0,8.2,5,4.13,MECH,4,42.57,FAIL
20,8,4,18,19,61,8.1,1,7.2,3,6.03,MECH,2,55.21,D
17,7,3,16,16,100,3.2,0,6.7,4,5.88,CSE,2,59.65,D
18,10,4,15,9,67,3.6,2,6.6,1,5.66,MECH,1,46.13,FAIL
12,7,3,15,12,69,2.5,1,6.0,3,5.49,ECE,2,44.6,FAIL
11,8,2,17,19,80,2.7,1,8.9,6,5.33,MECH,3,51.11,D
16,12,6,15,15,98,8.5,1,7.0,5,6.13,MECH,1,57.8,D
13,12,5,16,15,87,5.9,0,5.1,5,5.1,CSE,4,54.95,D
11,8,4,8,12,81,0.9,1,6.4,3,4.86,CSE,1,44.08,FAIL
21,7,6,19,22,81,7.0,1,7.2,1,6.74,CSE,4,65.58,C
17,10,1,9,16,75,6.4,2,8.3,5,5.23,MECH,3,45.58,FAIL
13,8,3,18,14,83,3.4,1,6.1,6,4.18,CSE,2,49.88,FAIL
5,5,3,11,9,37,4.6,3,6.2,3,4.14,MECH,3,19.15,FAIL
14,5,6,14,7,70,4.0,1,7.0,4,5.51,ECE,4,41.73,FAIL
14,9,5,10,14,78,7.9,2,8.3,8,5.45,MECH,2,44.16,FAIL
15,2,5,14,11,57,2.4,2,4.9,7,4.55,ECE,2,37.75,FAIL
16,5,3,17,14,80,4.3,3,7.8,2,4.73,CSE,3,47.48,FAIL
11,4,2,10,8,71,3.1,3,6.3,5,3.47,ECE,4,31.25,FAIL
7,6,4,12,9,100,1.1,2,6.5,8,5.13,MECH,1,36.91,FAIL
19,14,6,18,21,98,8.4,1,10.0,5,7.02,ECE,3,66.19,C
8,6,0,15,9,68,1.6,3,6.7,4,3.98,MECH,4,28.03,FAIL
15,10,4,13,14,72,4.4,0,8.1,7,5.39,CSE,1,50.85,D
9,8,4,12,7,73,0.5,1,8.1,7,5.25,CSE,3,36.56,FAIL
12,5,3,15,11,68,3.2,0,5.2,7,4.59,CSE,3,43.2,FAIL
8,8,3,7,17,77,4.8,0,4.2,4,5.64,CSE,4,44.79,FAIL
7,7,4,11,12,63,2.4,2,8.2,6,4.88,MECH,3,35.35,FAIL
9,7,4,11,10,58,5.2,4,5.4,8,4.41,ECE,2,24.93,FAIL
12,10,5,15,12,84,3.5,2,4.5,5,5.48,MECH,1,44.3,FAIL
18,13,6,20,17,84,6.3,2,8.5,4,6.89,ECE,3,62.3,C
8,9,4,16,14,62,6.7,1,5.5,7,4.67,ECE,4,41.71,FAIL
11,12,4,12,14,88,2.8,3,5.8,9,4.76,ECE,1,41.4,FAIL
10,8,5,11,13,65,4.2,1,10.0,9,4.43,MECH,4,35.84,FAIL
16,8,7,14,16,78,4.4,3,4.5,4,5.25,ECE,1,47.28,FAIL
14,12,7,17,15,87,5.2,2,5.1,4,5.43,CSE,3,56.75,D
11,7,3,18,20,74,4.0,4,6.3,3,5.9,ECE,3,43.18,FAIL
12,11,2,11,17,81,4.4,2,6.6,5,6.06,MECH,4,45.15,FAIL
11,8,5,14,11,67,3.5,1,5.7,3,5.44,CSE,4,40.32,FAIL
9,7,4,13,15,72,4.2,0,5.3,4,5.62,MECH,1,46.21,FAIL
19,10,4,20,16,71,6.6,3,9.3,6,5.24,ECE,4,53.05,D
12,7,4,9,14,63,5.3,2,7.4,6,4.6,MECH,4,35.38,FAIL
12,6,4,11,14,72,5.4,2,7.9,1,6.03,ECE,1,39.42,FAIL
8,8,1,10,6,51,5.4,1,6.8,8,4.61,MECH,1,25.84,FAIL
11,7,3,16,19,67,3.7,0,7.4,3,6.26,CSE,1,51.53,D
13,8,2,14,12,70,4.6,0,8.4,3,4.57,ECE,3,44.68,FAIL
7,8,5,11,6,71,1.8,2,5.5,3,5.21,MECH,4,35.77,FAIL
15,11,8,18,14,71,6.5,0,7.4,4,5.89,CSE,3,58.67,D
13,3,3,10,13,74,0.0,2,8.0,3,4.6,CSE,3,38.94,FAIL
12,7,8,16,11,82,3.8,1,9.3,3,5.27,MECH,2,48.97,FAIL
14,11,2,12,13,88,6.3,1,9.9,1,6.27,CSE,4,50.79,D
12,12,2,7,9,65,1.3,3,7.1,5,3.85,CSE,3,30.57,FAIL
10,9,4,12,14,56,4.8,0,8.7,5,5.84,ECE,3,40.41,FAIL
11,7,0,12,10,59,2.6,1,3.0,9,5.27,ECE,3,31.71,FAIL
13,10,6,10,11,67,3.3,2,9.3,6,4.92,ECE,4,37.72,FAIL
12,8,3,11,16,69,5.9,3,5.9,4,5.0,CSE,1,41.88,FAIL
8,9,4,13,12,63,4.4,1,6.6,3,4.53,CSE,2,38.67,FAIL
7,6,3,11,4,55,0.0,2,7.7,5,3.83,ECE,2,24.47,FAIL
12,9,1,9,15,68,2.0,4,6.8,6,4.4,CSE,1,30.98,FAIL
14,12,9,12,15,77,6.0,1,7.3,4,6.23,MECH,1,51.33,D
19,10,6,18,15,83,4.9,2,9.4,5,7.33,CSE,3,53.35,D
13,6,4,15,13,66,7.5,4,6.4,9,4.65,CSE,4,35.23,FAIL
12,7,3,11,10,68,7.4,3,5.4,4,4.98,MECH,2,34.71,FAIL
10,8,4,17,12,61,3.3,2,9.7,1,4.92,CSE,2,39.25,FAIL
17,11,3,14,18,74,9.0,1,7.8,7,5.92,MECH,3,53.49,D
16,8,4,12,11,62,4.0,0,9.9,6,5.31,ECE,4,45.14,FAIL
14,9,6,13,13,83,2.1,0,8.3,2,5.61,CSE,2,52.63,D
7,4,5,7,8,48,2.7,1,5.0,6,3.99,CSE,1,24.62,FAIL
15,8,3,17,14,69,0.0,0,8.0,3,5.57,ECE,2,50.9,D
13,10,4,13,15,79,7.2,0,5.5,6,5.83,MECH,1,47.12,FAIL
20,7,6,21,14,77,7.2,1,7.0,9,5.62,MECH,2,51.62,D
14,8,6,14,15,100,2.0,0,6.9,5,5.62,MECH,2,56.67,D
10,9,6,12,12,80,3.5,0,4.6,7,4.71,MECH,2,42.3,FAIL
13,9,6,10,11,59,4.2,0,5.8,3,4.64,MECH,1,43.35,FAIL
12,7,3,15,11,73,2.1,1,10.3,2,5.82,CSE,4,45.02,FAIL
10,7,4,15,11,48,0.5,3,7.4,9,4.08,CSE,2,30.1,FAIL
13,7,2,11,12,73,3.6,2,6.7,6,5.28,CSE,2,39.59,FAIL
7,5,3,10,10,62,3.4,3,9.7,6,4.26,ECE,1,26.57,FAIL
14,13,3,18,15,88,3.2,2,6.4,7,5.29,CSE,4,54.07,D
14,7,2,9,19,66,4.4,1,6.9,4,5.02,ECE,3,43.57,FAIL
14,6,5,12,17,73,6.9,2,8.5,7,5.03,CSE,2,40.76,FAIL
16,7,3,17,10,65,3.4,2,6.4,6,5.14,MECH,1,42.81,FAIL
17,10,5,17,12,100,4.3,1,5.9,2,6.02,ECE,4,60.19,C
14,11,3,12,15,70,5.5,2,3.6,8,5.82,CSE,2,41.07,FAIL
17,10,6,18,14,100,5.1,0,5.6,8,5.64,MECH,4,57.46,D
12,10,4,9,13,87,2.8,2,5.6,2,5.3,ECE,3,45.63,FAIL
15,11,4,17,13,82,4.2,1,7.2,5,5.34,CSE,1,54.73,D
14,8,2,7,13,80,5.1,3,6.1,5,4.77,MECH,3,36.95,FAIL
10,9,6,10,13,80,1.7,0,10.2,8,5.68,CSE,1,41.45,FAIL
15,8,4,14,11,46,6.5,0,5.4,2,5.24,MECH,4,41.08,FAIL
21,10,5,11,8,70,6.9,1,9.1,10,5.35,CSE,2,44.96,FAIL
15,9,2,13,13,87,2.6,4,7.3,5,4.77,MECH,4,40.01,FAIL
8,9,5,16,16,74,4.4,0,8.2,6,5.64,CSE,4,48.52,FAIL
10,7,3,9,8,53,5.3,2,8.1,8,4.28,MECH,4,27.17,FAIL
8,8,3,11,14,74,2.9,1,3.7,5,4.44,MECH,3,41.14,FAIL
15,10,7,19,17,100,5.0,0,7.0,5,5.88,CSE,2,61.85,C
17,14,5,16,15,93,4.3,1,6.6,4,5.39,ECE,1,56.48,D
9,8,4,16,12,74,1.1,2,5.3,3,4.45,ECE,2,39.37,FAIL
21,10,2,12,17,89,4.9,2,7.7,6,5.54,ECE,3,52.7,D
4,8,6,10,14,69,1.8,2,9.6,5,5.58,MECH,1,32.86,FAIL
12,10,4,16,8,49,5.9,1,3.0,4,5.07,CSE,3,38.5,FAIL
13,6,5,13,16,61,2.7,1,6.2,4,5.13,CSE,1,44.18,FAIL
11,7,4,14,17,98,3.7,1,5.1,6,5.58,ECE,1,49.0,FAIL
11,7,3,13,11,70,6.7,2,7.1,3,5.43,ECE,2,37.98,FAIL
17,12,7,17,9,71,5.0,0,6.5,5,5.76,MECH,3,55.25,D
16,9,4,9,6,70,1.8,1,6.1,7,3.68,MECH,2,39.49,FAIL
21,10,2,17,19,100,2.0,2,8.0,5,5.77,ECE,4,62.13,C
15,9,5,20,16,99,2.8,3,9.5,3,6.4,CSE,1,58.21,D
21,10,7,17,19,100,4.8,0,11.0,5,6.15,ECE,1,68.24,C
12,12,4,9,19,72,4.7,2,5.9,6,4.67,ECE,2,44.26,FAIL
15,8,3,14,9,79,2.3,1,4.3,7,4.59,MECH,1,42.4,FAIL
9,7,2,13,6,52,1.7,0,7.8,3,4.36,ECE,3,33.64,FAIL
13,10,5,20,16,97,4.6,2,9.4,4,6.31,CSE,4,56.3,D
17,8,5,13,13,57,3.6,1,8.2,4,5.5,MECH,2,43.96,FAIL
22,12,4,12,19,78,8.3,0,9.4,4,6.37,ECE,1,58.67,D
11,11,0,11,9,58,4.1,3,6.7,6,4.94,ECE,2,27.74,FAIL
18,10,4,13,13,66,7.6,1,6.1,6,5.67,MECH,1,46.21,FAIL
11,8,4,14,15,62,1.7,2,7.2,7,4.91,ECE,3,40.16,FAIL
17,6,4,11,11,65,0.9,1,6.5,5,4.19,ECE,1,41.37,FAIL
6,7,2,13,12,66,1.8,1,8.0,2,4.39,ECE,3,35.84,FAIL
14,10,5,12,13,66,6.4,1,8.5,6,5.52,MECH,3,45.2,FAIL
13,11,4,18,21,87,7.5,0,8.6,5,6.51,MECH,1,57.49,D
5,7,4,3,13,58,2.4,1,7.8,5,3.96,MECH,4,29.72,FAIL
13,8,4,12,14,78,3.1,2,7.4,2,5.52,MECH,2,44.18,FAIL
13,11,6,10,10,93,1.7,0,8.2,5,5.96,MECH,2,52.34,D
7,7,3,16,13,67,0.4,1,4.1,3,4.44,ECE,2,41.18,FAIL
17,8,5,16,16,64,5.4,1,7.3,6,5.86,MECH,2,51.86,D
18,9,4,16,15,71,4.4,2,7.1,4,5.96,CSE,4,50.64,D
17,12,4,11,18,92,4.0,2,7.3,4,5.6,CSE,3,51.4,D
7,8,3,12,14,77,1.2,3,6.9,2,5.01,ECE,1,40.71,FAIL
15,10,5,16,13,67,7.3,5,7.6,7,5.14,CSE,1,40.76,FAIL
14,10,8,11,17,82,3.0,3,6.1,4,5.3,MECH,1,49.24,FAIL
9,9,5,10,12,58,5.1,2,8.7,5,4.59,ECE,2,36.53,FAIL
13,6,6,15,15,85,1.1,2,7.7,4,4.53,MECH,3,49.14,FAIL
11,6,4,9,13,81,3.6,0,7.2,2,4.46,CSE,4,42.47,FAIL
11,7,3,12,15,70,4.6,1,6.0,4,5.17,ECE,4,39.24,FAIL
11,11,1,12,19,62,4.7,1,8.2,4,6.27,ECE,2,41.67,FAIL
13,7,2,12,15,61,4.3,1,7.3,6,3.91,MECH,1,39.67,FAIL
18,10,2,17,13,83,5.0,1,5.9,4,5.38,CSE,1,50.93,D
13,9,5,18,16,93,1.7,1,6.9,4,5.27,ECE,2,55.26,D
16,6,4,14,11,65,4.4,3,7.9,2,5.38,CSE,1,42.99,FAIL
20,9,3,19,18,81,4.2,0,7.8,5,6.08,MECH,3,59.37,D
11,7,4,12,10,43,4.5,1,7.7,3,4.46,CSE,3,34.21,FAIL
10,7,4,7,6,66,4.1,2,7.1,8,3.78,MECH,2,24.94,FAIL
13,8,2,12,13,74,1.5,1,8.5,5,4.76,ECE,1,44.12,FAIL
8,4,5,10,13,61,1.4,3,8.9,6,4.35,CSE,2,32.5,FAIL
10,5,1,11,10,60,0.0,2,8.1,5,3.41,ECE,3,32.2,FAIL
14,5,5,13,11,64,5.6,1,6.1,5,5.24,MECH,1,38.45,FAIL
10,6,4,13,15,79,5.7,2,5.4,3,4.94,CSE,3,43.36,FAIL
10,7,7,12,14,72,5.7,1,6.2,3,5.43,CSE,2,43.44,FAIL
8,3,5,10,13,41,4.6,2,9.9,5,4.72,ECE,1,25.66,FAIL
9,3,0,7,10,43,0.0,0,7.4,6,3.47,MECH,3,26.43,FAIL
12,9,7,15,9,65,1.9,1,10.2,1,5.93,ECE,1,43.19,FAIL
14,12,2,12,14,81,4.3,1,6.8,4,5.32,ECE,2,45.26,FAIL
13,5,1,16,6,33,4.3,3,6.6,9,4.0,ECE,3,21.86,FAIL
14,7,6,10,13,67,3.6,2,6.9,6,5.18,CSE,3,37.01,FAIL
11,8,4,9,9,67,4.7,3,6.9,8,4.96,ECE,4,32.26,FAIL
12,9,5,17,15,95,4.0,2,5.8,4,5.68,MECH,1,48.97,FAIL
13,6,4,8,13,69,4.2,3,5.3,4,4.63,ECE,3,32.72,FAIL
9,9,2,12,5,80,2.7,1,7.8,7,4.47,ECE,3,33.14,FAIL
19,9,7,13,14,77,6.0,2,8.6,6,5.63,MECH,1,47.33,FAIL
11,5,6,12,5,43,3.1,0,10.7,5,4.34,CSE,4,31.9,FAIL
14,8,1,14,16,86,1.3,3,6.3,2,5.73,CSE,2,46.37,FAIL
9,13,3,16,6,78,2.5,2,6.5,7,4.75,CSE,4,38.46,FAIL
15,10,5,14,12,82,3.3,3,5.8,10,4.97,MECH,3,41.69,FAIL
20,10,5,17,21,100,6.0,2,8.7,2,5.92,MECH,1,62.96,C
9,1,2,10,6,43,3.9,1,8.2,8,3.82,ECE,3,22.48,FAIL
19,7,6,14,14,100,3.6,0,5.7,4,6.46,ECE,1,55.27,D
10,8,4,9,11,70,1.5,3,5.6,4,4.69,MECH,1,36.96,FAIL
15,9,7,16,15,79,5.6,0,8.4,6,5.98,CSE,3,56.94,D
18,5,1,14,5,74,2.7,0,7.6,3,4.57,ECE,1,41.91,FAIL
11,8,2,12,12,68,3.8,0,8.1,5,5.02,CSE,2,38.7,FAIL
17,9,4,15,18,66,7.0,0,5.7,2,6.22,MECH,2,54.52,D
11,7,7,11,19,79,5.0,0,4.2,6,4.26,ECE,2,51.17,D
11,6,5,11,8,52,0.7,2,5.7,9,4.94,CSE,4,29.97,FAIL
15,6,4,13,12,86,0.5,1,8.0,4,5.29,ECE,1,48.3,FAIL
10,5,4,14,14,68,3.9,1,10.2,5,4.97,MECH,2,39.07,FAIL
8,4,4,9,8,58,1.6,2,6.4,5,4.67,ECE,4,25.08,FAIL
16,9,6,14,19,68,5.3,0,10.4,7,5.92,MECH,3,52.55,D
15,6,4,19,14,93,4.1,2,8.2,6,5.2,ECE,1,48.02,FAIL
15,12,4,18,12,66,4.3,2,4.9,7,4.33,MECH,3,48.31,FAIL
14,11,4,13,15,80,2.6,0,7.3,4,5.39,ECE,4,51.01,D
20,11,2,19,10,64,7.5,1,8.3,6,5.68,ECE,3,50.47,D
20,10,3,21,18,86,9.7,2,3.4,1,6.07,MECH,3,63.15,C
20,8,3,17,12,85,3.4,0,8.0,6,5.53,MECH,2,52.17,D
22,8,5,12,15,100,4.7,3,8.8,3,6.59,CSE,3,52.31,D
12,13,5,9,15,72,4.2,3,7.6,4,5.42,CSE,3,40.05,FAIL
18,11,4,12,17,85,3.5,2,6.9,6,4.88,MECH,3,48.41,FAIL
16,10,2,11,13,76,2.3,0,6.7,2,5.28,CSE,4,46.2,FAIL
17,9,5,12,19,94,1.8,1,6.7,7,5.96,MECH,4,52.79,D
15,6,3,13,10,64,1.7,1,5.2,5,4.69,MECH,2,42.29,FAIL
14,11,4,17,10,86,4.8,0,6.0,8,5.74,CSE,2,50.92,D
13,11,4,18,9,72,3.0,6,6.4,3,4.89,ECE,1,39.43,FAIL
11,9,6,10,16,74,0.0,0,7.2,1,5.23,ECE,2,51.49,D
21,7,4,12,20,76,4.9,1,6.2,5,5.65,ECE,3,50.66,D
12,8,7,15,15,78,3.9,3,5.7,6,5.78,MECH,3,44.29,FAIL
12,11,3,12,14,73,6.7,0,8.1,6,6.13,MECH,4,45.39,FAIL
11,7,3,19,13,78,4.7,1,7.6,3,5.05,MECH,4,47.11,FAIL
15,9,5,14,15,98,1.0,3,6.2,2,6.1,ECE,3,48.99,FAIL
14,12,3,14,14,89,0.0,0,7.8,4,6.01,ECE,4,56.7,D
16,8,2,13,15,88,2.6,2,6.3,6,4.83,MECH,2,47.2,FAIL
11,4,4,11,12,68,2.7,0,7.1,6,4.37,MECH,2,41.33,FAIL
11,14,2,12,9,61,5.9,2,8.5,8,5.0,ECE,1,36.07,FAIL
16,12,3,22,11,89,4.0,1,6.1,4,5.58,MECH,4,55.25,D
19,10,5,16,17,88,6.3,2,5.2,1,5.8,ECE,1,59.01,D
13,8,6,14,11,97,1.4,1,6.8,7,4.5,CSE,2,46.82,FAIL
17,5,4,13,14,65,5.9,1,5.0,5,5.79,MECH,2,45.77,FAIL
13,8,4,15,13,71,5.4,2,6.6,6,4.74,MECH,1,45.29,FAIL
7,4,1,8,6,50,0.0,1,6.6,7,3.71,MECH,2,21.11,FAIL
15,9,3,14,14,69,6.6,3,3.3,8,4.8,ECE,4,40.13,FAIL
14,12,1,15,16,89,4.2,2,7.8,5,4.87,CSE,2,47.78,FAIL
15,8,2,14,11,68,4.8,2,6.7,7,4.16,ECE,3,41.5,FAIL
18,13,5,15,17,84,2.3,1,8.8,6,5.04,CSE,3,56.6,D
15,7,4,15,20,72,6.6,3,7.3,4,6.01,ECE,3,46.41,FAIL
15,5,4,13,10,79,1.6,2,8.1,5,5.21,MECH,3,38.97,FAIL
14,10,4,8,12,57,5.7,1,8.8,6,4.11,CSE,4,41.28,FAIL
17,10,6,15,15,76,5.6,2,6.8,4,6.21,CSE,2,51.56,D
10,6,5,9,6,30,2.1,2,7.0,7,4.26,CSE,1,24.46,FAIL
15,10,6,18,15,72,8.0,0,4.6,5,5.5,ECE,3,54.04,D
12,8,3,5,5,50,4.5,0,8.9,6,4.94,ECE,3,29.29,FAIL
17,12,6,17,18,93,5.3,3,6.8,8,5.74,ECE,3,52.8,D
12,10,5,12,17,86,0.9,1,5.5,6,5.96,CSE,3,49.46,FAIL
12,10,2,19,18,82,8.2,1,8.1,5,6.42,CSE,4,51.52,D
13,14,2,18,17,97,1.6,0,3.7,5,5.17,CSE,4,58.74,D
12,8,3,12,10,60,6.0,2,6.4,5,4.49,ECE,2,33.3,FAIL
19,9,4,19,6,100,2.0,0,8.4,6,5.57,CSE,1,55.95,D
15,8,4,17,12,88,2.8,0,6.3,8,5.35,ECE,2,48.62,FAIL
15,10,1,14,10,71,5.6,2,5.9,4,5.26,CSE,3,44.22,FAIL
14,10,6,11,16,92,6.1,2,6.4,4,5.57,ECE,3,49.65,FAIL
8,2,3,11,14,58,1.5,2,4.0,8,4.23,ECE,3,29.53,FAIL
10,8,6,11,14,62,6.2,0,8.1,4,4.94,ECE,1,43.38,FAIL
10,7,4,6,13,65,6.1,1,6.8,5,5.69,ECE,2,37.62,FAIL
13,8,4,8,15,67,2.1,1,6.6,4,4.65,ECE,4,38.76,FAIL
13,8,2,17,18,59,7.2,2,6.6,2,4.48,CSE,1,45.31,FAIL
17,7,2,13,14,93,1.1,2,7.0,5,4.98,CSE,2,47.41,FAIL
14,10,4,16,10,71,2.8,2,8.0,7,4.84,CSE,2,44.89,FAIL
15,9,5,19,15,80,5.0,2,6.9,5,5.69,ECE,3,52.81,D
6,7,1,13,13,66,2.3,1,5.0,2,5.13,ECE,1,38.91,FAIL
16,6,5,9,10,47,4.5,2,7.9,5,4.16,ECE,2,35.91,FAIL
15,9,5,11,18,79,4.5,0,7.7,3,5.68,MECH,4,50.38,D
4,8,2,11,13,46,3.6,1,7.3,1,4.74,ECE,1,34.44,FAIL
15,8,3,11,11,73,5.7,1,8.6,5,5.37,CSE,3,40.65,FAIL
8,7,4,7,7,54,3.5,2,7.0,6,4.14,ECE,2,25.34,FAIL
13,9,4,14,14,100,4.5,1,8.7,7,5.7,ECE,4,52.72,D
19,10,6,17,15,88,6.3,0,9.1,9,7.14,CSE,1,55.11,D
14,11,5,15,14,76,5.6,0,7.9,6,6.34,ECE,4,49.36,FAIL
18,8,4,14,15,93,5.6,0,5.9,7,4.96,ECE,4,53.26,D
11,8,1,13,11,62,1.7,2,6.8,2,4.97,ECE,2,38.54,FAIL
15,10,6,14,15,83,5.0,2,8.9,8,5.22,ECE,3,48.13,FAIL
14,10,2,14,11,77,2.2,2,4.8,8,4.59,MECH,3,40.27,FAIL
14,5,3,15,9,78,1.4,1,6.4,4,5.46,MECH,1,43.55,FAIL
15,12,7,18,12,94,3.9,1,6.5,6,5.35,MECH,2,58.33,D
13,7,4,12,9,85,2.2,2,5.7,6,4.61,CSE,2,39.83,FAIL
20,6,5,11,13,79,5.6,3,8.3,8,5.89,ECE,1,39.69,FAIL
14,6,6,10,12,50,5.6,1,7.6,5,4.35,CSE,4,39.37,FAIL
8,8,5,7,9,60,0.2,1,5.9,4,4.52,ECE,1,33.54,FAIL
8,7,3,14,9,73,2.3,1,7.9,4,4.4,MECH,3,38.03,FAIL
8,10,5,6,10,76,1.1,2,6.8,7,4.13,ECE,3,33.7,FAIL
13,7,1,13,13,58,3.1,1,5.7,1,5.38,MECH,2,38.99,FAIL
13,10,2,17,17,100,4.9,4,5.9,1,5.77,CSE,2,50.96,D
12,8,4,16,21,97,3.5,2,7.7,7,4.52,MECH,2,53.89,D
9,6,4,14,11,84,2.8,1,8.4,6,4.91,MECH,3,38.56,FAIL
17,9,5,14,15,76,6.6,2,6.3,5,5.06,MECH,2,46.66,FAIL
12,6,4,7,14,71,0.0,5,7.8,2,4.39,ECE,2,32.49,FAIL
17,10,6,20,19,60,6.5,2,9.4,2,6.04,CSE,4,52.7,D
10,8,6,11,11,76,2.9,0,5.1,4,4.22,CSE,3,45.06,FAIL
8,9,7,12,8,78,3.8,1,7.5,6,4.92,ECE,4,40.83,FAIL
9,8,5,12,11,56,2.9,1,8.2,4,4.99,MECH,3,36.61,FAIL
11,12,5,18,16,80,7.1,3,6.9,7,5.3,MECH,1,49.51,FAIL
8,6,3,11,20,72,1.5,2,8.9,3,5.03,CSE,2,39.72,FAIL
14,6,3,14,7,46,4.0,3,10.3,4,4.7,MECH,2,33.26,FAIL
11,11,3,12,12,62,5.1,1,7.5,6,4.42,ECE,1,37.17,FAIL
11,9,5,13,9,68,0.8,3,6.6,4,4.42,CSE,3,34.58,FAIL
19,11,6,16,18,100,2.2,0,8.5,4,6.05,MECH,4,65.2,C
11,13,3,16,12,83,3.7,1,8.3,4,5.34,MECH,2,50.22,D
12,8,3,13,6,54,2.2,0,3.2,3,4.48,CSE,2,40.26,FAIL
9,13,2,15,8,82,2.4,0,7.0,6,5.6,ECE,4,43.18,FAIL
12,10,3,16,12,51,3.3,4,6.4,6,4.79,ECE,4,36.19,FAIL
18,13,5,14,15,91,5.3,0,7.6,5,5.11,MECH,3,57.4,D
9,6,2,16,14,67,3.3,0,6.7,4,5.27,ECE,1,45.45,FAIL
18,11,4,13,16,73,6.2,3,6.9,5,5.95,CSE,4,47.06,FAIL
14,8,2,14,14,94,2.0,2,5.7,8,4.63,MECH,3,42.78,FAIL
8,4,0,7,11,55,1.5,1,8.1,2,4.12,MECH,2,26.36,FAIL
9,11,6,11,11,54,7.9,0,9.5,9,4.89,ECE,3,37.58,FAIL
12,10,1,16,12,66,2.7,2,5.7,5,4.83,CSE,4,39.69,FAIL
15,8,4,20,15,90,1.4,1,4.9,5,5.27,CSE,2,54.34,D
8,4,4,8,6,52,0.5,1,7.0,7,3.85,CSE,3,25.65,FAIL
7,6,5,7,4,32,6.2,1,7.0,1,4.0,CSE,1,22.05,FAIL
13,4,2,11,12,68,3.3,2,8.8,8,4.22,ECE,2,30.91,FAIL
17,6,6,11,13,83,3.5,2,5.2,9,4.9,CSE,2,43.18,FAIL
19,10,5,20,20,93,3.7,2,6.2,7,6.23,CSE,3,60.06,C
19,10,5,16,16,68,6.0,2,3.8,1,5.38,CSE,3,53.15,D
12,8,7,15,13,68,3.6,2,9.1,7,5.69,CSE,4,41.77,FAIL
12,10,6,16,12,92,8.7,2,7.4,8,5.34,CSE,3,44.78,FAIL
11,5,2,8,14,46,4.3,3,6.3,8,3.98,ECE,4,25.11,FAIL
11,13,1,16,15,69,6.1,2,5.0,2,4.28,CSE,1,44.77,FAIL
17,7,5,14,18,77,5.6,3,5.2,7,5.26,CSE,2,46.54,FAIL
10,5,5,10,16,81,3.9,2,7.6,9,4.54,CSE,3,35.88,FAIL
9,7,3,17,8,67,2.8,1,5.3,5,5.03,CSE,4,39.54,FAIL
14,10,5,21,15,75,4.7,2,7.2,2,5.36,CSE,2,54.91,D
13,8,2,13,15,37,5.0,0,10.1,7,5.7,CSE,1,39.01,FAIL
15,7,4,14,13,65,2.9,2,6.5,7,5.5,MECH,2,42.51,FAIL
12,8,2,18,11,81,4.3,4,5.6,5,4.08,MECH,3,38.43,FAIL
8,12,6,13,13,60,6.5,1,7.6,3,5.77,MECH,2,40.9,FAIL
25,10,8,18,12,75,8.1,2,5.2,7,4.98,MECH,2,54.36,D
16,11,5,14,16,81,5.7,0,9.6,3,6.33,ECE,1,58.03,D
23,10,5,16,10,69,7.7,2,9.1,6,5.0,ECE,4,51.71,D
13,7,5,11,8,77,2.7,1,6.8,8,5.49,ECE,1,35.94,FAIL
11,10,5,13,12,60,5.4,2,5.7,2,5.77,ECE,1,43.8,FAIL
12,11,2,8,11,71,6.7,0,6.4,7,4.5,MECH,1,41.19,FAIL
16,11,6,14,20,84,2.2,2,6.6,5,5.02,MECH,2,57.9,D
15,9,5,14,17,77,3.0,1,7.6,5,5.26,ECE,4,49.0,FAIL
16,10,6,12,14,66,7.5,2,8.6,6,5.87,CSE,2,46.79,FAIL
12,12,5,19,12,78,2.0,2,5.4,3,5.06,CSE,2,51.59,D
14,9,6,14,17,85,1.3,2,8.5,3,5.82,ECE,4,54.38,D
12,7,6,13,13,44,7.1,0,7.9,1,5.42,CSE,3,40.0,FAIL
20,9,6,13,16,92,6.4,2,6.2,7,5.88,ECE,3,55.43,D
15,6,2,15,11,69,4.9,3,5.4,4,4.46,ECE,3,38.73,FAIL
11,8,5,11,13,81,3.9,1,7.2,6,5.22,ECE,1,43.2,FAIL
11,14,5,17,12,92,3.1,1,5.4,4,5.97,ECE,4,51.33,D
10,7,3,11,17,54,4.6,1,8.5,3,5.92,ECE,2,38.88,FAIL
13,12,6,15,13,64,7.2,3,5.3,6,5.2,CSE,3,43.25,FAIL
14,8,4,13,17,70,4.5,2,7.8,6,5.11,ECE,4,43.62,FAIL
16,12,5,18,19,63,8.3,2,6.9,5,6.18,ECE,1,52.1,D
16,7,3,10,16,100,2.2,3,6.2,6,5.24,ECE,3,44.28,FAIL
13,9,4,15,17,62,4.0,1,6.8,3,5.69,MECH,4,50.04,D
17,5,5,9,11,66,3.3,2,8.6,7,4.85,ECE,3,35.86,FAIL
13,8,7,10,10,78,1.8,2,5.2,8,4.53,CSE,4,37.96,FAIL
10,8,1,12,8,56,3.7,5,6.4,7,3.99,CSE,3,26.5,FAIL
8,10,4,12,12,69,4.8,1,5.9,4,4.55,MECH,2,37.52,FAIL
16,10,0,16,17,79,5.0,1,6.9,5,5.91,ECE,1,52.34,D
17,10,4,18,17,70,8.3,0,6.0,8,6.1,CSE,4,52.35,D
11,9,4,13,19,73,4.9,0,4.3,8,4.78,CSE,3,46.31,FAIL
9,7,4,13,14,67,6.3,2,5.4,9,4.69,CSE,3,37.86,FAIL
16,7,6,10,11,52,4.1,0,9.5,3,5.72,MECH,2,41.27,FAIL
13,10,5,23,17,79,7.4,0,7.4,3,6.12,CSE,2,61.4,C
17,11,8,18,19,100,8.8,4,7.3,5,5.13,ECE,3,58.46,D
15,12,5,14,13,75,5.1,3,6.6,6,5.69,CSE,1,47.0,FAIL
13,10,3,11,10,78,2.0,1,6.9,5,4.34,ECE,1,39.87,FAIL
11,8,5,14,17,85,2.9,2,6.4,4,5.3,ECE,2,49.03,FAIL
11,6,4,11,14,55,4.6,3,7.8,8,4.45,ECE,4,32.23,FAIL
13,9,5,17,16,100,4.9,1,7.2,5,5.51,MECH,4,57.52,D
15,6,3,13,13,78,5.4,0,5.2,3,5.48,CSE,3,45.55,FAIL
19,13,4,22,16,99,4.9,0,7.4,3,6.49,ECE,2,67.95,C
14,5,5,14,13,64,4.0,0,3.3,5,4.63,MECH,2,45.1,FAIL
20,5,6,10,17,100,2.7,2,7.6,10,5.81,ECE,2,46.87,FAIL
15,12,4,17,19,86,4.8,1,4.9,3,6.29,CSE,3,59.51,D
17,13,5,20,18,83,7.7,1,6.9,4,6.68,ECE,2,61.84,C
18,7,5,10,10,78,6.0,2,5.2,10,4.82,CSE,1,39.83,FAIL
15,9,5,17,18,71,5.1,1,7.0,4,5.12,CSE,2,50.4,D
20,8,5,18,20,93,6.1,0,7.9,6,5.79,CSE,1,64.45,C
20,9,6,10,17,77,3.3,1,9.3,9,5.54,CSE,2,51.5,D
8,8,3,10,15,45,3.0,3,4.7,3,4.98,CSE,2,30.93,FAIL
12,7,5,6,12,58,2.5,3,8.5,4,3.63,ECE,4,29.8,FAIL
12,10,8,16,14,72,3.7,0,7.2,4,5.39,CSE,2,51.82,D
17,4,4,9,9,79,3.2,0,6.3,2,4.24,MECH,3,43.74,FAIL
11,10,5,11,12,74,6.4,2,8.1,8,5.29,CSE,1,39.35,FAIL
17,14,3,14,13,93,3.0,1,6.6,4,5.25,ECE,4,54.25,D
8,7,3,16,12,45,2.4,2,8.1,3,4.3,MECH,2,32.78,FAIL
18,8,5,20,21,77,7.9,1,5.5,4,6.1,ECE,4,57.82,D
13,5,4,6,14,47,3.1,2,6.1,7,3.92,MECH,2,28.84,FAIL
13,9,4,11,13,86,4.3,0,8.4,5,5.6,MECH,1,47.51,FAIL
9,4,5,12,13,73,4.9,3,9.2,3,5.24,ECE,1,36.76,FAIL
12,8,3,8,8,81,1.7,0,6.9,6,4.97,CSE,3,36.29,FAIL
12,8,6,16,18,62,6.5,0,2.8,7,5.11,ECE,2,50.66,D
11,9,5,17,11,94,5.3,1,6.7,5,5.27,CSE,3,47.21,FAIL
11,11,6,20,16,90,7.1,4,7.0,5,6.23,MECH,1,48.18,FAIL
17,7,3,13,17,83,2.6,0,6.7,7,5.0,MECH,4,51.69,D
18,10,4,14,15,73,4.2,3,7.5,5,5.26,ECE,1,44.02,FAIL
12,9,4,10,15,83,4.1,0,6.3,8,4.84,ECE,1,47.98,FAIL
13,8,6,15,14,64,4.5,0,8.3,3,5.77,CSE,2,50.31,D
16,10,2,17,8,87,1.1,2,5.2,3,5.45,MECH,1,48.59,FAIL
19,11,4,15,17,99,4.2,2,8.9,3,6.04,CSE,4,56.18,D
19,7,6,15,15,91,1.1,2,9.3,5,5.5,CSE,3,51.7,D
15,8,4,13,11,64,4.7,1,5.6,5,5.31,CSE,1,43.95,FAIL
9,8,6,11,14,80,0.0,3,5.6,2,5.24,ECE,3,40.57,FAIL
12,5,4,11,8,55,0.3,0,7.6,5,4.26,CSE,3,35.03,FAIL
13,7,6,21,20,83,5.6,1,5.2,6,5.88,MECH,3,54.15,D
14,8,5,18,14,81,2.9,1,6.3,2,5.86,ECE,2,55.13,D
15,10,3,9,13,46,2.0,0,8.7,4,5.71,ECE,3,43.46,FAIL
9,7,4,12,13,57,6.5,2,8.1,6,4.4,ECE,4,35.78,FAIL
14,11,3,17,17,70,4.7,1,10.0,3,6.04,ECE,1,53.22,D
11,10,4,15,15,70,5.7,4,7.3,4,6.03,ECE,4,38.76,FAIL
9,8,3,8,14,56,3.7,2,6.1,7,5.01,CSE,1,30.97,FAIL
14,8,2,14,18,80,9.4,1,7.1,9,5.47,MECH,4,45.7,FAIL
17,10,4,14,8,78,2.8,3,6.8,6,4.32,CSE,1,39.82,FAIL
16,15,6,22,18,72,7.5,1,6.8,5,6.33,MECH,2,59.96,D
20,6,6,10,11,63,3.9,2,7.0,4,4.81,CSE,4,44.28,FAIL
15,11,2,9,12,90,0.7,0,5.6,7,4.61,CSE,3,46.15,FAIL
20,9,7,21,17,99,5.0,0,7.4,7,6.69,ECE,1,64.24,C
9,8,0,13,11,67,4.6,2,4.9,3,4.49,MECH,4,36.23,FAIL
11,5,3,10,16,65,1.9,2,5.9,7,4.86,ECE,3,33.97,FAIL
9,9,7,12,8,82,2.2,0,6.8,4,4.82,MECH,4,46.83,FAIL
11,7,4,12,4,69,4.0,3,3.6,3,4.56,ECE,3,29.79,FAIL
12,9,3,16,12,72,4.7,3,8.2,5,5.44,MECH,2,43.22,FAIL
12,10,3,12,11,86,0.0,1,3.9,7,4.75,CSE,3,45.2,FAIL
15,11,5,8,10,46,6.1,2,8.0,6,5.37,ECE,4,35.51,FAIL
14,9,4,15,12,94,3.0,0,5.1,6,5.72,ECE,4,51.2,D
14,9,4,17,13,76,1.3,2,6.4,6,4.37,ECE,3,44.92,FAIL
9,11,5,16,13,68,5.9,2,7.8,6,4.72,MECH,3,43.48,FAIL
15,11,5,17,21,73,4.0,1,10.3,5,5.33,MECH,2,54.65,D
13,10,6,12,12,74,6.4,0,7.2,6,5.58,ECE,4,48.61,FAIL
12,8,6,12,12,49,4.9,2,4.0,4,4.49,CSE,4,39.93,FAIL
15,8,4,16,14,97,4.0,3,8.4,6,3.88,CSE,4,47.08,FAIL
7,12,4,12,11,75,3.7,0,6.7,7,4.03,MECH,1,42.03,FAIL
19,10,3,18,11,81,5.0,0,7.1,6,5.24,MECH,1,53.42,D
14,9,6,12,14,89,3.2,2,7.8,7,5.69,ECE,2,46.76,FAIL
15,7,5,10,11,59,2.3,1,3.7,6,3.79,ECE,3,38.33,FAIL
15,10,6,13,13,82,5.2,1,7.0,7,5.66,ECE,2,48.72,FAIL
16,12,2,17,11,70,3.7,0,6.4,1,4.67,CSE,4,50.1,D
15,10,4,14,14,87,4.1,0,8.8,7,5.57,MECH,3,50.5,D
12,9,4,11,9,43,6.2,2,8.1,9,4.67,ECE,1,32.09,FAIL
14,8,3,10,17,73,3.8,1,4.6,4,5.23,ECE,4,43.28,FAIL
12,5,7,15,13,65,4.0,1,8.9,4,4.81,ECE,3,43.01,FAIL
11,8,4,13,11,81,2.8,1,7.7,8,4.17,ECE,4,39.26,FAIL
16,11,6,15,17,82,4.9,1,4.7,3,5.78,MECH,3,53.32,D
13,8,5,14,12,64,4.7,2,7.1,4,4.42,CSE,4,42.7,FAIL
14,6,4,16,17,64,5.8,3,8.6,5,4.98,MECH,1,41.76,FAIL
15,12,2,14,11,73,2.8,2,5.2,3,5.74,ECE,4,47.66,FAIL
7,5,5,13,14,61,3.1,0,9.1,7,4.91,CSE,4,39.58,FAIL
18,9,8,17,15,87,5.6,0,4.7,3,5.81,MECH,2,62.73,C
11,6,4,8,17,69,4.5,1,5.8,6,5.25,ECE,3,38.48,FAIL
3,3,2,10,11,31,2.2,3,5.6,6,4.15,MECH,4,17.41,FAIL
20,9,6,9,15,69,6.6,1,9.1,8,5.31,ECE,2,44.28,FAIL
13,7,4,9,10,59,0.6,3,6.3,7,3.74,CSE,4,32.12,FAIL
14,8,6,16,14,50,5.6,0,5.3,4,6.17,ECE,3,46.07,FAIL
14,8,3,5,14,56,1.5,0,7.7,2,4.73,CSE,3,38.39,FAIL
15,12,5,16,14,76,7.8,3,8.0,7,5.77,CSE,3,49.42,FAIL
13,8,0,13,14,94,0.9,0,8.0,4,5.63,CSE,2,51.77,D
13,7,5,14,17,79,6.3,1,6.6,4,5.37,ECE,4,50.07,D
11,11,3,15,10,65,3.8,1,7.4,3,5.02,CSE,1,41.61,FAIL
14,8,1,20,11,81,3.3,0,6.0,6,5.79,MECH,1,51.53,D
11,4,7,15,16,68,4.4,2,9.5,4,5.09,MECH,4,44.89,FAIL
5,8,5,14,9,64,5.3,3,8.7,5,5.53,MECH,3,34.15,FAIL
11,9,1,8,14,57,2.2,2,8.6,5,5.24,MECH,2,32.57,FAIL
7,8,4,14,9,48,2.4,1,8.2,5,4.48,MECH,4,31.45,FAIL
14,6,7,13,10,69,5.3,2,7.8,6,5.18,ECE,4,40.22,FAIL
11,4,5,7,16,77,0.6,0,5.1,5,5.11,MECH,1,44.36,FAIL
15,9,5,9,7,73,2.8,2,7.9,4,5.15,CSE,1,36.48,FAIL
15,11,3,11,19,68,10.1,1,7.2,1,5.21,CSE,3,51.03,D
9,10,3,9,21,60,2.1,1,8.9,5,5.62,ECE,1,39.75,FAIL
11,12,3,18,20,84,6.3,2,8.2,5,5.3,CSE,1,51.82,D
8,8,3,12,10,55,2.8,0,7.8,4,4.95,MECH,2,34.21,FAIL
11,7,5,15,18,86,5.0,2,4.5,5,4.65,ECE,4,45.64,FAIL
10,7,4,4,15,59,5.3,3,6.9,7,4.59,MECH,4,31.89,FAIL
16,8,3,15,10,63,6.3,1,6.2,7,4.75,MECH,2,39.59,FAIL
12,6,3,14,9,52,3.6,1,7.4,2,5.13,ECE,3,35.12,FAIL
9,12,6,9,15,67,8.0,2,6.4,4,5.15,CSE,1,39.56,FAIL
12,12,5,11,17,89,2.8,2,6.6,7,6.1,MECH,2,50.61,D
14,6,5,17,17,82,4.5,1,7.7,8,5.19,CSE,4,49.05,FAIL
13,10,4,14,19,89,4.5,1,6.4,3,6.13,CSE,3,51.7,D
13,12,4,15,13,82,1.8,2,7.2,8,4.79,MECH,3,46.55,FAIL
10,10,2,12,11,58,3.4,1,4.7,2,5.37,ECE,1,36.6,FAIL
11,8,2,9,14,70,4.3,2,5.8,7,3.77,ECE,2,36.9,FAIL
10,10,1,11,15,63,3.1,0,8.0,4,4.7,ECE,4,41.51,FAIL
17,14,8,11,17,94,8.9,1,5.2,8,5.46,CSE,2,57.98,D
15,7,6,12,10,57,2.3,2,8.9,4,4.65,MECH,2,41.43,FAIL
19,8,4,13,15,88,6.4,1,8.5,4,6.27,ECE,1,53.7,D
13,12,4,10,11,88,5.7,0,6.6,5,5.94,MECH,3,45.84,FAIL
24,13,5,12,14,100,4.0,1,11.5,2,6.41,ECE,4,64.05,C
16,6,6,10,17,68,2.3,1,8.9,1,5.42,CSE,1,49.61,FAIL
13,10,6,17,15,85,2.5,0,5.6,6,6.2,CSE,3,57.02,D
12,8,7,13,13,100,3.0,0,8.1,7,5.64,CSE,1,51.12,D
10,2,5,11,9,65,0.4,0,7.1,6,3.37,MECH,4,33.0,FAIL
13,8,4,14,10,51,2.0,3,5.8,2,5.06,ECE,4,36.19,FAIL
14,9,3,12,10,46,1.0,2,5.4,6,4.28,ECE,2,34.95,FAIL
19,12,7,23,16,85,6.7,3,8.5,3,6.68,MECH,1,61.01,C
10,8,5,13,11,46,5.2,0,6.1,6,4.9,CSE,2,39.02,FAIL
11,6,6,14,7,69,5.6,2,6.8,7,4.62,CSE,1,35.66,FAIL
17,11,5,13,12,81,5.2,0,5.6,6,5.69,ECE,4,54.65,D
9,8,6,6,14,77,4.3,0,5.9,8,4.93,MECH,4,39.34,FAIL
21,9,5,17,16,81,6.9,1,6.8,5,6.2,MECH,2,54.72,D
13,11,4,10,16,78,2.8,1,7.6,5,5.95,ECE,2,46.85,FAIL
17,7,4,10,15,94,4.2,0,3.1,5,5.16,CSE,1,50.42,D
18,9,8,10,18,60,5.5,1,7.0,2,5.84,MECH,4,48.92,FAIL
21,5,2,14,3,64,1.4,0,5.9,4,5.17,ECE,1,41.11,FAIL
15,10,7,19,16,63,10.2,1,9.1,4,6.13,MECH,1,52.5,D
16,7,8,17,19,87,4.1,1,11.4,4,6.98,MECH,3,56.23,D
14,11,5,12,15,88,4.3,1,6.5,6,5.87,ECE,4,51.1,D
15,11,4,14,14,81,6.5,1,4.4,2,5.4,MECH,1,53.12,D
15,15,6,21,15,92,5.8,1,7.2,3,6.13,MECH,2,61.05,C
16,8,3,11,10,57,4.1,1,6.7,7,5.06,MECH,2,40.33,FAIL
21,10,4,17,17,100,4.3,0,10.0,1,7.39,ECE,1,65.89,C
14,11,6,18,12,97,1.0,1,9.5,6,5.74,CSE,2,52.62,D
12,11,6,21,13,86,2.9,1,8.3,4,5.66,CSE,2,55.07,D
16,14,5,16,14,100,5.0,2,6.1,5,6.37,CSE,2,57.95,D
10,3,3,6,14,50,4.9,0,8.0,8,4.51,MECH,2,27.1,FAIL
15,7,4,14,11,67,6.4,3,7.4,5,4.89,CSE,3,36.41,FAIL
13,6,4,12,17,63,3.8,1,7.4,6,5.24,MECH,1,43.7,FAIL
15,11,2,17,15,85,1.2,2,4.7,5,4.65,MECH,1,49.1,FAIL
20,12,2,12,19,59,6.1,2,8.6,5,6.67,CSE,4,47.77,FAIL
17,13,3,13,16,86,6.9,3,7.2,5,5.93,ECE,3,48.94,FAIL
18,9,3,15,13,95,5.8,1,6.8,6,6.08,MECH,1,51.72,D
21,9,3,16,8,85,3.7,1,6.1,4,5.06,MECH,4,51.17,D
18,7,5,13,18,79,6.1,1,5.8,3,6.26,CSE,4,50.57,D
14,8,4,19,16,60,10.9,0,7.5,5,5.79,ECE,1,52.13,D
12,8,2,10,10,62,4.2,2,4.4,5,4.65,ECE,2,32.77,FAIL
9,10,3,10,16,93,1.4,2,8.2,1,5.72,ECE,1,47.56,FAIL
14,9,2,10,20,86,2.8,3,5.4,5,4.48,MECH,1,46.24,FAIL
12,8,2,9,14,74,5.3,1,3.9,3,5.11,CSE,4,42.65,FAIL
9,8,3,8,15,68,0.8,1,9.7,6,5.12,ECE,3,37.77,FAIL
7,7,5,16,10,44,4.3,0,5.7,1,4.13,MECH,4,37.82,FAIL
16,11,6,13,15,58,4.8,2,5.9,9,4.98,MECH,1,41.11,FAIL
17,11,6,21,18,100,7.1,1,8.7,4,6.22,MECH,1,64.28,C
16,5,6,13,17,55,6.6,1,9.8,3,5.74,MECH,4,42.57,FAIL
14,10,3,14,15,77,5.7,3,4.7,4,4.23,ECE,2,41.73,FAIL
13,9,5,10,10,90,0.0,2,5.6,6,4.87,CSE,2,40.82,FAIL
10,6,2,16,7,56,5.8,2,5.7,7,4.2,CSE,3,32.75,FAIL
16,9,5,14,8,77,5.4,1,8.4,4,5.5,CSE,3,44.49,FAIL
13,10,3,12,16,89,4.5,1,9.5,2,5.31,ECE,4,52.13,D
11,6,2,7,15,75,0.5,1,5.4,3,4.37,ECE,4,39.14,FAIL
18,7,4,11,16,100,2.4,0,9.1,6,5.54,ECE,4,55.67,D
13,5,5,5,13,49,1.7,2,5.9,7,3.97,CSE,1,27.41,FAIL
12,10,5,18,18,90,0.0,2,7.5,7,5.31,CSE,3,50.93,D
12,7,2,11,13,72,4.0,4,5.1,5,4.02,CSE,3,34.98,FAIL
15,9,2,12,6,86,2.4,1,6.8,7,4.99,CSE,3,42.77,FAIL
17,10,4,26,13,81,9.3,5,6.8,9,5.52,MECH,1,48.82,FAIL
14,5,4,16,9,64,3.7,1,6.5,7,4.46,MECH,4,36.43,FAIL
16,9,5,10,10,78,6.6,2,7.6,7,4.99,MECH,1,44.17,FAIL
15,6,4,14,5,47,0.9,5,5.5,3,4.85,CSE,3,28.76,FAIL
21,11,4,13,14,84,2.9,1,5.7,7,5.94,MECH,4,56.23,D
12,11,4,12,9,79,4.2,1,7.7,6,4.42,ECE,4,42.57,FAIL
18,10,4,11,10,84,2.2,1,9.0,6,4.8,ECE,3,44.18,FAIL
14,7,6,13,14,90,3.2,3,7.0,8,4.61,MECH,4,42.45,FAIL
13,6,6,11,11,80,3.6,3,7.8,6,5.09,MECH,2,35.82,FAIL
16,6,6,13,15,77,3.5,1,8.1,5,5.93,ECE,1,50.72,D
14,10,7,14,14,61,7.7,2,8.2,3,5.99,CSE,4,46.81,FAIL
12,7,4,14,16,64,4.8,3,5.6,4,4.96,MECH,4,40.32,FAIL
12,8,4,17,13,92,5.0,1,5.8,5,5.57,MECH,3,48.78,FAIL
16,14,5,16,11,96,5.1,1,6.0,6,5.4,CSE,4,53.93,D
17,11,4,19,14,71,5.2,4,9.9,5,5.94,ECE,3,48.56,FAIL
16,10,4,17,20,75,3.8,1,7.8,7,5.5,CSE,1,52.73,D
13,8,4,16,17,61,3.4,2,7.7,7,5.01,MECH,4,44.15,FAIL
19,12,4,11,18,92,4.3,2,7.5,5,4.55,MECH,4,54.07,D
22,10,4,12,17,84,6.3,0,5.0,3,5.7,MECH,4,59.29,D
18,12,5,18,18,100,6.3,2,9.9,6,6.08,MECH,3,60.26,C
17,10,5,13,9,61,3.5,1,7.7,9,5.04,ECE,3,39.92,FAIL
15,13,3,11,15,69,5.5,1,8.1,6,5.41,CSE,4,45.36,FAIL
14,9,6,15,9,78,3.6,2,4.4,4,5.33,ECE,1,47.35,FAIL
17,12,6,9,13,84,4.1,1,8.2,6,5.17,MECH,2,46.85,FAIL
13,5,4,12,14,71,3.1,1,6.5,6,5.33,ECE,3,38.95,FAIL
5,12,0,8,11,61,3.6,1,5.0,6,5.21,CSE,2,29.36,FAIL
13,10,1,15,15,88,6.7,1,5.6,8,4.54,ECE,4,44.79,FAIL
8,10,4,15,11,85,4.2,1,5.1,6,4.5,MECH,2,43.76,FAIL
11,5,5,6,4,61,4.3,0,5.1,8,4.85,CSE,4,28.77,FAIL
12,6,7,4,16,95,1.1,3,7.1,5,5.17,ECE,2,39.17,FAIL
13,8,4,20,17,92,3.4,1,6.4,8,5.63,CSE,3,53.48,D
10,9,3,10,11,77,3.5,0,7.5,7,5.15,ECE,2,41.27,FAIL
9,8,2,11,13,76,2.3,2,9.5,7,5.41,MECH,3,33.92,FAIL
11,8,5,10,21,83,4.0,0,6.8,7,4.78,ECE,1,49.46,FAIL
10,7,3,14,13,62,3.1,2,3.6,10,4.17,CSE,3,33.21,FAIL
12,4,3,16,11,75,4.2,2,6.6,7,5.16,ECE,2,38.93,FAIL
11,8,3,10,12,42,4.2,1,8.8,3,4.62,CSE,1,36.5,FAIL
16,9,4,16,16,88,2.1,0,6.9,5,5.71,CSE,1,57.64,D
7,8,4,11,9,51,3.2,0,9.3,4,4.01,ECE,1,34.08,FAIL
12,9,4,16,15,97,4.2,4,7.7,9,5.44,MECH,3,41.61,FAIL
17,7,4,14,7,70,6.4,3,4.2,8,4.17,MECH,2,37.58,FAIL
14,8,5,12,11,71,4.5,1,7.2,9,4.31,MECH,3,44.01,FAIL
10,10,4,11,9,65,2.7,1,7.4,3,5.58,ECE,4,39.64,FAIL
9,10,3,15,9,70,4.8,2,8.6,7,4.63,ECE,4,34.34,FAIL
16,11,3,18,16,96,7.4,1,9.7,2,6.05,MECH,2,56.63,D
11,9,2,12,13,37,5.8,1,8.4,2,5.41,MECH,2,34.84,FAIL
17,10,4,15,9,94,5.1,0,7.7,4,5.33,CSE,1,55.01,D
8,9,6,13,14,80,5.5,2,8.0,8,5.79,CSE,4,39.44,FAIL
11,5,3,10,10,56,6.9,3,6.7,3,5.69,ECE,1,27.01,FAIL
18,8,3,10,19,58,6.2,1,4.8,5,4.54,MECH,3,45.96,FAIL
17,9,4,17,12,100,5.1,0,7.1,7,6.14,CSE,3,55.11,D
12,9,4,11,11,60,6.1,0,7.5,7,4.07,MECH,2,38.37,FAIL
8,5,3,7,6,57,1.8,1,5.2,9,4.24,ECE,1,23.08,FAIL
15,7,4,8,14,92,1.0,1,9.0,5,4.74,ECE,4,48.38,FAIL
9,7,7,10,7,80,4.3,0,8.5,4,5.33,ECE,3,41.58,FAIL
10,9,4,11,16,60,4.1,1,4.9,3,4.7,MECH,2,44.37,FAIL
8,9,5,19,22,78,2.9,0,9.0,4,6.07,CSE,4,53.18,D
13,9,3,9,16,59,5.7,0,6.5,3,5.0,ECE,4,42.54,FAIL
12,3,7,15,13,91,0.3,2,5.8,1,5.31,MECH,4,47.14,FAIL
9,13,5,9,12,90,2.9,2,8.6,9,4.93,ECE,2,42.48,FAIL
16,6,5,15,10,82,3.0,3,6.9,5,4.74,MECH,2,42.12,FAIL
13,9,5,9,7,80,0.7,1,9.8,10,4.17,ECE,2,35.26,FAIL
21,13,7,17,16,100,7.0,0,5.7,3,6.3,CSE,4,68.81,C
7,9,5,14,13,74,1.3,1,4.4,4,4.69,MECH,4,45.46,FAIL
9,6,3,12,10,57,2.8,2,6.6,3,5.24,MECH,4,35.05,FAIL
19,9,8,16,14,81,5.8,0,8.2,4,5.66,CSE,2,56.9,D
18,11,3,16,16,100,5.3,1,5.6,7,5.42,ECE,1,59.23,D
15,7,3,16,14,59,1.8,0,5.0,6,4.7,MECH,1,46.81,FAIL
12,7,7,9,19,69,5.4,4,7.3,7,4.91,MECH,1,39.09,FAIL
12,9,4,12,7,81,4.6,4,4.8,8,4.16,CSE,2,36.07,FAIL
18,15,6,16,22,74,8.7,1,7.5,7,6.04,ECE,3,57.74,D
8,7,3,9,16,60,4.8,1,6.5,3,4.82,ECE,3,39.96,FAIL
16,11,5,17,17,91,3.7,2,7.7,4,5.71,MECH,2,58.81,D
21,9,4,13,13,100,2.3,2,4.9,5,4.97,ECE,1,56.01,D
10,7,5,14,10,77,2.5,2,8.9,10,4.28,MECH,3,37.28,FAIL
5,8,3,10,13,61,2.3,3,6.7,7,3.55,CSE,2,26.29,FAIL
14,10,1,12,12,51,6.7,1,8.1,5,5.36,CSE,2,38.33,FAIL
8,6,2,16,5,78,4.0,4,8.4,6,3.63,MECH,4,31.1,FAIL
16,14,4,11,16,91,5.1,2,5.3,4,6.25,ECE,1,52.38,D
20,11,7,18,15,82,7.0,1,8.3,6,6.27,CSE,3,57.16,D
11,8,1,14,13,74,0.0,2,4.9,7,3.83,ECE,2,41.03,FAIL
13,10,4,10,11,66,6.6,1,4.9,5,5.93,MECH,2,39.14,FAIL
17,9,8,14,22,58,4.1,1,9.9,3,6.41,MECH,1,57.44,D
10,10,7,16,15,87,4.9,1,8.7,5,5.59,CSE,4,49.95,FAIL
15,11,3,12,9,88,2.3,1,10.1,4,5.88,ECE,4,45.36,FAIL
10,5,2,13,11,51,2.5,1,6.4,2,4.86,ECE,1,36.54,FAIL
10,12,4,22,19,98,5.0,1,7.2,4,6.67,CSE,2,58.54,D
13,13,5,18,20,83,8.8,3,7.8,2,5.65,MECH,1,54.69,D
16,12,4,22,17,95,6.0,0,7.0,3,5.96,CSE,1,65.17,C
16,5,5,11,14,54,6.5,1,5.9,3,5.66,MECH,2,42.46,FAIL
11,5,4,11,12,54,3.6,3,5.7,7,4.81,MECH,1,27.85,FAIL
11,8,4,7,8,72,2.8,0,7.3,8,4.72,MECH,3,37.35,FAIL
17,8,5,13,14,82,2.4,4,5.4,2,5.99,ECE,4,45.09,FAIL
15,11,5,16,14,100,3.0,2,5.4,8,5.23,MECH,1,55.04,D
15,7,3,13,10,85,0.0,3,7.6,3,5.23,ECE,2,42.43,FAIL
14,9,2,11,7,71,2.6,3,6.9,6,5.18,CSE,1,32.25,FAIL
9,11,4,11,10,59,2.9,2,8.4,6,4.76,MECH,1,33.93,FAIL
17,10,3,9,16,93,3.6,0,6.4,6,5.39,MECH,4,54.05,D
15,6,5,12,16,60,4.3,1,6.1,3,4.66,MECH,1,43.48,FAIL
23,13,4,23,18,99,4.7,0,7.6,1,7.71,CSE,2,71.08,B
11,9,3,8,12,70,4.0,3,5.8,3,4.95,ECE,2,38.03,FAIL
14,10,5,15,14,98,2.8,2,6.0,6,5.7,ECE,2,53.9,D
15,11,6,17,14,85,0.1,0,6.1,9,5.37,CSE,4,53.23,D
14,5,3,9,10,72,2.8,1,6.7,3,4.51,CSE,1,37.43,FAIL
11,10,4,12,14,67,2.1,0,9.7,5,5.37,MECH,2,47.12,FAIL
11,7,5,17,6,69,4.9,2,4.9,4,5.12,ECE,1,35.49,FAIL
15,14,6,24,18,81,5.8,1,8.9,5,6.65,ECE,1,62.35,C
15,5,5,15,13,76,5.9,0,8.1,1,5.51,MECH,2,47.37,FAIL
10,13,7,14,12,66,5.5,1,9.4,8,4.77,CSE,1,46.73,FAIL
15,8,4,10,9,72,3.7,0,11.7,5,5.56,CSE,4,42.41,FAIL
7,6,6,14,12,76,3.0,1,9.1,7,4.86,ECE,1,42.64,FAIL
7,8,4,8,11,43,2.5,1,8.4,5,4.28,ECE,3,27.61,FAIL
14,10,5,14,17,81,1.0,3,5.0,5,5.78,ECE,4,46.68,FAIL
10,9,4,14,13,60,6.0,1,5.2,7,4.84,MECH,4,37.87,FAIL
10,9,5,10,12,57,3.7,2,7.5,5,4.47,MECH,1,32.71,FAIL
9,6,2,13,11,49,1.5,2,4.5,5,3.93,MECH,4,33.27,FAIL
17,6,3,12,8,48,2.3,2,7.9,3,4.95,ECE,2,36.35,FAIL
7,4,3,8,14,54,2.3,1,3.8,4,4.53,ECE,2,32.76,FAIL
13,8,6,9,8,64,4.1,0,8.7,3,5.08,CSE,4,39.96,FAIL
13,9,4,20,18,100,6.1,0,6.5,4,5.2,ECE,2,63.18,C
9,8,7,15,8,67,3.3,1,7.2,8,4.65,MECH,2,36.27,FAIL
8,7,2,11,6,77,0.0,2,5.9,9,4.2,CSE,2,27.35,FAIL
13,12,2,9,11,81,3.6,1,4.2,3,4.87,MECH,2,43.7,FAIL
19,8,3,13,16,76,3.7,1,8.9,6,5.93,CSE,2,47.39,FAIL
17,9,3,15,11,73,3.6,0,9.0,4,5.71,ECE,1,46.97,FAIL
9,6,6,8,13,57,2.7,2,6.5,8,4.4,ECE,4,31.57,FAIL
15,7,3,21,15,96,4.4,3,8.0,5,5.61,MECH,2,49.56,FAIL
19,17,6,13,13,100,4.1,0,6.4,5,6.52,CSE,2,64.7,C
11,5,5,7,10,49,4.0,1,7.4,4,4.26,ECE,1,33.51,FAIL
11,9,8,13,15,59,4.8,1,8.1,2,5.16,MECH,2,47.32,FAIL
14,11,3,16,16,70,3.1,1,7.8,7,4.67,CSE,2,46.91,FAIL
17,5,4,4,14,60,3.0,0,9.0,6,5.04,ECE,2,40.01,FAIL
19,12,3,13,19,82,6.8,0,7.8,6,6.01,CSE,2,54.7,D
16,5,3,4,12,64,5.1,3,7.0,4,4.56,ECE,4,32.28,FAIL
15,9,8,20,15,100,5.7,2,5.9,5,5.45,CSE,3,60.73,C
13,12,6,14,16,92,6.5,3,6.3,7,5.82,ECE,3,50.15,D
8,8,6,19,18,78,5.1,1,8.2,7,4.98,MECH,2,51.95,D
9,13,6,10,13,90,5.9,3,4.7,3,5.51,CSE,2,45.36,FAIL
13,9,6,10,14,91,0.8,2,8.7,4,5.49,MECH,1,48.59,FAIL
14,9,7,11,14,66,4.4,3,6.6,2,4.85,MECH,4,42.58,FAIL
15,6,3,13,11,62,3.6,0,5.8,5,4.93,MECH,2,42.66,FAIL
16,8,6,15,19,76,7.4,2,5.4,7,5.58,MECH,1,47.67,FAIL
14,8,4,14,17,87,5.9,1,8.0,4,5.91,ECE,1,48.57,FAIL
16,7,1,7,15,77,2.7,1,7.0,4,5.89,ECE,3,39.87,FAIL
9,7,4,12,13,51,4.7,1,9.4,4,5.52,ECE,3,36.34,FAIL
8,10,4,11,15,62,4.3,3,5.1,10,4.29,ECE,4,35.23,FAIL
15,9,4,12,12,73,4.9,4,6.1,7,4.84,CSE,2,39.76,FAIL
10,6,3,17,11,73,2.0,2,6.9,6,5.69,CSE,2,41.61,FAIL
13,9,5,14,17,100,4.7,3,5.9,6,5.25,CSE,2,48.39,FAIL
8,7,4,15,13,54,3.5,1,7.0,5,4.59,ECE,4,40.14,FAIL
15,15,7,16,16,82,4.6,2,7.5,3,5.47,ECE,4,58.81,D
17,10,6,17,8,97,2.6,1,7.7,3,5.94,MECH,1,53.97,D
19,12,6,20,17,100,2.8,0,9.3,4,7.01,CSE,1,66.73,C
13,7,3,15,14,68,6.3,3,5.0,3,5.5,MECH,3,42.47,FAIL
12,10,2,12,15,82,1.9,3,7.5,4,5.07,MECH,3,42.98,FAIL
15,11,3,14,10,83,2.0,2,6.0,5,5.12,ECE,4,46.07,FAIL
11,8,3,15,14,77,3.9,3,7.6,5,4.65,ECE,1,39.63,FAIL
10,9,4,14,11,73,2.5,1,7.6,4,5.05,MECH,2,44.39,FAIL
12,10,5,9,14,81,2.2,1,5.5,6,5.71,ECE,3,45.56,FAIL
8,7,2,13,14,37,4.2,3,5.6,5,4.66,CSE,1,26.09,FAIL
14,11,1,16,14,85,1.0,1,7.8,5,5.72,ECE,1,49.55,FAIL
13,7,3,16,14,76,2.0,0,7.0,4,5.6,CSE,4,47.85,FAIL
14,8,6,14,16,71,8.1,1,6.7,6,5.16,CSE,1,50.5,D
15,12,5,16,20,100,4.9,1,8.0,4,6.97,MECH,1,61.47,C
7,6,3,10,2,64,2.5,1,8.1,8,3.73,CSE,4,23.35,FAIL
15,3,2,16,16,68,4.8,1,6.2,5,5.27,ECE,2,46.08,FAIL
15,8,5,10,18,100,5.1,3,5.7,5,4.68,MECH,1,46.88,FAIL
10,3,4,12,12,62,6.0,3,5.1,6,4.05,MECH,2,31.4,FAIL
13,8,3,7,7,66,3.7,1,7.1,7,5.28,MECH,4,32.47,FAIL
17,10,5,9,11,72,6.0,2,4.9,7,4.64,MECH,3,39.42,FAIL
12,8,6,16,9,87,0.0,0,7.1,9,5.19,MECH,4,46.1,FAIL
11,7,6,12,11,78,1.9,3,8.8,6,3.99,MECH,1,35.53,FAIL
16,7,2,8,12,55,4.3,1,6.5,5,4.76,ECE,1,36.71,FAIL
15,8,4,14,15,67,4.7,2,6.2,4,4.53,ECE,2,46.52,FAIL
10,13,2,10,16,65,2.2,2,10.0,5,4.93,MECH,2,41.11,FAIL
18,9,5,16,22,73,4.5,0,9.3,8,5.94,CSE,1,58.02,D
14,10,5,16,13,81,2.8,2,5.9,2,6.25,CSE,2,49.82,FAIL
11,8,2,16,14,81,3.4,1,7.2,3,5.73,MECH,2,44.57,FAIL
15,3,4,14,11,48,6.0,3,7.5,5,4.18,ECE,4,34.08,FAIL
13,10,4,15,13,90,5.8,0,7.3,3,5.37,ECE,2,56.16,D
12,11,2,13,14,78,2.0,2,9.7,4,5.48,MECH,4,42.74,FAIL
12,13,3,17,15,95,1.9,1,7.1,9,4.56,CSE,1,55.0,D
20,9,7,12,21,81,3.2,2,7.4,4,5.7,ECE,1,53.64,D
13,10,6,18,18,91,3.9,3,8.0,6,6.36,ECE,2,51.59,D
11,10,3,11,10,81,2.7,0,8.8,2,5.16,CSE,3,46.56,FAIL
15,14,5,16,12,95,6.1,2,8.4,3,5.76,MECH,4,56.43,D
15,6,1,19,11,82,4.7,0,7.8,7,4.73,MECH,4,49.79,FAIL
12,10,2,9,15,73,4.8,3,4.7,8,4.61,CSE,1,38.25,FAIL
12,13,7,10,14,100,1.5,0,6.3,5,5.34,MECH,3,54.52,D
18,10,6,20,12,88,6.3,0,8.2,4,5.99,ECE,1,59.25,D
16,6,4,13,10,83,0.0,1,7.4,6,5.26,CSE,2,41.34,FAIL
9,10,5,11,17,55,5.7,2,8.2,1,5.75,CSE,3,44.05,FAIL
11,6,6,13,17,55,5.9,1,9.8,5,5.3,CSE,2,42.13,FAIL
15,11,5,13,7,79,3.1,2,5.2,3,5.22,CSE,2,45.67,FAIL
11,14,4,14,16,77,6.5,1,8.7,7,5.58,CSE,3,47.54,FAIL
12,7,4,17,15,65,3.9,1,6.5,1,5.32,CSE,2,47.84,FAIL
17,12,4,11,12,77,4.1,1,8.4,4,5.16,MECH,3,50.95,D
17,11,4,14,18,98,4.7,0,6.9,5,5.15,ECE,3,57.66,D
20,15,8,15,24,85,10.4,2,10.2,3,6.8,ECE,4,66.72,C
15,7,2,12,16,57,6.7,1,7.2,4,5.06,ECE,4,40.58,FAIL
15,10,4,12,15,73,5.4,3,6.0,7,5.31,CSE,1,43.17,FAIL
10,8,1,12,9,62,2.2,1,7.6,5,4.83,CSE,2,33.57,FAIL
16,7,6,13,19,69,4.3,2,7.5,3,5.38,ECE,1,51.06,D
11,7,4,14,10,68,2.4,1,8.7,7,5.34,ECE,3,39.89,FAIL
12,9,6,17,14,67,5.6,1,7.7,6,4.53,MECH,4,45.54,FAIL
9,7,3,10,12,56,4.3,1,10.7,6,6.01,CSE,4,30.97,FAIL
9,4,2,11,7,73,1.8,1,6.8,3,3.97,MECH,1,32.65,FAIL
15,7,3,10,18,66,4.2,1,6.9,1,6.16,CSE,4,47.95,FAIL
9,4,3,9,13,31,2.3,1,6.1,3,4.32,CSE,1,27.67,FAIL
18,11,4,17,12,100,4.3,1,7.1,3,5.69,ECE,2,58.44,D
12,7,4,12,14,91,2.3,1,7.3,4,4.71,ECE,4,45.52,FAIL
12,11,3,14,12,69,4.1,4,7.4,3,5.04,CSE,2,39.03,FAIL
12,6,7,15,11,75,5.5,2,7.1,5,5.32,MECH,4,44.83,FAIL
12,8,5,13,9,57,3.9,3,6.1,7,4.64,ECE,3,33.28,FAIL
20,10,5,12,15,100,3.2,0,5.7,7,5.99,MECH,1,60.26,C
9,10,6,19,16,100,4.4,0,6.4,7,5.53,ECE,1,57.81,D
14,11,4,14,21,77,5.4,1,8.7,3,5.95,CSE,4,55.6,D
13,4,4,9,17,90,1.8,2,9.0,5,5.61,ECE,3,45.16,FAIL
7,4,1,10,14,77,4.5,2,6.9,8,4.84,CSE,2,29.66,FAIL
13,8,5,9,13,54,6.6,2,5.6,2,5.19,ECE,1,39.92,FAIL
12,8,4,11,8,68,5.1,0,6.9,8,4.85,ECE,2,36.58,FAIL
13,7,6,12,13,76,4.1,4,10.1,3,6.08,MECH,3,41.57,FAIL
9,12,5,8,16,68,5.3,2,8.5,6,4.82,CSE,1,38.7,FAIL
13,6,3,8,16,71,4.9,0,7.8,6,4.98,MECH,2,44.16,FAIL
11,8,4,14,11,73,5.5,1,8.4,5,5.68,CSE,2,42.09,FAIL
7,9,2,14,9,73,0.0,0,9.3,9,3.97,ECE,1,40.19,FAIL
11,6,5,12,8,75,0.9,1,5.3,4,4.81,MECH,1,36.47,FAIL
16,7,6,11,15,59,6.0,2,6.4,2,5.1,CSE,2,40.58,FAIL
12,8,4,8,12,64,1.0,1,6.2,6,4.68,ECE,1,39.98,FAIL
15,7,7,9,9,55,4.8,1,7.9,5,5.69,MECH,2,35.41,FAIL
20,10,5,13,16,89,3.3,1,7.2,6,5.06,MECH,1,56.74,D
11,7,1,9,12,43,2.0,1,8.1,7,4.61,CSE,3,29.61,FAIL
12,11,3,17,18,92,4.7,1,6.2,5,5.66,ECE,1,56.22,D
14,12,3,14,15,95,4.4,1,9.1,6,5.58,CSE,2,50.58,D
13,9,4,19,17,70,8.2,0,6.9,5,5.63,ECE,1,53.99,D
9,5,2,6,13,35,2.8,1,8.0,9,4.62,ECE,3,21.18,FAIL
13,9,5,11,8,69,6.9,4,8.8,4,5.65,ECE,1,36.79,FAIL
12,4,4,16,17,74,4.7,2,8.7,4,6.19,MECH,4,45.4,FAIL
14,8,3,9,5,59,2.7,1,7.5,7,4.53,MECH,1,31.51,FAIL
16,8,8,11,11,67,5.6,2,8.2,3,4.86,MECH,4,41.63,FAIL
17,11,6,14,15,97,5.1,1,9.6,6,5.89,MECH,2,55.97,D
10,7,4,9,15,84,4.1,1,7.8,5,4.74,MECH,2,43.1,FAIL
12,10,5,6,12,61,4.5,2,5.9,5,4.72,CSE,1,36.86,FAIL
8,6,2,8,12,51,2.8,1,7.9,10,3.98,MECH,1,27.34,FAIL
17,10,3,10,11,70,2.3,2,6.9,7,5.6,ECE,4,39.53,FAIL
11,8,6,15,16,71,5.5,1,3.5,7,5.58,ECE,3,44.16,FAIL
16,10,4,14,15,82,3.6,2,7.7,6,5.3,MECH,3,47.15,FAIL
15,6,4,12,14,66,3.8,1,7.2,4,5.74,CSE,4,45.14,FAIL
17,5,3,13,13,82,4.6,2,8.7,6,5.3,ECE,3,45.18,FAIL
15,9,4,18,14,100,4.5,1,5.9,6,4.84,MECH,3,55.04,D
12,8,3,10,13,87,1.1,0,4.7,5,5.13,ECE,3,47.47,FAIL
22,10,4,18,13,74,6.6,2,7.3,5,5.71,ECE,2,55.89,D
10,8,7,17,13,72,4.2,3,7.6,4,4.86,CSE,1,40.95,FAIL
14,7,7,13,13,69,3.6,3,7.1,6,4.51,MECH,1,39.56,FAIL
16,12,7,15,16,92,4.9,0,7.0,4,6.23,CSE,3,61.91,C
12,11,4,10,8,65,4.5,3,5.4,6,3.97,MECH,1,35.52,FAIL
16,15,4,18,14,75,5.5,2,6.8,1,6.06,ECE,4,54.33,D
10,11,3,12,13,75,5.1,1,6.5,8,4.84,ECE,3,40.29,FAIL
11,5,5,22,13,67,5.4,1,8.6,2,5.97,CSE,1,45.3,FAIL
10,11,6,12,15,54,6.7,1,7.6,3,5.88,CSE,3,41.36,FAIL
13,11,5,16,12,79,5.8,1,6.6,6,4.94,MECH,2,51.07,D
13,8,4,15,13,74,3.7,3,9.6,6,4.73,MECH,1,42.0,FAIL
11,10,5,8,15,82,1.8,1,6.6,9,5.36,MECH,3,43.87,FAIL
10,10,4,15,13,66,7.3,1,7.8,6,5.41,ECE,3,40.5,FAIL
18,10,4,14,16,93,3.5,0,6.7,5,5.65,ECE,4,58.1,D
8,9,2,12,16,61,3.1,2,9.4,5,5.52,MECH,1,39.15,FAIL
14,7,3,15,12,100,0.5,0,7.1,8,4.5,ECE,4,47.14,FAIL
9,4,4,11,13,48,4.7,0,7.2,10,4.73,CSE,1,29.82,FAIL
18,6,4,19,13,81,4.3,2,6.8,5,5.67,ECE,4,46.78,FAIL
12,10,2,9,14,82,1.0,2,7.3,6,5.63,ECE,2,42.56,FAIL
9,7,5,11,13,63,4.9,0,8.8,5,5.98,CSE,1,38.0,FAIL
13,6,5,13,8,81,3.0,3,8.3,5,5.36,CSE,3,35.39,FAIL
16,9,5,16,22,94,9.4,2,7.0,9,6.24,ECE,1,53.45,D
13,6,3,8,9,41,2.9,2,9.6,3,4.87,MECH,2,28.25,FAIL
15,12,1,8,16,82,3.1,2,8.3,1,5.85,MECH,4,48.96,FAIL
6,5,3,11,7,37,2.3,2,6.3,6,3.5,CSE,1,20.12,FAIL
10,5,4,14,10,60,6.6,1,4.9,7,4.71,ECE,4,34.31,FAIL
10,12,6,15,17,99,3.3,3,6.4,5,4.64,ECE,1,49.7,FAIL
10,8,3,9,14,66,2.6,0,7.6,6,4.74,MECH,1,39.47,FAIL
17,8,5,15,11,57,5.4,2,7.9,7,5.57,MECH,1,41.36,FAIL
12,9,6,19,15,72,1.2,1,9.0,5,5.39,CSE,2,48.25,FAIL
19,10,5,18,21,100,5.3,1,5.4,6,5.65,ECE,1,66.63,C
8,7,4,12,13,47,7.6,1,6.3,6,4.83,MECH,1,36.47,FAIL
7,7,4,13,15,59,5.1,2,5.2,1,4.98,CSE,1,37.25,FAIL
12,7,2,19,19,97,5.3,2,5.0,5,5.15,MECH,3,53.59,D
19,11,6,14,15,100,5.7,0,6.1,2,6.53,CSE,3,64.03,C
13,11,3,14,16,73,7.4,2,7.5,5,4.88,MECH,3,48.34,FAIL
15,10,2,12,8,56,6.4,1,8.2,4,4.57,MECH,4,37.64,FAIL
20,10,6,17,16,100,4.9,2,5.6,7,5.92,CSE,1,61.11,C
14,10,7,14,15,98,5.8,1,5.8,5,5.89,CSE,3,53.37,D
15,6,5,7,11,85,2.2,1,4.3,6,4.84,ECE,2,44.18,FAIL
17,9,5,13,11,62,5.6,1,7.3,5,5.29,ECE,3,43.63,FAIL
16,6,5,20,11,74,2.0,1,5.9,7,5.63,CSE,1,45.57,FAIL
9,11,5,15,10,72,3.3,3,9.5,2,5.64,CSE,2,38.35,FAIL
7,9,6,9,7,79,0.0,1,7.6,3,5.21,ECE,1,39.03,FAIL
15,10,4,15,16,96,4.8,0,6.7,8,6.44,CSE,4,53.92,D
12,10,3,13,9,88,2.7,2,6.0,4,5.27,MECH,4,40.47,FAIL
17,9,6,19,12,58,6.2,1,4.8,1,6.19,CSE,1,48.79,FAIL
10,9,2,13,10,95,4.8,3,4.9,8,4.15,CSE,4,40.83,FAIL
15,9,4,17,9,79,6.2,0,6.1,7,4.7,ECE,3,46.36,FAIL
9,10,4,13,13,85,1.8,2,6.0,6,4.6,CSE,1,42.73,FAIL
18,12,4,17,17,96,6.1,0,5.5,5,6.04,CSE,2,64.75,C
14,12,2,12,16,58,8.2,1,7.6,8,6.04,ECE,2,43.67,FAIL
14,10,6,16,13,74,5.5,2,7.8,8,4.86,ECE,1,49.07,FAIL
13,9,3,12,16,67,5.6,3,6.3,8,5.36,ECE,2,37.83,FAIL
7,10,3,17,13,51,4.3,2,9.9,6,6.08,MECH,4,38.54,FAIL
15,10,6,14,19,80,3.0,1,4.4,5,5.69,MECH,2,52.77,D
20,10,1,16,12,100,5.5,1,7.1,4,5.8,CSE,4,54.77,D
8,4,5,8,6,47,1.0,2,6.7,2,4.97,ECE,2,23.76,FAIL
15,7,7,11,6,74,3.2,2,6.2,6,5.07,CSE,3,36.76,FAIL
10,6,2,10,6,84,0.5,3,6.0,6,4.42,MECH,1,29.74,FAIL
9,10,3,13,12,76,2.6,0,7.0,4,5.37,MECH,3,42.79,FAIL
11,9,5,18,13,73,5.3,1,6.7,6,4.96,CSE,4,49.34,FAIL
12,6,4,8,15,55,5.0,2,6.4,4,5.04,MECH,3,34.47,FAIL
8,8,5,12,11,78,4.1,3,5.1,7,4.2,ECE,3,35.39,FAIL
15,7,4,16,16,63,4.3,3,4.6,3,4.09,ECE,1,45.15,FAIL
4,3,4,5,9,42,0.2,0,6.6,3,4.09,MECH,1,25.65,FAIL
13,13,10,13,16,92,3.3,0,6.4,5,5.56,ECE,4,60.88,C
10,8,1,15,15,89,2.6,3,6.7,7,4.52,ECE,1,41.68,FAIL
17,7,6,10,12,75,2.7,1,6.8,3,5.5,CSE,3,43.3,FAIL
9,6,7,18,19,78,5.2,0,6.2,7,5.16,MECH,2,48.63,FAIL
17,10,3,18,16,91,2.3,0,6.7,2,5.9,ECE,2,58.03,D
14,10,3,14,18,78,2.8,4,5.7,5,5.46,CSE,4,47.09,FAIL
10,8,5,5,17,88,0.0,1,9.3,2,6.17,CSE,1,44.07,FAIL
12,9,2,12,15,70,3.4,1,5.8,1,5.62,ECE,1,44.27,FAIL
13,7,3,16,12,94,1.8,2,6.4,6,5.02,MECH,1,46.08,FAIL
16,9,5,13,14,79,4.2,2,5.9,5,5.3,ECE,3,47.37,FAIL
13,12,3,15,16,77,2.1,1,5.9,2,6.37,ECE,2,52.23,D
14,8,4,19,9,55,4.2,1,7.0,4,5.44,CSE,4,42.99,FAIL
14,7,3,14,7,79,3.7,3,6.8,6,5.17,CSE,4,35.57,FAIL
15,12,3,15,13,62,7.3,2,6.3,4,5.32,CSE,1,42.51,FAIL
10,9,5,11,11,65,5.0,0,6.6,5,4.79,CSE,1,41.94,FAIL
8,5,3,14,11,62,0.3,1,5.9,4,3.89,ECE,3,33.95,FAIL
12,6,4,15,16,59,1.5,1,7.6,4,5.58,MECH,3,43.75,FAIL
17,9,6,15,17,100,4.1,1,10.1,4,6.36,ECE,4,59.74,D
13,9,4,11,9,94,2.1,2,5.7,4,4.7,CSE,2,42.67,FAIL
20,10,4,11,14,100,0.0,1,7.6,3,5.4,MECH,2,56.37,D
16,9,3,13,15,56,6.7,2,7.1,3,6.01,CSE,1,41.13,FAIL
16,9,5,12,14,76,5.4,1,8.0,4,5.38,ECE,4,46.46,FAIL
13,9,7,12,9,55,5.0,1,8.0,4,4.74,ECE,2,38.12,FAIL
14,5,5,15,18,64,2.8,1,7.3,3,5.25,CSE,1,44.54,FAIL
13,8,2,10,15,61,4.9,1,6.9,7,5.15,CSE,1,39.29,FAIL
19,9,1,11,15,93,2.6,2,6.3,7,4.91,MECH,1,46.08,FAIL
12,9,3,11,7,69,4.4,1,5.9,5,4.72,MECH,4,34.71,FAIL
17,10,2,15,10,91,2.2,2,6.9,5,5.51,CSE,2,48.9,FAIL
21,9,3,12,10,84,7.0,1,5.1,4,5.11,ECE,1,47.34,FAIL
15,12,0,8,12,100,0.9,0,6.1,7,4.75,MECH,3,48.45,FAIL
12,6,4,12,16,52,6.5,0,8.7,8,4.87,ECE,1,40.06,FAIL
13,9,3,16,15,93,4.1,0,7.1,5,5.97,CSE,1,54.94,D
13,11,3,14,13,92,3.0,2,8.3,4,5.44,MECH,1,50.11,D
14,7,3,12,8,60,4.3,1,9.2,6,5.35,MECH,4,35.92,FAIL
22,11,4,19,17,90,5.5,2,6.7,5,6.24,CSE,4,60.36,C
17,9,4,19,14,80,6.7,1,7.3,4,5.52,CSE,4,52.93,D
14,9,3,15,19,71,4.6,0,6.5,6,6.68,MECH,3,48.43,FAIL
11,5,5,12,9,62,2.2,3,5.8,7,5.12,ECE,4,27.97,FAIL
12,10,4,18,12,64,4.1,3,5.6,3,5.19,CSE,1,44.42,FAIL
13,13,6,16,15,100,7.6,0,8.3,10,5.69,CSE,3,54.8,D
14,11,4,14,14,75,6.7,0,7.3,2,5.59,MECH,1,52.76,D
16,11,7,13,19,86,5.8,1,9.8,3,6.97,ECE,1,56.6,D
22,9,5,16,10,63,5.6,5,8.5,5,5.41,MECH,3,41.9,FAIL
14,11,4,7,11,63,5.4,3,5.9,9,3.91,ECE,1,31.2,FAIL
12,10,6,13,15,91,6.3,0,8.3,4,5.18,MECH,3,53.86,D
7,5,1,8,13,54,3.1,2,6.5,3,4.89,CSE,1,25.14,FAIL
8,6,4,8,10,68,1.3,2,8.8,6,4.89,CSE,4,31.07,FAIL
17,6,3,17,16,75,4.1,2,6.3,5,4.7,CSE,3,46.84,FAIL
7,10,2,11,5,76,2.4,2,5.4,6,4.01,ECE,3,30.09,FAIL
15,7,4,5,12,72,1.9,1,5.8,5,3.78,CSE,4,39.28,FAIL
13,5,6,14,13,80,2.6,2,5.9,3,4.85,MECH,4,46.01,FAIL
15,13,7,19,19,85,9.0,2,5.7,10,5.22,MECH,1,57.78,D
12,11,5,17,12,86,4.3,1,6.1,1,6.11,CSE,1,55.11,D
16,8,3,15,17,60,4.7,1,8.3,9,4.66,CSE,3,42.19,FAIL
14,11,6,14,17,70,1.6,0,9.7,7,5.41,CSE,3,50.96,D
16,8,3,16,12,92,0.3,1,5.0,4,5.3,MECH,2,53.74,D
13,12,7,13,15,88,2.4,0,8.9,9,5.31,CSE,4,53.32,D
16,5,4,19,11,54,6.9,0,6.3,2,5.87,MECH,1,49.44,FAIL
17,7,4,15,15,80,4.7,2,7.5,7,4.55,CSE,3,49.04,FAIL
13,9,3,12,9,45,5.2,2,4.5,1,4.64,CSE,1,34.09,FAIL
13,14,5,14,17,75,5.5,1,7.8,3,6.88,CSE,2,54.22,D
15,6,3,16,10,100,2.8,3,4.0,3,4.5,MECH,4,43.24,FAIL
16,8,4,17,17,60,6.8,1,7.5,3,5.36,CSE,4,48.67,FAIL
17,8,4,18,14,62,2.7,1,7.4,5,5.07,MECH,4,50.91,D
17,8,4,15,21,86,6.8,1,7.3,3,5.07,MECH,2,58.95,D
15,7,0,13,12,51,4.9,1,5.9,1,4.76,ECE,4,41.75,FAIL
14,11,7,13,7,65,0.4,1,7.8,6,5.54,CSE,3,43.93,FAIL
9,7,7,8,14,83,2.5,2,7.6,5,5.34,ECE,2,42.47,FAIL
12,6,1,12,17,65,0.4,1,6.7,6,4.14,ECE,2,39.09,FAIL
15,10,4,16,14,71,6.3,1,8.0,5,5.63,CSE,1,46.87,FAIL
20,10,4,12,15,86,4.0,1,6.9,7,4.91,MECH,4,53.49,D
9,7,5,11,15,81,0.0,0,7.8,5,5.76,MECH,4,45.08,FAIL
10,8,5,10,9,79,4.8,2,6.8,7,4.66,MECH,1,38.31,FAIL
14,7,2,14,13,69,2.9,0,7.3,3,4.94,CSE,3,44.98,FAIL
16,8,7,9,13,80,1.0,2,7.9,4,4.38,MECH,3,46.72,FAIL
14,7,4,16,16,73,7.4,1,6.4,8,5.07,MECH,1,49.54,FAIL
13,11,7,13,12,81,4.2,0,5.1,8,4.79,CSE,1,46.75,FAIL
14,9,3,14,10,67,3.4,1,7.4,6,5.52,ECE,4,43.73,FAIL
11,10,5,16,10,72,3.2,1,8.8,3,4.92,MECH,2,47.29,FAIL
14,6,4,13,10,60,1.0,2,7.4,3,5.01,ECE,1,35.97,FAIL
10,5,2,13,12,74,1.4,1,7.5,8,4.65,MECH,1,35.28,FAIL
14,6,4,10,8,62,6.6,4,6.9,8,4.03,MECH,4,31.39,FAIL
7,8,4,12,14,58,3.1,3,8.1,5,4.5,CSE,2,33.75,FAIL
17,7,5,12,15,78,4.0,1,6.7,10,4.37,CSE,3,43.31,FAIL
6,5,3,8,20,78,0.0,0,6.3,6,5.44,ECE,2,37.63,FAIL
11,9,4,13,15,86,1.4,0,8.7,3,5.74,ECE,2,52.77,D
20,8,5,17,13,68,5.2,1,6.2,4,5.32,CSE,4,50.35,D
12,7,1,9,7,81,4.8,2,8.3,5,3.4,CSE,3,33.64,FAIL
13,6,3,16,10,83,7.5,0,8.7,5,5.02,ECE,2,44.92,FAIL
12,7,5,15,13,81,6.7,1,7.9,8,5.82,CSE,4,44.66,FAIL
11,7,4,13,9,62,3.5,2,5.1,3,5.3,CSE,4,36.52,FAIL
15,7,4,13,12,77,4.9,2,7.0,2,5.3,CSE,4,45.98,FAIL
15,8,5,14,11,80,3.4,1,6.7,6,5.11,MECH,1,45.58,FAIL
17,12,5,13,19,75,8.1,2,6.3,4,5.72,MECH,3,54.0,D
6,5,5,13,13,43,6.3,2,7.2,10,4.47,CSE,4,25.78,FAIL
14,7,5,12,15,77,4.3,3,8.2,7,5.02,MECH,2,39.58,FAIL
17,10,3,17,12,100,4.4,2,6.3,4,6.19,MECH,2,54.83,D
16,8,5,16,15,69,6.9,1,6.7,7,5.78,MECH,3,51.28,D
12,7,4,13,7,64,5.2,1,6.6,6,4.51,CSE,1,35.31,FAIL
11,12,4,14,17,80,7.1,0,8.7,6,5.18,ECE,1,50.15,D
8,6,1,7,9,79,0.0,0,6.6,5,4.36,ECE,2,34.71,FAIL
19,10,3,13,11,92,4.9,0,5.1,6,5.41,ECE,1,53.49,D
9,3,2,10,10,56,3.0,1,4.6,1,5.04,CSE,3,33.67,FAIL
14,11,7,11,15,85,7.5,2,7.5,8,6.01,ECE,1,46.11,FAIL
16,14,5,15,19,83,7.1,1,5.9,1,6.54,ECE,4,61.46,C
10,9,6,17,12,72,4.1,1,8.0,4,5.55,ECE,1,45.55,FAIL
18,11,3,13,16,80,7.1,0,5.0,2,5.9,MECH,2,55.92,D
14,12,5,20,15,90,7.6,1,6.2,4,6.8,MECH,3,57.16,D
18,12,4,13,13,88,4.1,2,5.0,5,5.28,CSE,1,52.39,D
11,13,4,14,12,57,8.9,2,7.7,3,6.04,CSE,1,43.06,FAIL
15,8,5,15,14,87,3.9,1,8.0,1,6.1,CSE,4,54.16,D
14,11,5,14,14,74,3.6,0,7.5,5,5.09,MECH,2,49.16,FAIL
16,12,6,12,14,76,5.7,0,5.4,9,4.79,CSE,3,49.69,FAIL
13,6,1,12,18,76,3.3,1,5.9,4,5.78,ECE,4,46.66,FAIL
11,8,7,17,9,72,4.2,0,7.4,7,4.97,MECH,2,44.2,FAIL
20,11,3,16,15,92,6.8,2,4.5,8,5.18,MECH,1,54.74,D
14,3,4,9,11,73,4.0,0,6.6,1,5.17,ECE,2,42.04,FAIL
10,6,5,4,11,58,0.6,0,9.3,4,4.98,MECH,1,34.46,FAIL
8,7,5,18,14,69,4.7,2,6.7,2,5.19,MECH,2,46.38,FAIL
14,7,6,16,10,77,2.6,1,4.8,3,5.22,MECH,3,47.79,FAIL
15,12,6,16,16,93,5.7,4,6.1,8,5.48,MECH,1,51.97,D
10,9,5,15,14,84,5.4,3,6.1,5,5.25,ECE,1,44.64,FAIL
11,9,5,13,17,62,6.9,2,10.2,7,4.74,CSE,1,40.3,FAIL
16,11,3,16,12,100,5.8,1,9.5,5,5.66,MECH,4,51.88,D
16,15,4,15,13,78,6.2,0,8.1,3,5.43,CSE,2,55.18,D
10,11,3,16,17,94,2.7,1,6.5,6,4.76,ECE,1,48.83,FAIL
11,9,1,17,15,72,5.6,1,8.8,8,5.46,CSE,2,45.09,FAIL
18,11,4,18,15,83,7.9,0,5.3,6,6.65,MECH,3,55.11,D
11,7,3,14,13,87,2.6,0,8.6,6,5.09,ECE,2,47.86,FAIL
17,9,4,20,11,93,7.6,1,8.4,3,6.16,CSE,1,57.0,D
19,6,5,15,15,90,2.9,1,6.8,6,4.96,MECH,1,52.51,D
14,11,3,14,11,88,2.3,2,8.7,8,5.55,ECE,3,47.92,FAIL
16,7,5,5,13,70,4.6,1,6.3,6,5.23,ECE,2,38.26,FAIL
10,10,2,16,14,66,5.4,3,5.1,1,5.41,MECH,1,44.05,FAIL
11,8,3,17,13,79,5.8,2,8.5,8,4.77,CSE,2,42.52,FAIL
11,7,3,12,5,88,2.1,0,6.9,3,4.94,MECH,4,43.18,FAIL
10,8,6,10,13,71,4.9,2,7.9,6,5.32,MECH,1,37.89,FAIL
9,13,5,17,7,90,2.6,2,9.7,7,5.53,ECE,1,41.68,FAIL
14,15,4,16,18,96,1.0,3,5.9,7,4.95,CSE,2,57.2,D
13,7,2,10,11,61,2.1,2,6.8,1,5.4,CSE,4,34.64,FAIL
8,6,5,12,8,62,2.5,0,9.4,5,4.39,CSE,1,35.6,FAIL
12,11,4,13,8,72,5.0,1,8.0,5,5.54,ECE,3,44.6,FAIL
15,10,2,16,16,79,6.3,2,6.0,8,5.3,MECH,2,47.18,FAIL
10,5,4,14,11,67,1.1,4,5.6,6,3.95,CSE,4,33.94,FAIL
18,10,5,16,14,95,4.7,3,6.2,8,5.01,MECH,4,49.98,FAIL
16,10,3,11,13,81,1.6,1,5.9,6,5.17,MECH,3,48.52,FAIL
11,8,4,12,11,75,5.3,3,7.4,5,4.84,CSE,3,39.86,FAIL
12,8,2,18,10,53,2.8,1,7.1,5,5.86,CSE,2,39.64,FAIL
7,10,5,14,14,55,1.9,1,7.4,8,4.56,MECH,4,40.68,FAIL
19,8,6,13,14,79,5.6,1,5.7,2,5.63,MECH,1,51.95,D
10,5,1,9,10,43,2.8,2,6.9,7,4.08,MECH,3,26.62,FAIL
18,9,5,14,13,90,3.4,1,3.9,4,5.61,MECH,4,51.95,D
10,10,2,11,10,72,0.0,1,7.2,3,4.67,MECH,3,38.54,FAIL
19,7,3,19,23,100,5.9,2,8.8,7,5.73,MECH,1,58.27,D
20,13,8,19,22,100,5.6,1,4.9,3,6.62,CSE,1,71.87,B
16,8,3,15,15,72,4.0,2,7.7,6,4.88,CSE,4,46.71,FAIL
8,11,2,9,11,73,0.9,1,6.1,4,4.86,ECE,3,38.31,FAIL
16,11,3,17,19,89,6.4,0,8.2,1,5.94,MECH,2,58.51,D
18,5,4,17,10,100,2.7,0,7.2,6,5.59,MECH,4,55.48,D
8,10,0,16,11,50,3.1,2,7.6,5,4.95,MECH,2,35.85,FAIL
17,10,5,9,13,48,8.6,2,7.1,1,6.49,ECE,1,40.61,FAIL
13,3,5,13,14,65,2.6,1,9.0,4,4.67,MECH,4,41.14,FAIL
17,9,6,18,17,83,5.5,1,7.5,1,5.29,ECE,2,57.22,D
15,9,5,8,18,82,5.1,1,5.9,6,5.15,CSE,1,47.87,FAIL
16,7,8,18,14,91,4.8,2,7.1,8,5.02,CSE,1,53.33,D
13,5,4,18,11,57,4.6,1,6.4,7,4.65,MECH,3,40.45,FAIL
14,8,2,11,13,40,4.8,0,7.2,7,4.68,CSE,3,38.95,FAIL
14,8,6,18,20,87,4.5,2,6.4,4,6.69,ECE,1,52.45,D
13,5,4,9,7,62,3.9,0,6.0,6,4.51,MECH,4,37.6,FAIL
14,10,3,17,10,44,7.0,2,7.3,5,3.9,ECE,1,38.8,FAIL
9,7,4,13,5,77,1.4,1,7.1,5,4.8,MECH,2,35.37,FAIL
14,8,4,8,19,86,6.0,1,8.6,7,5.83,MECH,4,44.46,FAIL
15,7,7,16,11,73,5.6,3,6.4,7,4.62,CSE,3,45.24,FAIL
17,10,2,11,15,68,5.4,0,4.0,4,5.16,ECE,1,50.37,D
14,11,6,13,11,72,6.2,2,6.5,2,5.75,MECH,2,46.16,FAIL
13,10,4,13,12,69,3.8,0,4.6,5,4.95,ECE,4,47.47,FAIL
11,8,4,10,9,54,0.3,3,7.6,5,4.79,CSE,4,32.75,FAIL
10,8,3,13,9,64,3.9,1,4.5,6,4.58,MECH,2,36.76,FAIL
19,10,6,14,16,82,2.0,2,5.5,7,5.03,MECH,3,51.88,D
9,7,5,16,9,79,2.5,0,6.5,1,4.56,MECH,4,43.37,FAIL
12,6,2,8,15,77,1.5,1,9.3,4,4.79,CSE,2,41.53,FAIL
12,10,5,13,16,60,3.0,2,5.4,3,4.65,MECH,4,44.76,FAIL
5,9,4,12,10,72,2.8,2,7.0,8,4.2,ECE,3,34.22,FAIL
6,5,2,8,13,42,0.0,2,7.9,5,4.14,CSE,2,25.15,FAIL
10,8,2,11,17,77,5.4,1,9.2,4,5.58,CSE,3,42.68,FAIL
20,16,7,19,24,96,8.4,2,8.2,6,5.97,MECH,3,71.64,B
8,7,3,10,18,52,5.2,1,8.6,4,5.62,CSE,1,38.26,FAIL
15,9,5,7,13,66,3.6,2,8.3,5,5.15,ECE,2,38.7,FAIL
8,6,6,11,15,79,3.9,2,5.2,9,4.16,MECH,2,39.73,FAIL
16,8,3,15,13,93,3.2,0,7.5,9,4.82,CSE,3,53.66,D
10,7,6,12,18,68,4.2,2,8.3,4,5.69,MECH,1,42.39,FAIL
14,4,2,7,9,64,3.9,3,5.6,5,4.94,CSE,1,31.27,FAIL
13,8,5,11,9,45,2.3,1,6.1,4,5.01,ECE,3,36.78,FAIL
18,12,8,20,14,76,7.4,1,5.8,1,6.35,CSE,4,60.0,C
10,7,6,11,12,100,1.0,1,8.2,7,5.05,ECE,4,46.28,FAIL
18,15,5,11,14,79,5.4,1,6.9,10,5.67,MECH,2,49.87,FAIL
16,10,6,10,14,74,3.8,0,6.5,4,5.98,CSE,2,50.11,D
7,10,4,12,17,79,7.8,2,5.1,3,4.89,CSE,2,46.26,FAIL
14,10,2,14,14,74,4.7,3,6.9,4,5.39,MECH,3,42.11,FAIL
20,6,2,10,13,62,3.3,0,6.1,5,4.51,ECE,1,46.03,FAIL
18,7,8,15,11,87,3.5,3,7.4,3,5.49,MECH,1,46.57,FAIL
11,7,2,13,11,78,4.1,3,5.3,4,4.8,MECH,2,35.53,FAIL
13,6,5,14,10,75,1.7,2,7.3,7,4.28,CSE,1,38.82,FAIL
11,9,3,11,11,60,2.5,1,6.3,5,5.1,MECH,2,38.89,FAIL
14,7,3,13,15,94,0.4,1,5.1,8,4.07,MECH,2,49.88,FAIL
10,10,6,13,13,84,2.2,1,5.0,6,4.92,CSE,1,46.48,FAIL
15,5,4,12,9,66,4.2,2,5.2,3,4.41,MECH,1,39.8,FAIL
19,9,6,17,18,90,4.6,1,6.7,4,6.28,MECH,1,60.54,C
12,5,7,7,11,67,0.0,3,7.2,5,4.59,CSE,3,33.45,FAIL
19,1,4,13,12,63,3.7,3,7.4,3,5.54,ECE,2,40.41,FAIL
17,8,5,12,18,63,5.1,2,7.5,2,5.56,CSE,4,46.21,FAIL
14,5,4,8,13,48,3.7,3,5.9,3,4.59,ECE,4,33.08,FAIL
17,10,4,15,13,82,2.7,1,8.6,6,5.28,MECH,3,48.68,FAIL
14,9,4,13,11,47,3.2,0,6.3,4,5.33,CSE,3,43.83,FAIL
12,4,5,8,9,56,2.9,0,7.7,7,4.12,CSE,3,33.39,FAIL
6,5,4,10,4,43,2.7,1,6.8,3,3.32,ECE,3,23.48,FAIL
11,6,4,12,13,73,4.3,2,7.6,1,5.28,CSE,4,37.99,FAIL
16,10,0,17,15,72,8.6,1,6.7,5,5.1,CSE,4,48.56,FAIL
14,7,2,19,8,70,2.5,0,7.6,8,5.16,CSE,3,46.3,FAIL
11,6,6,13,8,59,3.4,3,7.0,5,4.72,MECH,1,29.65,FAIL
11,8,3,13,20,57,3.9,4,8.2,2,5.67,MECH,4,39.67,FAIL
13,9,6,11,18,81,2.6,0,5.8,2,5.36,CSE,2,50.36,D
13,9,2,14,11,66,6.2,0,4.3,7,4.85,CSE,2,43.89,FAIL
13,8,2,9,9,79,0.0,1,5.5,3,4.93,ECE,2,38.01,FAIL
12,10,5,12,14,61,2.9,1,8.6,8,5.4,CSE,3,39.29,FAIL
18,9,7,12,13,77,5.6,2,6.8,6,5.43,CSE,1,45.37,FAIL
16,8,6,18,16,94,3.4,1,7.1,3,6.29,MECH,2,59.51,D
11,6,5,12,13,83,2.4,0,5.4,7,5.34,MECH,3,41.53,FAIL
13,7,2,13,12,68,4.9,1,7.1,3,5.31,MECH,3,40.95,FAIL
12,10,1,10,10,78,5.8,1,5.5,2,5.61,MECH,1,40.57,FAIL
19,6,3,12,11,71,4.4,4,5.7,3,5.06,MECH,1,39.06,FAIL
15,11,4,12,12,75,2.4,1,6.4,7,5.38,ECE,2,48.39,FAIL
12,6,4,10,11,70,4.9,3,7.7,7,4.61,MECH,2,31.92,FAIL
17,8,7,11,9,72,3.2,0,7.8,4,4.87,CSE,1,49.08,FAIL
14,13,2,7,20,78,5.5,0,7.9,1,5.8,MECH,2,55.15,D
13,8,3,9,14,60,7.0,1,4.6,2,4.76,ECE,2,38.23,FAIL
7,4,5,5,9,59,0.0,3,7.0,3,4.3,MECH,2,24.66,FAIL
10,3,5,15,15,54,4.2,1,6.7,2,5.65,ECE,2,38.23,FAIL
10,7,1,9,8,50,0.5,3,4.7,6,4.28,CSE,4,26.42,FAIL
17,9,1,6,21,56,8.9,1,7.0,9,4.84,CSE,1,41.96,FAIL
11,10,3,16,22,77,3.1,0,6.6,7,5.29,MECH,2,54.72,D
14,10,3,16,20,61,5.5,0,7.8,3,6.44,ECE,2,53.97,D
14,8,4,14,17,82,3.9,2,7.1,4,5.61,ECE,4,50.95,D
16,7,8,15,12,75,2.4,2,6.2,4,5.74,ECE,4,48.59,FAIL
9,7,2,10,5,45,2.2,1,8.4,6,4.84,MECH,4,28.3,FAIL
17,12,4,14,19,84,7.2,0,3.7,8,5.01,CSE,4,57.47,D
18,4,6,16,14,87,5.9,1,6.9,4,5.87,CSE,3,50.83,D
12,11,5,14,14,60,7.9,0,4.4,8,5.09,ECE,1,43.53,FAIL
12,8,6,10,14,81,4.1,2,5.6,9,4.43,ECE,4,39.99,FAIL
11,7,4,13,13,62,4.6,0,7.8,4,3.89,MECH,1,43.27,FAIL
11,9,3,10,13,76,3.5,3,5.1,4,4.65,CSE,3,35.99,FAIL
7,6,4,9,7,56,3.4,3,4.9,4,3.56,CSE,3,27.96,FAIL
14,7,3,12,9,48,1.9,2,10.6,5,4.38,ECE,1,35.44,FAIL
6,4,1,15,10,69,4.2,0,5.0,4,4.15,ECE,4,36.97,FAIL
14,8,7,16,16,73,2.4,1,9.5,7,5.45,CSE,2,52.64,D
17,9,2,8,12,69,4.9,0,6.7,2,4.87,MECH,2,42.74,FAIL
10,7,4,12,12,57,4.3,1,6.2,4,5.18,MECH,4,37.97,FAIL
14,8,4,10,14,69,4.6,0,7.9,6,5.52,ECE,3,43.58,FAIL
19,11,5,13,15,79,7.4,2,9.0,7,6.05,MECH,3,51.26,D
2,8,4,9,11,74,3.9,3,5.3,9,3.67,MECH,4,29.31,FAIL
15,13,6,15,12,77,5.5,0,6.2,2,6.23,CSE,1,54.99,D
11,11,4,14,12,64,8.1,2,8.3,4,5.95,CSE,1,39.24,FAIL
21,14,7,10,16,92,6.6,1,7.4,1,6.72,ECE,4,59.22,D
13,10,4,16,16,57,6.3,1,8.7,3,6.42,CSE,2,47.89,FAIL
20,5,4,15,12,82,3.4,0,7.8,1,6.14,ECE,3,51.28,D
12,9,2,19,16,92,4.5,0,9.7,4,5.39,CSE,1,53.56,D
14,7,4,13,16,82,1.4,2,7.3,5,5.37,MECH,4,46.65,FAIL
10,8,6,7,8,71,5.0,1,7.3,6,4.45,ECE,4,32.39,FAIL
12,8,4,9,10,67,4.5,2,7.5,4,5.23,ECE,4,38.1,FAIL
14,10,7,9,10,90,4.0,3,6.8,6,5.14,MECH,3,44.91,FAIL
13,7,2,12,9,53,6.1,2,8.3,5,5.16,ECE,1,33.39,FAIL
15,7,1,15,3,60,1.6,4,7.4,3,4.09,ECE,2,31.24,FAIL
18,10,6,16,15,69,7.3,2,8.2,2,5.21,MECH,1,51.15,D
13,10,5,16,13,93,5.8,1,8.4,6,5.61,CSE,3,52.78,D
13,6,3,10,14,80,3.9,3,7.6,8,4.95,MECH,3,35.36,FAIL
7,9,4,12,14,60,3.7,1,7.8,10,4.23,CSE,2,33.87,FAIL
10,10,5,13,11,70,5.0,4,5.5,7,5.6,MECH,4,37.84,FAIL
12,9,6,15,16,65,7.0,1,6.2,8,5.23,CSE,2,47.87,FAIL
18,5,3,14,16,64,4.2,3,8.3,6,5.24,CSE,2,42.02,FAIL
10,10,3,13,13,89,4.3,0,9.1,6,5.45,CSE,3,45.94,FAIL
12,5,3,11,4,54,4.0,0,4.1,5,3.81,MECH,2,33.16,FAIL
19,10,5,23,14,99,7.6,0,6.1,5,6.04,ECE,1,67.17,C
13,10,6,19,23,87,3.3,0,7.0,6,6.16,ECE,4,62.09,C
17,13,2,18,14,91,3.9,2,5.7,4,5.6,ECE,3,57.44,D
17,10,4,22,18,68,6.9,0,5.8,5,5.86,CSE,2,59.21,D
14,9,5,20,15,72,4.3,1,7.7,3,6.08,ECE,4,55.45,D
13,8,6,18,8,53,6.3,2,9.4,6,5.47,CSE,2,38.63,FAIL
11,8,3,8,13,67,2.2,2,4.0,3,4.82,CSE,1,36.83,FAIL
10,8,3,9,11,82,3.6,3,6.7,5,4.78,MECH,3,38.15,FAIL
17,12,6,13,22,94,7.0,0,7.7,6,5.83,ECE,2,63.2,C
9,6,0,13,9,58,2.6,0,8.2,6,4.54,CSE,2,33.26,FAIL
13,7,3,15,18,69,3.7,0,7.5,7,5.07,MECH,3,44.82,FAIL
11,7,5,14,18,72,4.5,0,9.6,5,4.78,ECE,1,48.12,FAIL
8,6,3,7,5,54,2.0,1,7.0,6,4.17,MECH,1,22.3,FAIL
13,9,5,17,16,83,3.2,3,9.0,4,5.77,ECE,1,46.26,FAIL
16,8,1,11,11,64,4.2,1,6.0,1,4.96,MECH,2,40.43,FAIL
8,6,2,12,16,72,4.1,1,7.1,6,4.6,MECH,2,36.79,FAIL
18,8,6,15,14,68,6.6,3,5.2,6,4.71,ECE,2,44.72,FAIL
16,10,4,13,14,63,7.1,3,8.4,7,5.15,CSE,4,42.0,FAIL
6,9,3,10,9,74,2.3,4,6.8,5,3.78,MECH,1,27.76,FAIL
11,11,3,9,15,71,4.2,2,7.5,2,5.14,ECE,4,41.82,FAIL
9,9,4,10,10,69,5.3,1,6.5,5,5.69,MECH,3,39.46,FAIL
16,9,4,17,17,64,7.0,1,7.9,7,5.41,CSE,1,51.57,D
19,12,6,16,17,79,5.4,1,7.6,6,5.65,MECH,2,58.56,D
15,9,3,12,16,99,4.6,1,5.5,5,4.71,ECE,1,53.03,D
18,11,6,15,11,77,5.3,0,5.6,2,5.36,MECH,3,55.21,D
16,10,7,16,13,89,5.3,3,7.0,3,5.81,MECH,1,53.39,D
14,2,4,7,9,54,2.1,1,8.0,6,4.78,MECH,3,28.48,FAIL
16,11,3,15,13,77,4.4,1,9.8,2,6.43,ECE,3,53.86,D
14,11,6,15,15,58,6.9,1,7.5,4,5.86,ECE,3,46.73,FAIL
13,6,3,6,9,52,3.6,1,8.5,5,4.56,ECE,3,32.28,FAIL
11,5,3,14,10,63,4.3,1,4.6,7,4.29,MECH,3,37.52,FAIL
20,14,5,17,15,92,3.5,2,10.0,6,6.4,ECE,3,60.57,C
11,7,3,17,8,89,0.0,3,7.9,7,4.7,CSE,4,39.52,FAIL
14,8,3,16,11,78,4.0,1,6.9,6,4.63,ECE,4,42.46,FAIL
10,9,5,17,15,52,4.6,1,6.8,3,4.89,MECH,3,45.29,FAIL
9,14,4,11,16,72,3.0,2,5.3,4,5.62,ECE,1,43.24,FAIL
13,9,1,14,13,79,1.7,2,5.8,3,4.63,CSE,1,46.6,FAIL
7,9,5,13,17,77,2.2,2,9.9,6,5.0,MECH,3,41.1,FAIL
17,7,5,16,9,47,5.5,2,5.5,4,4.36,CSE,4,38.33,FAIL
14,13,6,19,14,61,7.9,2,5.5,4,5.85,ECE,3,48.84,FAIL
15,11,6,20,18,74,6.8,3,5.9,5,5.56,MECH,2,53.9,D
12,10,3,12,12,83,1.3,2,5.2,8,5.01,ECE,1,40.29,FAIL
13,9,2,9,10,42,5.7,1,7.0,6,5.44,CSE,3,33.39,FAIL
13,9,4,9,8,72,2.7,3,8.6,3,4.59,ECE,2,34.63,FAIL
10,7,6,13,9,77,2.8,1,6.1,5,4.63,MECH,3,43.5,FAIL
5,9,4,9,17,87,3.1,3,4.9,8,4.62,CSE,3,35.29,FAIL
12,8,7,16,16,85,5.4,2,7.4,6,5.56,ECE,3,48.08,FAIL
15,9,8,15,17,83,5.9,0,6.9,2,6.16,ECE,3,57.84,D
13,9,4,5,12,63,3.8,2,8.5,3,5.04,MECH,4,38.51,FAIL
11,5,2,11,8,46,3.8,2,6.3,3,4.39,ECE,3,26.11,FAIL
16,9,4,16,6,69,4.9,4,6.6,8,5.34,MECH,3,35.76,FAIL
10,9,5,19,10,90,5.1,1,6.8,8,5.59,MECH,3,47.21,FAIL
14,9,4,15,21,95,6.4,0,7.1,4,6.18,MECH,3,60.43,C
10,8,4,8,14,85,1.4,1,6.4,4,4.06,MECH,2,41.33,FAIL
19,11,6,14,20,81,4.0,1,6.2,5,5.85,ECE,2,57.34,D
20,5,1,9,13,80,1.9,2,4.2,5,4.86,ECE,3,41.32,FAIL
8,9,7,14,15,66,3.9,0,6.2,3,5.05,MECH,4,47.07,FAIL
16,6,3,13,9,73,3.5,1,8.1,5,4.8,CSE,2,39.75,FAIL
16,13,4,12,11,100,3.9,1,8.3,2,5.8,CSE,2,54.91,D
12,8,3,9,13,60,2.4,3,6.3,8,3.9,ECE,1,29.52,FAIL
9,6,3,18,14,99,1.0,1,8.9,1,4.91,ECE,4,50.52,D
15,9,2,10,11,70,0.0,1,7.0,1,4.59,ECE,1,41.98,FAIL
7,7,3,11,12,94,3.7,1,5.0,6,4.46,ECE,3,42.45,FAIL
7,5,3,9,16,53,3.1,2,4.5,3,4.59,ECE,2,30.23,FAIL
12,10,3,13,10,83,2.6,3,8.8,4,4.91,ECE,2,42.18,FAIL
12,12,5,20,19,63,6.6,2,6.4,5,5.62,MECH,4,51.29,D
9,7,1,6,9,53,2.3,2,5.2,6,3.45,CSE,3,27.33,FAIL
14,9,6,20,10,78,6.8,1,3.6,5,5.88,MECH,3,50.14,D
15,11,3,16,18,90,7.2,1,6.4,9,5.87,ECE,3,54.95,D
9,5,4,13,9,62,0.1,1,7.6,5,3.99,MECH,1,31.85,FAIL
10,7,5,7,10,52,4.2,1,6.0,7,4.42,MECH,1,32.27,FAIL
12,8,0,16,12,73,3.2,1,5.4,6,4.39,CSE,2,43.04,FAIL
13,4,4,16,3,73,0.0,1,6.2,9,4.48,MECH,4,32.86,FAIL
11,10,0,19,14,83,1.1,2,8.9,7,5.89,MECH,4,44.07,FAIL
20,8,3,16,16,89,5.5,3,4.9,5,6.06,ECE,1,51.28,D
15,7,6,15,20,74,8.0,1,6.0,6,5.15,CSE,2,54.03,D
21,13,5,15,24,100,5.8,0,8.8,4,6.26,CSE,3,68.66,C
14,8,7,12,15,78,4.6,0,7.7,4,6.28,ECE,3,51.31,D
11,7,5,16,17,69,4.0,0,7.3,2,5.68,CSE,2,49.06,FAIL
14,9,4,14,18,50,7.4,3,6.0,3,5.74,ECE,4,40.49,FAIL
23,9,4,17,16,71,8.3,5,7.0,9,5.59,ECE,2,47.03,FAIL
8,9,6,14,13,69,2.8,0,6.2,3,5.11,CSE,4,45.41,FAIL
14,8,3,8,11,89,0.0,1,5.7,4,4.92,CSE,2,42.95,FAIL
11,5,0,7,7,81,0.0,2,5.4,5,4.07,ECE,1,29.95,FAIL
14,5,3,15,16,57,6.6,0,8.2,5,4.91,MECH,2,45.73,FAIL
9,8,4,14,10,77,3.9,2,6.9,6,4.68,MECH,3,38.5,FAIL
16,12,3,14,14,85,4.4,2,7.5,4,5.42,CSE,1,48.57,FAIL
14,9,8,14,16,97,0.4,3,7.2,6,5.18,MECH,1,52.44,D
9,8,3,18,9,88,2.5,2,7.7,7,5.09,MECH,1,44.13,FAIL
14,12,3,16,13,86,3.4,0,6.6,8,5.12,CSE,4,52.58,D
13,11,3,15,18,75,4.4,1,6.3,4,5.63,ECE,2,53.69,D
12,5,5,14,8,80,3.2,4,5.8,6,4.79,MECH,1,34.32,FAIL
14,9,4,19,13,93,1.9,0,4.9,3,5.67,MECH,3,55.38,D
15,8,5,10,8,55,2.4,1,5.3,4,5.1,ECE,2,34.95,FAIL
16,8,6,15,18,69,6.4,1,6.5,3,5.75,ECE,1,54.4,D
9,7,4,12,18,63,4.5,1,4.6,5,4.52,ECE,1,39.58,FAIL
17,10,5,13,19,80,5.2,1,4.9,3,5.93,CSE,4,54.38,D
15,9,3,14,16,93,2.2,0,8.6,2,6.04,CSE,1,57.05,D
9,5,1,8,10,66,0.0,3,7.3,4,4.96,CSE,1,27.6,FAIL
7,10,1,14,13,39,3.0,0,6.3,2,5.35,MECH,3,37.18,FAIL
15,9,4,11,14,68,2.3,2,10.4,8,5.26,CSE,2,39.07,FAIL
14,9,8,17,12,88,4.7,3,4.5,4,6.2,ECE,4,52.05,D
20,13,5,21,14,83,10.6,3,8.5,7,6.05,ECE,2,53.2,D
11,9,6,19,10,81,5.4,2,6.8,4,5.37,CSE,1,45.41,FAIL
23,13,6,18,18,70,9.5,0,8.2,3,6.69,MECH,2,62.27,C
19,7,3,11,10,55,5.1,1,7.2,7,4.28,ECE,4,35.85,FAIL
16,6,4,16,16,82,2.7,2,4.2,5,5.86,ECE,4,46.6,FAIL
17,6,3,14,17,62,4.7,4,7.1,9,5.3,ECE,1,36.97,FAIL
16,14,5,14,19,100,7.6,0,7.5,4,6.34,MECH,1,61.12,C
15,13,6,22,16,83,7.7,2,3.7,4,6.2,CSE,3,57.59,D
16,6,5,13,16,66,2.8,0,9.9,7,5.3,MECH,1,48.77,FAIL
12,10,3,14,7,65,4.5,1,7.5,7,4.28,ECE,3,36.35,FAIL
7,9,3,12,11,73,1.1,2,8.0,5,4.51,MECH,2,33.29,FAIL
13,7,3,15,12,71,5.6,1,5.3,10,4.8,CSE,2,42.74,FAIL
13,11,7,16,17,91,7.1,1,8.0,4,6.21,MECH,4,55.55,D
15,6,6,17,14,77,4.1,1,8.6,2,6.38,CSE,2,48.71,FAIL
15,7,6,14,16,64,2.7,1,7.4,3,5.2,CSE,4,47.53,FAIL
20,10,3,18,10,100,4.7,1,7.0,4,5.25,ECE,2,55.35,D
14,9,3,9,15,75,4.8,0,5.7,8,4.61,CSE,4,44.66,FAIL
19,10,7,11,12,86,4.2,2,6.7,5,5.79,CSE,4,52.64,D
9,7,5,11,5,65,4.4,2,6.2,8,3.77,ECE,3,27.71,FAIL
18,6,2,11,14,80,3.7,4,7.9,6,4.55,MECH,2,41.6,FAIL
12,10,3,18,16,79,6.0,0,5.7,7,5.03,ECE,4,53.43,D
10,11,4,10,16,46,5.5,2,7.8,6,5.27,CSE,1,37.03,FAIL
13,10,6,17,14,100,2.0,1,5.7,6,5.12,CSE,1,55.1,D
12,9,3,9,17,94,2.0,1,6.6,7,5.33,ECE,3,46.95,FAIL
14,7,4,8,15,69,3.5,1,7.9,4,5.21,MECH,2,40.61,FAIL
16,7,5,12,13,58,5.5,1,5.9,4,4.98,CSE,1,43.35,FAIL
13,6,4,14,10,80,4.3,1,8.0,6,5.01,MECH,3,42.27,FAIL
14,6,4,15,15,76,2.7,0,7.8,9,5.17,CSE,2,46.41,FAIL
9,9,6,16,16,80,4.5,3,6.6,2,5.0,ECE,2,43.71,FAIL
14,10,4,15,11,77,3.3,3,8.7,1,5.63,MECH,2,45.6,FAIL
21,9,7,16,15,82,5.8,0,7.1,4,6.26,MECH,3,57.67,D
19,12,4,13,10,96,4.7,2,8.7,7,5.3,MECH,4,50.16,D
10,7,2,8,16,83,3.4,0,9.7,5,4.78,ECE,3,41.5,FAIL
9,7,4,13,8,59,4.5,3,6.6,3,4.05,CSE,4,34.03,FAIL
27,13,4,15,19,95,6.6,1,8.0,5,6.37,CSE,1,67.51,C
17,10,3,16,18,99,2.9,1,6.0,2,6.12,ECE,3,58.12,D
20,11,8,18,17,100,4.8,2,5.5,6,5.37,ECE,3,64.88,C
16,8,4,20,11,58,3.9,2,6.7,4,4.28,ECE,3,45.3,FAIL
10,8,4,13,17,78,4.9,2,5.0,5,5.1,MECH,1,43.31,FAIL
12,5,3,7,10,43,2.7,1,5.6,6,4.76,MECH,1,26.36,FAIL
14,11,6,14,16,83,4.2,2,7.9,5,4.85,ECE,3,49.72,FAIL
20,12,7,9,13,66,6.2,0,6.2,4,5.86,CSE,1,49.12,FAIL
19,10,3,13,17,100,2.1,1,8.1,7,4.52,MECH,3,55.46,D
7,5,3,10,10,63,1.3,2,7.4,7,3.91,MECH,4,26.65,FAIL
21,9,3,11,11,49,1.4,2,9.8,1,5.1,MECH,4,40.81,FAIL
13,7,5,16,12,67,1.7,0,7.8,5,5.32,CSE,1,48.42,FAIL
15,6,3,15,17,45,5.2,0,8.7,3,5.86,MECH,1,43.86,FAIL
6,8,1,12,13,86,1.2,0,7.6,2,5.93,MECH,3,44.73,FAIL
14,7,2,15,12,44,3.4,1,7.5,6,5.23,ECE,3,39.35,FAIL
8,12,6,18,12,75,5.2,1,8.7,4,5.73,CSE,2,47.87,FAIL
10,5,2,8,9,43,4.8,2,8.0,5,4.47,CSE,3,27.59,FAIL
12,7,5,9,15,70,3.2,1,7.3,4,5.73,CSE,2,41.46,FAIL
18,10,6,10,15,99,4.4,1,7.3,6,6.35,ECE,4,56.02,D
15,9,3,16,17,80,4.2,2,7.8,6,5.78,ECE,3,51.72,D
13,9,3,15,16,62,3.6,2,6.0,9,4.69,CSE,4,38.29,FAIL
18,10,3,13,12,74,3.6,2,5.9,5,5.73,CSE,1,44.77,FAIL
14,7,5,17,15,75,8.5,1,9.1,2,6.45,MECH,1,52.28,D
15,9,2,17,18,82,5.6,2,9.8,4,5.91,CSE,4,53.05,D
12,10,4,15,15,54,9.0,0,5.6,7,5.43,CSE,1,46.75,FAIL
11,7,3,15,10,83,3.0,1,6.0,3,5.59,ECE,2,45.33,FAIL
17,6,3,17,8,34,3.8,0,8.7,2,5.28,MECH,1,38.77,FAIL
7,9,4,11,12,65,1.3,0,7.8,3,4.89,CSE,1,41.99,FAIL
10,10,5,13,19,67,2.4,0,8.0,4,5.51,MECH,1,49.79,FAIL
24,11,5,16,20,84,7.8,1,8.3,3,6.63,MECH,4,62.14,C
12,9,3,16,20,75,3.0,2,6.6,5,5.15,MECH,1,46.7,FAIL
13,9,4,18,13,53,7.8,1,7.5,5,4.93,MECH,4,42.43,FAIL
12,5,5,12,4,60,1.5,0,7.4,7,5.05,CSE,2,31.83,FAIL
8,5,3,13,19,77,1.9,2,5.7,4,4.36,CSE,2,40.2,FAIL
9,7,3,16,9,73,3.3,1,7.5,6,4.56,CSE,4,40.35,FAIL
11,7,2,12,9,66,3.9,2,8.9,4,5.38,CSE,1,37.1,FAIL
15,7,4,13,15,67,5.8,0,6.5,3,4.18,CSE,1,46.36,FAIL
18,10,5,11,20,85,4.9,0,7.2,4,6.42,MECH,4,58.17,D
11,8,2,13,16,67,3.2,2,7.3,2,5.28,MECH,4,39.24,FAIL
13,4,3,13,15,73,3.7,3,6.6,9,5.47,CSE,3,36.42,FAIL
19,11,6,20,11,100,3.4,2,8.0,5,6.62,ECE,1,59.98,D
3,6,3,10,11,53,2.2,1,6.0,3,4.56,CSE,3,29.94,FAIL
12,8,2,10,15,47,2.2,2,9.0,4,5.4,CSE,4,35.08,FAIL
18,9,6,20,17,86,6.1,1,7.9,1,5.66,ECE,1,62.48,C
7,5,5,9,10,64,0.3,3,5.6,8,4.32,MECH,4,25.89,FAIL
16,9,5,16,17,70,7.2,2,9.5,8,5.23,CSE,2,48.67,FAIL
12,10,4,17,15,63,3.3,4,7.3,5,5.25,ECE,4,38.12,FAIL
18,7,6,11,11,71,2.5,0,5.9,6,5.16,MECH,1,45.23,FAIL
15,13,7,19,18,98,5.5,1,8.7,2,6.25,ECE,2,62.58,C
19,13,5,15,17,87,7.0,0,7.7,3,6.36,MECH,4,63.59,C
12,10,7,18,17,87,6.2,1,4.3,2,6.24,ECE,2,54.76,D
12,7,5,15,12,53,5.0,2,6.2,5,4.92,MECH,2,39.34,FAIL
17,9,4,13,14,57,6.2,0,7.4,7,6.24,CSE,3,45.16,FAIL
6,4,4,0,5,32,0.6,2,3.8,4,3.63,ECE,2,12.7,FAIL
16,7,6,10,14,62,3.0,1,7.1,6,5.57,ECE,2,43.82,FAIL
17,11,6,15,16,89,2.2,2,7.2,7,5.66,CSE,1,55.56,D
15,8,5,11,12,82,6.4,0,5.2,2,4.85,ECE,2,48.65,FAIL
12,10,5,12,10,71,3.2,3,7.4,9,5.42,CSE,1,34.24,FAIL
5,8,4,16,14,74,5.7,0,7.0,7,5.74,ECE,2,43.29,FAIL
11,5,6,12,12,64,5.1,4,5.2,6,4.91,ECE,1,35.14,FAIL
16,5,2,13,16,78,2.3,1,8.4,7,5.17,ECE,2,42.92,FAIL
13,8,4,12,17,86,2.8,1,8.3,7,5.46,MECH,3,47.58,FAIL
15,7,0,19,10,50,6.6,1,6.6,6,5.58,ECE,3,36.32,FAIL
11,6,4,10,11,79,2.4,2,6.7,8,4.56,CSE,2,34.18,FAIL
12,13,7,16,17,88,4.2,0,8.1,4,6.51,MECH,3,59.4,D
13,6,6,12,10,68,2.4,1,6.7,6,4.21,ECE,2,40.86,FAIL
8,4,3,9,16,85,3.4,4,4.1,8,3.86,ECE,1,29.92,FAIL
16,12,6,17,12,100,3.9,2,7.7,1,6.46,CSE,3,59.85,D
14,11,4,12,11,73,2.4,0,5.8,6,5.38,MECH,1,47.71,FAIL
10,9,7,15,13,80,2.1,2,6.4,6,4.83,ECE,1,45.84,FAIL
16,6,4,12,9,63,4.6,1,9.2,2,4.44,ECE,4,38.87,FAIL
17,8,6,10,10,77,2.3,2,6.8,6,4.18,MECH,1,42.0,FAIL
11,7,6,15,8,81,2.4,1,7.0,3,5.55,CSE,3,45.95,FAIL
10,6,5,16,16,77,2.1,1,7.8,6,5.0,MECH,2,46.66,FAIL
12,8,3,12,15,59,3.8,2,7.8,5,5.59,CSE,3,35.65,FAIL
18,10,3,15,9,78,5.9,1,5.6,3,5.6,ECE,4,47.21,FAIL
18,10,5,16,19,96,7.0,1,6.9,7,5.44,MECH,2,60.45,C
16,12,4,15,13,81,2.5,3,7.1,4,5.41,MECH,3,47.55,FAIL
22,12,4,15,17,89,8.3,2,7.4,6,6.47,MECH,2,57.14,D
10,10,5,18,13,71,2.0,1,7.4,8,5.3,ECE,3,45.11,FAIL
18,15,5,20,15,86,6.2,0,10.9,3,6.23,ECE,2,65.77,C
13,7,5,12,13,79,2.6,2,5.2,5,4.96,CSE,3,41.87,FAIL
13,8,6,18,9,60,2.3,2,8.5,4,5.33,ECE,2,43.37,FAIL
16,10,3,5,12,79,2.5,3,8.8,4,5.01,CSE,4,40.93,FAIL
12,8,1,15,10,60,3.9,2,7.7,9,4.93,MECH,3,32.0,FAIL
11,8,3,24,14,65,5.2,1,6.0,6,4.84,MECH,4,50.87,D
11,14,7,14,14,77,5.3,2,9.5,6,5.54,MECH,1,47.43,FAIL
17,10,4,15,12,79,2.1,1,3.7,6,4.63,ECE,3,52.14,D
10,3,3,13,7,57,2.0,3,6.0,6,4.46,MECH,4,26.29,FAIL
12,13,4,15,18,90,2.2,0,8.8,1,6.82,ECE,4,59.61,D
17,12,4,14,14,83,3.8,2,6.4,10,4.55,CSE,4,50.0,D
7,11,3,18,16,64,3.6,2,9.4,2,5.27,CSE,2,42.7,FAIL
6,8,2,8,11,51,2.1,1,4.7,8,4.7,ECE,1,26.64,FAIL
12,12,6,15,13,72,4.5,0,5.3,6,5.18,MECH,2,49.0,FAIL
14,12,9,19,18,68,8.5,2,6.2,5,5.94,CSE,4,57.1,D
13,9,3,10,10,76,3.0,0,7.6,4,4.76,MECH,3,40.37,FAIL
6,8,3,12,10,69,3.1,1,6.7,10,4.57,CSE,3,31.54,FAIL
13,5,3,13,10,44,5.1,2,6.3,6,4.97,MECH,1,30.67,FAIL
16,5,6,10,16,69,2.9,3,9.1,5,4.82,ECE,2,37.74,FAIL
12,11,6,19,14,70,5.3,0,9.3,4,5.92,ECE,1,52.39,D
12,10,4,14,14,84,2.6,2,6.4,4,5.15,MECH,4,46.09,FAIL
11,9,3,12,12,64,7.7,1,4.4,5,4.87,CSE,1,37.43,FAIL
17,9,8,13,17,100,4.7,1,3.8,3,6.17,CSE,4,61.63,C
8,5,3,10,11,46,2.8,4,7.4,6,4.98,ECE,3,24.99,FAIL
11,9,5,14,19,94,2.8,1,8.0,4,5.71,CSE,2,53.72,D
12,10,1,14,12,71,3.0,4,7.1,7,5.04,MECH,3,38.27,FAIL
18,15,6,13,19,87,6.7,2,6.9,7,6.25,ECE,3,59.26,D
12,7,3,10,9,76,1.5,2,5.8,5,4.59,MECH,2,33.36,FAIL
13,10,5,19,15,92,2.7,2,8.0,6,5.55,ECE,3,50.62,D
14,10,4,8,13,69,2.9,3,9.5,6,4.9,MECH,2,35.75,FAIL
12,7,5,9,8,58,4.0,3,3.7,2,4.32,ECE,2,29.85,FAIL
11,10,1,11,15,96,3.5,1,6.9,8,5.05,CSE,4,45.84,FAIL
3,9,1,11,7,73,1.0,3,5.5,4,4.19,MECH,1,28.48,FAIL
15,11,7,15,6,78,3.2,1,4.8,6,5.06,ECE,3,49.01,FAIL
13,9,2,25,14,93,3.8,3,5.3,6,4.89,ECE,4,53.45,D
8,6,2,14,14,59,2.7,1,7.6,1,4.49,MECH,1,36.58,FAIL
21,11,7,12,9,83,5.4,1,7.6,4,6.08,ECE,3,49.8,FAIL
19,6,4,16,16,66,5.8,2,9.2,7,5.61,ECE,2,46.05,FAIL
17,9,4,13,16,73,3.8,1,7.0,5,4.98,ECE,1,52.28,D
14,11,7,12,8,76,4.5,2,4.4,6,5.27,ECE,1,42.61,FAIL
0,9,2,8,8,52,0.0,4,6.6,5,3.81,CSE,4,17.8,FAIL
14,9,2,14,7,63,3.2,1,4.9,7,4.27,ECE,3,38.81,FAIL
14,6,6,19,22,95,6.0,0,5.2,5,5.88,MECH,4,58.32,D
13,12,5,10,15,88,3.2,2,7.9,8,5.66,ECE,2,48.0,FAIL
15,11,5,13,7,74,2.5,2,7.3,3,5.03,MECH,4,45.15,FAIL
22,9,4,13,19,78,8.6,1,7.9,5,5.63,ECE,4,54.86,D
20,10,5,16,15,70,7.6,2,6.5,4,6.1,ECE,1,51.29,D
17,13,5,15,16,95,4.9,2,8.2,6,6.05,CSE,1,53.94,D
17,10,4,17,11,71,6.3,1,6.4,4,5.54,ECE,2,46.85,FAIL
9,7,2,12,15,78,0.0,2,8.7,5,5.53,ECE,1,41.84,FAIL
11,9,4,14,17,92,2.4,1,7.5,4,6.47,CSE,2,48.87,FAIL
15,13,3,12,14,63,3.1,1,6.7,4,5.1,ECE,2,49.24,FAIL
16,11,6,15,13,98,3.5,4,7.3,5,5.35,CSE,1,50.56,D
7,7,4,11,9,52,3.0,1,7.0,1,5.26,CSE,1,36.16,FAIL
13,12,5,12,16,99,0.0,2,9.4,1,5.42,CSE,3,53.68,D
16,9,4,7,17,69,4.8,1,7.4,5,5.84,CSE,4,46.52,FAIL
16,11,3,19,8,71,5.1,0,7.0,1,5.31,MECH,1,50.23,D
14,9,4,8,13,46,7.2,0,6.6,5,4.9,ECE,4,36.11,FAIL
10,7,6,12,12,68,2.4,1,8.3,4,4.67,ECE,1,42.07,FAIL
9,8,2,12,11,59,2.3,3,8.1,6,4.77,ECE,3,33.16,FAIL
11,8,4,17,12,65,0.0,1,6.6,4,4.69,ECE,2,41.05,FAIL
15,10,3,20,5,72,3.4,2,5.3,8,4.98,CSE,1,41.84,FAIL
18,13,5,16,20,89,5.8,3,5.6,7,5.44,MECH,2,57.32,D
18,13,4,10,20,78,2.8,0,6.7,2,5.4,ECE,4,59.17,D
16,11,6,13,17,79,8.3,2,9.0,4,5.84,MECH,4,49.09,FAIL
7,3,3,9,12,58,3.5,1,6.6,8,4.33,CSE,4,30.46,FAIL
15,9,3,11,9,61,4.3,1,6.1,4,4.29,MECH,1,38.48,FAIL
15,9,2,13,17,100,1.3,1,4.4,5,5.79,ECE,2,51.6,D
9,5,4,10,12,63,4.6,3,9.3,8,4.93,ECE,2,26.66,FAIL
17,11,6,15,14,99,0.0,1,7.9,4,6.21,ECE,1,58.34,D
18,10,4,11,13,71,5.4,2,8.2,7,5.16,CSE,2,43.5,FAIL
14,7,4,17,10,75,5.4,0,8.4,3,4.77,CSE,4,50.85,D
21,8,7,14,20,91,6.7,1,6.8,1,6.01,MECH,1,60.05,C
12,12,7,12,18,94,2.0,2,7.1,7,5.14,MECH,2,50.55,D
11,10,6,14,11,73,4.3,1,9.2,6,5.36,MECH,3,42.81,FAIL
16,7,5,10,15,69,5.1,3,7.3,6,5.49,MECH,2,42.79,FAIL
13,11,5,13,17,74,4.9,3,7.9,3,5.67,CSE,4,44.54,FAIL
17,8,2,9,10,80,2.3,1,8.3,3,5.25,CSE,3,46.1,FAIL
12,9,1,11,10,88,0.0,1,8.0,7,4.41,ECE,4,43.21,FAIL
17,9,6,11,12,75,4.7,2,6.8,5,5.07,CSE,3,47.29,FAIL
16,4,5,13,18,84,3.7,2,6.9,5,5.64,CSE,2,48.2,FAIL
13,11,10,16,18,99,2.9,1,8.2,5,6.1,CSE,4,63.52,C
8,9,3,13,16,80,5.5,1,8.2,8,4.98,CSE,1,41.41,FAIL
17,8,5,17,13,79,3.9,2,8.8,6,5.86,CSE,4,47.85,FAIL
12,4,5,7,11,52,1.4,1,7.8,4,4.88,ECE,3,33.68,FAIL
4,4,1,6,11,35,0.1,1,7.9,2,3.87,ECE,2,22.41,FAIL
15,7,3,12,17,80,1.7,0,6.3,6,4.99,ECE,2,51.01,D
20,12,5,19,14,73,8.8,1,6.1,3,6.07,ECE,4,59.24,D
11,8,3,16,7,67,5.4,1,8.2,3,5.01,ECE,2,40.92,FAIL
6,8,4,9,9,78,4.4,2,6.1,8,4.25,ECE,4,33.43,FAIL
16,9,4,12,12,74,3.6,1,7.0,7,5.17,CSE,2,47.55,FAIL
18,8,1,9,15,91,3.5,2,9.1,6,5.36,CSE,3,45.87,FAIL
14,9,5,16,18,76,6.3,0,8.8,3,6.66,CSE,1,55.15,D
15,13,4,13,12,63,3.0,0,7.5,9,5.36,MECH,2,44.01,FAIL
16,10,5,20,16,89,5.2,2,6.6,7,5.63,CSE,1,54.34,D
13,8,7,13,15,71,3.3,1,6.8,4,5.61,CSE,3,47.85,FAIL
18,13,5,15,14,82,7.9,1,8.3,4,5.56,CSE,3,53.02,D
11,12,4,11,11,67,5.5,4,6.9,5,4.57,MECH,2,38.36,FAIL
10,12,6,15,15,65,6.5,1,6.2,4,5.26,CSE,1,45.17,FAIL
13,7,7,12,13,76,2.8,1,8.8,9,4.22,MECH,1,46.35,FAIL
16,10,4,16,11,75,6.1,1,7.3,4,5.75,MECH,1,47.48,FAIL
6,10,6,20,15,82,3.4,1,6.1,3,4.99,CSE,1,52.24,D
9,13,7,8,13,70,4.2,2,7.7,8,5.01,ECE,1,39.23,FAIL
11,9,4,5,10,47,7.3,0,8.5,4,5.22,ECE,2,30.73,FAIL
13,8,2,14,11,68,1.9,1,5.5,7,4.78,ECE,4,38.42,FAIL
10,8,5,15,14,86,4.4,0,6.7,6,5.52,ECE,2,51.65,D
12,6,6,11,10,70,4.9,2,6.6,5,4.98,MECH,2,37.63,FAIL
19,11,4,16,13,71,5.0,2,7.7,3,4.84,MECH,3,52.63,D
15,10,6,15,15,89,3.1,1,7.9,5,5.56,MECH,3,56.39,D
14,10,3,12,17,64,8.2,2,6.2,3,4.75,CSE,1,41.76,FAIL
10,9,3,13,5,51,1.4,2,4.8,5,4.81,CSE,4,31.7,FAIL
18,12,5,17,15,72,6.9,1,8.5,7,5.74,CSE,4,53.09,D
14,11,4,16,13,67,6.4,2,5.3,8,5.31,ECE,4,41.71,FAIL
13,10,3,10,13,60,7.8,4,7.4,3,5.14,MECH,3,34.9,FAIL
12,8,3,9,18,72,0.8,2,6.8,4,5.01,ECE,1,44.4,FAIL
17,9,1,14,16,82,2.3,0,7.2,4,4.92,MECH,1,52.24,D
17,12,6,17,19,74,7.0,1,9.5,6,5.79,CSE,1,55.53,D
12,6,4,16,13,79,0.2,1,11.6,2,5.08,MECH,1,46.67,FAIL
17,7,6,12,14,100,0.8,0,4.5,3,5.21,MECH,2,55.6,D
10,8,4,12,8,69,3.0,2,8.5,2,4.73,MECH,3,35.59,FAIL
5,10,2,18,19,79,4.4,2,6.8,2,5.53,MECH,1,46.83,FAIL
15,10,5,13,11,67,7.2,3,8.6,4,4.88,ECE,3,41.7,FAIL
14,8,3,14,14,62,3.6,1,8.4,8,5.62,MECH,1,40.31,FAIL
10,6,5,12,11,66,2.8,2,9.1,6,5.06,MECH,3,38.49,FAIL
12,10,4,15,12,67,4.6,0,7.4,5,5.18,MECH,1,45.44,FAIL
18,12,7,16,10,80,4.9,0,5.7,8,5.33,MECH,4,55.27,D
16,11,3,10,16,100,4.9,0,8.4,6,5.2,CSE,4,56.87,D
16,5,4,13,6,64,3.6,0,7.2,6,4.47,ECE,4,37.1,FAIL
12,8,4,16,4,68,0.1,1,6.6,4,4.92,MECH,1,36.87,FAIL
12,4,3,8,11,74,2.2,1,6.3,4,5.06,CSE,4,35.52,FAIL
18,10,3,17,17,80,6.8,2,8.5,2,5.76,ECE,3,56.26,D
16,6,4,17,11,78,4.4,0,9.4,4,5.99,ECE,2,50.43,D
16,9,2,11,9,94,3.4,0,5.2,4,5.58,ECE,2,47.85,FAIL
11,9,3,9,17,38,6.2,2,7.9,6,5.0,ECE,4,32.88,FAIL
7,5,2,7,15,39,1.7,2,6.4,5,4.34,CSE,3,25.84,FAIL
10,10,5,12,14,67,3.5,0,4.8,4,4.53,ECE,1,43.96,FAIL
17,10,5,11,14,91,4.3,2,7.2,3,5.75,CSE,4,52.66,D
11,4,2,7,11,51,3.1,2,5.8,6,3.47,MECH,1,25.44,FAIL
1,7,2,10,11,29,4.2,1,4.6,4,3.93,CSE,2,23.0,FAIL
11,10,3,16,15,83,3.6,1,5.8,6,4.98,ECE,3,45.52,FAIL
8,11,5,13,15,78,1.2,1,5.5,1,5.48,ECE,4,47.03,FAIL
11,9,1,9,14,58,4.4,2,6.0,6,4.98,ECE,3,35.04,FAIL
8,7,2,9,8,60,1.3,3,5.0,6,3.9,ECE,1,23.28,FAIL
12,5,1,12,12,60,4.3,1,6.4,6,4.4,CSE,4,36.63,FAIL
16,12,6,20,18,76,6.7,1,5.9,5,6.12,ECE,1,57.19,D
18,7,6,13,13,65,3.4,2,7.6,7,4.65,ECE,4,45.9,FAIL
14,10,5,20,16,82,1.7,1,7.9,2,5.5,CSE,2,56.08,D
12,11,4,12,7,32,3.7,0,7.4,5,4.74,ECE,1,36.19,FAIL
7,10,3,15,12,62,2.3,1,6.6,5,4.66,CSE,2,39.82,FAIL
11,8,4,10,10,58,5.2,1,6.6,7,4.7,CSE,4,34.28,FAIL
10,9,3,15,13,71,3.7,5,5.7,1,5.2,ECE,2,36.59,FAIL
16,8,4,15,12,66,7.4,1,5.8,3,5.29,CSE,1,43.58,FAIL
16,6,5,23,15,86,6.3,1,8.1,8,5.61,MECH,4,55.71,D
8,6,3,8,12,47,3.7,2,4.4,1,3.83,MECH,2,31.59,FAIL
16,8,7,19,15,75,5.4,3,6.9,7,5.0,CSE,2,47.11,FAIL
13,10,6,19,11,83,3.2,2,6.5,4,5.59,ECE,3,51.85,D
20,9,5,14,14,100,4.1,1,7.9,6,5.91,CSE,1,57.81,D
16,9,6,13,15,67,3.3,3,4.9,8,5.16,CSE,4,45.02,FAIL
13,12,8,11,21,79,5.5,3,7.0,6,5.81,ECE,1,52.6,D
16,8,4,18,15,47,6.9,1,7.5,8,4.97,CSE,1,42.59,FAIL
11,5,4,4,9,39,5.6,1,4.1,4,4.51,CSE,1,23.67,FAIL
14,8,3,10,15,87,5.8,4,5.4,4,5.39,CSE,2,43.02,FAIL
16,11,5,14,15,74,5.8,1,6.9,7,5.47,ECE,3,51.72,D
11,12,4,13,17,92,5.1,1,7.8,4,6.03,ECE,3,49.56,FAIL
8,5,0,7,10,54,1.7,1,7.3,6,4.24,ECE,2,27.22,FAIL
16,10,6,14,12,82,7.4,1,7.8,7,5.23,MECH,2,48.59,FAIL
16,13,5,20,16,100,7.6,2,5.4,7,5.76,CSE,1,58.74,D
18,13,3,18,15,81,3.5,0,4.6,2,5.91,CSE,3,60.49,C
12,9,1,15,12,79,3.3,0,7.1,4,5.36,ECE,1,49.2,FAIL
14,9,3,15,17,75,5.2,0,5.2,6,5.09,CSE,1,48.3,FAIL
12,7,3,12,7,51,5.1,1,5.7,5,4.95,ECE,1,30.11,FAIL
11,10,5,19,19,95,3.6,0,8.4,5,5.94,ECE,1,60.09,C
12,10,1,12,17,65,1.5,3,7.3,6,4.76,MECH,4,35.69,FAIL
15,10,5,12,15,82,4.6,0,6.1,4,5.42,CSE,3,55.36,D
5,8,4,10,9,51,5.1,2,6.0,5,4.51,CSE,1,25.12,FAIL
6,6,2,14,19,57,5.5,0,7.9,3,5.82,CSE,1,41.07,FAIL
14,13,2,18,15,96,4.7,1,7.3,4,5.64,MECH,2,56.4,D
18,12,6,15,12,69,3.5,1,5.2,2,5.93,CSE,4,51.35,D
24,10,5,12,17,96,6.0,1,4.1,5,5.67,MECH,3,57.4,D
8,9,5,16,17,73,4.1,2,9.8,5,5.5,CSE,1,46.26,FAIL
16,9,3,10,17,47,3.1,0,5.2,3,4.93,MECH,3,46.82,FAIL
17,15,4,15,12,88,3.6,2,7.8,9,4.78,MECH,1,50.0,D
10,4,5,7,12,66,0.5,2,9.3,5,5.1,ECE,4,34.08,FAIL
20,8,6,16,14,85,3.6,2,7.2,6,5.34,CSE,2,55.13,D
16,9,5,17,13,75,5.4,4,6.1,4,5.6,ECE,2,47.87,FAIL
10,9,4,9,12,51,4.7,0,4.9,4,4.37,ECE,3,38.73,FAIL
9,10,4,15,16,77,7.0,3,4.8,6,4.97,CSE,4,41.99,FAIL
14,8,5,15,15,100,3.5,2,7.6,4,4.87,ECE,3,54.07,D
15,7,7,12,12,82,5.0,0,9.2,5,5.46,CSE,1,48.97,FAIL
20,11,6,16,14,74,5.6,1,6.4,7,4.87,CSE,1,55.66,D
14,11,2,16,14,91,8.7,2,6.2,4,5.79,ECE,3,52.67,D
12,7,5,13,10,78,4.3,0,8.0,2,5.65,ECE,2,46.78,FAIL
11,7,5,15,13,78,1.9,2,6.0,2,5.23,ECE,2,45.92,FAIL
21,7,6,13,14,58,5.7,0,7.4,8,5.08,CSE,1,49.77,FAIL
12,10,7,18,16,78,7.7,2,7.1,7,5.83,ECE,2,52.0,D
18,7,5,15,14,90,3.4,1,6.4,6,5.59,MECH,2,51.39,D
9,7,2,15,15,62,5.7,0,7.0,4,5.6,MECH,1,44.83,FAIL
19,16,5,17,23,96,6.5,0,9.6,2,6.64,ECE,3,73.89,B
15,10,3,13,15,73,6.0,2,7.9,4,5.65,CSE,1,47.5,FAIL
11,8,2,11,20,61,4.3,0,8.6,5,5.59,ECE,4,41.43,FAIL
17,10,7,12,14,89,2.6,1,5.6,3,5.73,CSE,4,54.93,D
10,8,3,11,12,70,3.8,2,8.6,2,4.82,ECE,3,40.43,FAIL
10,8,8,25,16,86,4.9,0,8.0,2,5.85,CSE,2,62.89,C
11,4,3,14,5,70,5.8,1,4.8,6,4.11,CSE,3,35.82,FAIL
10,7,3,11,13,74,4.7,2,7.8,3,4.64,MECH,4,41.07,FAIL
14,8,5,16,10,82,3.2,1,6.2,6,4.82,ECE,3,49.17,FAIL
13,9,4,20,16,79,5.1,0,4.7,4,5.23,CSE,2,57.35,D
16,4,4,10,9,45,5.7,2,7.2,6,4.52,MECH,1,28.36,FAIL
10,12,2,9,9,58,4.8,4,7.8,6,4.05,ECE,2,27.44,FAIL
15,14,4,9,15,88,2.3,2,7.2,5,5.68,MECH,3,46.28,FAIL
9,9,3,12,10,73,3.6,2,6.8,5,4.75,ECE,1,36.02,FAIL
13,9,3,16,12,67,5.9,1,6.5,5,5.47,ECE,3,45.9,FAIL
7,5,4,9,10,54,1.2,3,10.7,4,4.58,MECH,2,24.58,FAIL
12,7,3,6,13,58,0.0,3,5.2,7,3.75,ECE,4,27.85,FAIL
11,8,4,8,12,44,7.0,1,8.3,4,5.42,MECH,3,30.75,FAIL
12,11,5,14,20,73,5.0,3,7.0,5,5.13,CSE,4,47.97,FAIL
14,11,5,12,17,66,5.2,2,5.7,2,5.43,MECH,2,48.75,FAIL
9,5,7,17,10,60,1.8,4,6.9,6,4.67,CSE,1,30.29,FAIL
17,7,5,13,14,73,5.5,3,4.9,4,4.54,MECH,2,43.3,FAIL
20,11,1,12,16,80,4.6,1,6.1,4,5.63,CSE,3,52.67,D
11,10,3,16,13,100,0.8,3,6.9,3,5.03,MECH,4,50.25,D
14,5,2,18,13,52,6.8,1,4.7,5,4.31,MECH,1,38.46,FAIL
13,9,5,21,12,92,4.3,2,7.8,1,5.7,CSE,2,55.15,D
13,9,4,12,18,89,3.2,0,5.6,6,5.56,MECH,1,50.69,D
12,7,4,6,11,63,3.2,3,4.8,5,3.85,CSE,4,31.15,FAIL
12,7,3,8,15,78,0.0,1,5.4,4,5.02,ECE,2,42.64,FAIL
15,11,5,17,13,68,5.2,3,10.3,2,6.01,CSE,4,44.31,FAIL
17,9,3,12,19,77,4.5,0,4.0,6,4.96,MECH,3,50.35,D
19,10,4,13,15,97,3.6,2,7.7,4,5.89,MECH,1,55.26,D
15,8,5,17,12,84,6.6,0,5.9,8,5.14,ECE,1,48.98,FAIL
11,9,5,10,6,82,1.2,2,6.5,6,5.2,ECE,4,38.61,FAIL
11,7,6,14,12,68,2.8,2,7.9,8,4.5,ECE,4,40.22,FAIL
6,5,4,6,12,52,2.3,4,7.8,5,3.81,ECE,3,23.97,FAIL
15,6,5,11,15,71,3.4,2,6.0,7,4.73,ECE,4,42.67,FAIL
15,12,5,19,15,93,4.1,2,5.0,6,5.68,MECH,2,56.71,D
9,12,3,13,9,52,4.9,0,7.9,4,5.29,CSE,2,41.1,FAIL
17,9,5,10,18,59,3.3,0,7.8,5,5.79,MECH,4,48.15,FAIL
12,11,6,17,12,76,2.2,3,6.6,3,5.05,ECE,2,48.72,FAIL
11,9,6,17,7,60,7.4,1,7.7,9,4.91,MECH,1,41.75,FAIL
18,7,5,19,14,63,8.8,3,6.3,5,5.38,CSE,3,47.66,FAIL
16,9,3,7,6,68,4.3,0,5.8,5,4.6,ECE,4,36.91,FAIL
4,6,4,11,3,54,2.5,1,7.0,6,4.27,CSE,3,24.03,FAIL
17,10,0,11,12,60,7.0,3,7.8,3,5.04,MECH,3,37.32,FAIL
11,10,6,9,7,85,1.1,3,7.5,8,3.65,CSE,4,35.82,FAIL
14,6,5,13,9,55,3.3,0,7.8,3,4.71,ECE,2,41.93,FAIL
10,8,3,5,10,51,2.6,1,5.9,2,4.74,ECE,4,28.27,FAIL
13,10,3,12,8,65,1.7,3,9.4,5,5.27,MECH,3,33.44,FAIL
13,12,7,19,16,85,3.4,0,6.5,2,5.31,MECH,1,61.49,C
14,9,2,12,8,72,2.3,0,6.8,8,4.33,CSE,2,39.46,FAIL
11,6,4,16,12,68,4.0,2,5.0,5,5.38,CSE,1,38.13,FAIL
16,6,7,13,14,75,4.1,0,6.7,1,4.93,CSE,1,53.1,D
11,8,1,8,15,48,2.8,1,7.8,5,4.52,CSE,2,35.75,FAIL
17,9,5,20,13,82,3.3,1,8.1,6,5.75,MECH,1,56.54,D
11,7,4,13,12,80,3.5,3,9.3,4,5.24,ECE,4,41.68,FAIL
14,11,7,9,15,68,5.6,4,7.8,2,4.89,CSE,3,43.18,FAIL
17,10,4,12,16,90,3.7,1,7.4,5,6.36,CSE,2,55.52,D
19,12,2,13,13,58,5.6,1,6.3,4,5.5,ECE,3,49.43,FAIL
18,10,5,19,17,91,5.2,2,6.0,3,6.2,CSE,3,56.92,D
13,8,4,15,13,77,5.1,0,8.5,3,5.69,CSE,4,47.5,FAIL
13,10,6,11,16,69,6.8,3,8.4,5,5.91,MECH,2,42.37,FAIL
12,8,4,10,16,74,1.8,0,5.4,7,3.31,ECE,2,43.63,FAIL
11,9,2,16,12,73,3.1,0,8.1,6,4.84,ECE,1,47.74,FAIL
17,16,9,18,24,93,7.5,1,8.0,2,6.88,CSE,2,72.99,B
8,7,2,14,6,58,3.5,1,5.3,6,3.85,ECE,4,30.57,FAIL
10,6,2,7,9,63,0.0,1,7.8,7,4.19,ECE,4,28.09,FAIL
15,12,5,17,14,90,3.6,1,5.4,8,5.16,MECH,1,55.66,D
11,9,6,13,8,66,4.3,1,3.4,3,4.5,MECH,4,42.03,FAIL
17,7,2,14,11,88,0.0,3,6.8,5,4.95,MECH,1,43.94,FAIL
19,12,5,19,15,100,6.7,2,7.4,6,6.16,MECH,1,61.97,C
18,8,5,11,10,68,2.6,0,6.8,4,5.13,MECH,3,44.82,FAIL
15,9,4,16,15,85,4.7,0,11.3,6,5.62,MECH,4,51.22,D
9,7,4,10,16,57,3.5,2,7.6,5,4.44,MECH,4,37.81,FAIL
11,6,4,14,15,86,1.4,2,7.2,3,5.52,MECH,1,42.21,FAIL
13,8,5,14,16,77,1.9,2,7.6,3,5.43,MECH,3,50.17,D
15,9,2,12,14,82,2.1,3,6.3,7,4.99,ECE,2,40.08,FAIL
13,8,5,14,12,65,6.2,0,8.4,3,5.67,MECH,3,46.35,FAIL
14,6,4,7,11,50,3.7,2,7.5,3,5.09,CSE,2,34.94,FAIL
18,9,5,14,14,82,3.0,2,7.5,6,5.61,ECE,4,48.77,FAIL
7,5,2,11,9,44,2.1,4,6.1,5,4.41,MECH,3,19.66,FAIL
11,7,7,15,14,70,6.4,0,4.7,2,5.52,ECE,1,46.13,FAIL
19,8,2,16,17,89,6.9,0,6.2,4,5.61,ECE,2,59.52,D
17,12,4,12,19,77,6.4,1,7.4,3,6.49,MECH,1,54.93,D
16,10,8,16,19,100,5.0,1,6.3,4,5.29,ECE,1,59.78,D
16,10,4,10,14,90,4.6,1,7.4,10,5.02,CSE,4,48.81,FAIL
6,6,5,9,15,65,1.6,3,6.7,4,4.51,MECH,3,31.19,FAIL
13,5,4,9,12,75,3.5,4,7.6,3,4.5,MECH,2,31.21,FAIL
12,6,6,9,12,74,2.6,0,5.5,9,4.65,ECE,4,39.83,FAIL
10,5,2,9,10,51,0.3,2,7.3,7,4.0,MECH,1,28.36,FAIL
10,9,4,9,16,60,6.1,0,6.0,6,5.0,CSE,3,42.84,FAIL
12,4,5,8,18,66,2.6,3,4.7,3,4.74,MECH,1,36.9,FAIL
11,3,6,17,8,44,6.4,0,6.8,7,5.04,ECE,1,37.91,FAIL
18,13,2,21,14,75,5.8,4,9.3,7,5.91,MECH,4,51.82,D
12,9,5,15,14,71,5.1,1,4.8,5,4.5,CSE,2,43.9,FAIL
12,7,3,13,10,49,5.2,1,7.2,2,6.05,ECE,4,34.04,FAIL
10,8,4,17,9,81,2.8,2,8.2,5,5.17,ECE,2,41.89,FAIL
19,10,4,18,16,85,7.7,1,10.5,8,6.22,CSE,2,56.21,D
17,10,1,8,11,78,4.1,1,6.3,5,5.3,CSE,2,39.67,FAIL
19,8,6,17,15,70,4.6,2,6.1,4,5.24,MECH,2,50.56,D
13,7,2,10,11,83,2.7,2,5.2,5,5.32,MECH,1,39.9,FAIL
11,10,4,13,16,85,2.1,3,8.7,5,6.0,CSE,1,43.62,FAIL
15,13,4,16,19,79,5.0,1,5.7,3,5.87,ECE,4,56.08,D
10,9,3,13,18,62,4.4,2,6.4,5,4.83,CSE,1,43.14,FAIL
10,8,5,13,13,79,2.4,3,4.2,8,4.47,CSE,1,35.69,FAIL
14,8,3,16,10,92,1.1,3,8.3,8,4.75,CSE,1,44.55,FAIL
15,6,3,13,16,66,1.5,0,8.7,3,5.43,CSE,3,44.29,FAIL
18,10,3,18,18,100,6.4,1,8.3,8,6.12,MECH,3,55.74,D
11,8,2,16,12,67,2.8,0,4.6,7,4.28,MECH,3,42.05,FAIL
16,12,5,14,16,75,3.3,1,7.9,6,5.78,ECE,1,49.03,FAIL
14,12,1,14,11,64,6.9,3,4.5,6,5.55,ECE,1,36.38,FAIL
18,10,7,15,10,78,1.8,2,7.1,3,6.11,CSE,2,49.19,FAIL
19,7,3,16,12,48,2.5,3,7.3,4,4.23,ECE,1,38.69,FAIL
10,8,2,9,10,66,2.5,1,7.5,7,4.64,CSE,2,31.46,FAIL
18,10,5,9,16,58,7.2,0,7.8,3,5.46,ECE,1,50.28,D
22,12,5,18,18,77,8.0,0,7.0,3,7.24,MECH,1,63.96,C
16,10,6,19,18,89,5.5,2,4.1,6,5.3,ECE,2,58.15,D
20,9,4,18,21,84,5.6,0,7.8,3,6.5,CSE,1,62.79,C
11,5,1,8,11,39,2.8,0,7.1,7,4.68,ECE,3,25.61,FAIL
20,10,6,18,20,100,7.9,1,5.6,3,6.21,ECE,1,68.35,C
14,9,6,11,14,79,4.5,0,4.6,5,5.15,ECE,2,47.11,FAIL
14,8,5,8,18,63,5.7,1,9.3,6,5.57,CSE,2,40.79,FAIL
17,15,5,14,10,77,3.8,3,8.8,4,6.13,ECE,4,46.83,FAIL
15,9,3,10,15,77,3.5,0,8.1,5,5.21,MECH,3,47.76,FAIL
11,12,4,13,13,64,7.3,2,6.0,4,5.16,ECE,4,41.0,FAIL
16,12,3,10,16,77,5.1,4,3.2,5,5.48,CSE,2,43.73,FAIL
13,10,6,19,13,65,6.9,1,8.1,3,5.12,CSE,3,50.45,D
12,9,6,16,15,68,4.5,3,7.6,5,5.32,MECH,1,44.68,FAIL
15,6,4,10,11,64,2.3,1,6.4,6,5.16,ECE,4,36.03,FAIL
9,6,7,12,3,53,2.8,4,8.7,3,5.21,CSE,2,28.37,FAIL
13,11,5,17,17,77,4.2,3,8.3,4,5.21,ECE,2,48.68,FAIL
9,9,6,13,7,83,2.7,3,7.3,6,4.64,CSE,1,38.23,FAIL
13,8,4,13,11,82,1.8,0,7.1,1,6.08,ECE,3,45.83,FAIL
22,9,4,16,16,87,6.4,3,7.1,9,5.27,MECH,4,53.54,D
10,9,4,12,14,79,2.9,4,8.0,7,4.61,MECH,4,37.49,FAIL
13,9,3,13,17,67,4.3,2,5.7,2,5.82,MECH,4,42.27,FAIL
20,10,4,21,17,87,4.6,0,7.6,1,6.39,ECE,1,62.16,C
11,6,3,11,13,54,2.8,0,5.6,5,3.98,CSE,1,36.59,FAIL
16,6,4,16,19,61,6.9,0,9.0,3,6.95,MECH,1,49.81,FAIL
8,7,4,7,5,60,1.8,2,7.8,7,4.24,MECH,2,28.03,FAIL
17,8,4,17,16,91,4.5,0,6.0,6,5.78,CSE,4,56.89,D
15,11,4,19,15,89,4.5,3,7.1,5,6.55,ECE,4,50.97,D
21,10,5,18,20,82,3.9,1,5.7,4,5.75,ECE,2,63.27,C
13,10,1,21,11,91,1.4,1,9.3,8,5.25,CSE,1,49.87,FAIL
17,9,5,9,14,61,5.7,2,9.4,7,4.48,ECE,4,40.12,FAIL
19,14,6,10,12,80,5.5,1,8.0,6,6.52,CSE,1,49.28,FAIL
16,5,5,16,13,73,2.6,1,9.3,7,5.46,MECH,3,43.21,FAIL
14,9,6,11,15,87,5.4,1,7.2,3,5.15,CSE,1,48.2,FAIL
13,5,4,11,10,73,4.7,1,8.1,8,5.85,MECH,3,36.03,FAIL
11,9,4,13,11,69,1.4,2,8.8,4,5.08,ECE,4,42.43,FAIL
16,8,4,14,14,83,2.3,2,7.0,6,4.91,CSE,3,45.88,FAIL
17,9,3,13,18,88,6.3,1,7.1,5,5.47,CSE,1,50.58,D
8,9,5,11,16,64,4.6,1,8.4,1,5.7,MECH,3,44.34,FAIL
9,6,3,13,13,74,2.9,1,8.0,7,5.34,ECE,3,40.43,FAIL
11,11,6,10,12,59,2.3,2,5.9,1,4.71,CSE,4,39.45,FAIL
11,6,2,10,6,37,3.0,2,3.7,3,4.26,CSE,2,26.79,FAIL
15,10,5,13,11,78,3.1,1,6.7,4,6.91,ECE,3,45.29,FAIL
12,9,2,11,14,84,2.3,1,3.9,1,5.49,CSE,1,47.2,FAIL
10,10,3,8,8,78,0.5,1,5.5,3,5.38,CSE,1,38.98,FAIL
14,5,0,12,4,45,6.3,1,5.7,5,4.29,ECE,2,28.36,FAIL
13,10,7,11,12,69,5.9,2,6.1,4,4.67,ECE,1,41.04,FAIL
15,6,4,12,9,41,1.5,1,8.2,4,5.17,ECE,1,34.94,FAIL
13,10,5,10,14,95,4.3,0,8.6,3,6.59,CSE,3,50.73,D
14,10,4,8,13,58,2.2,0,7.8,5,5.58,MECH,3,40.97,FAIL
17,9,3,14,17,93,3.5,0,7.9,4,5.67,CSE,1,58.79,D
18,12,5,14,17,89,3.3,2,8.0,2,6.42,CSE,2,55.25,D
12,7,1,6,8,61,3.1,2,3.3,5,3.17,MECH,4,26.85,FAIL
13,9,2,14,13,58,8.0,2,7.0,3,5.83,ECE,3,39.72,FAIL
13,9,5,12,10,80,3.1,3,4.3,7,5.24,ECE,4,37.65,FAIL
12,6,3,14,11,62,2.4,0,7.8,4,4.58,CSE,1,41.84,FAIL
9,8,1,13,14,76,2.5,1,3.9,10,4.75,ECE,4,38.15,FAIL
16,10,3,17,13,67,6.1,1,6.7,7,5.0,CSE,4,48.89,FAIL
2,4,5,14,9,48,0.7,3,7.8,5,4.29,ECE,3,25.76,FAIL
5,7,2,7,10,41,2.5,5,5.3,6,3.94,CSE,3,16.09,FAIL
12,12,6,21,17,78,6.9,1,8.4,1,6.96,MECH,1,57.91,D
16,5,3,15,10,66,4.5,2,7.8,7,4.74,MECH,1,39.0,FAIL
13,7,4,13,13,66,4.4,3,7.6,3,5.05,ECE,2,39.13,FAIL
15,9,6,18,17,85,8.3,2,8.0,5,5.62,MECH,2,53.05,D
15,9,4,16,17,92,4.5,3,6.5,4,5.48,ECE,4,50.66,D
13,6,4,12,19,70,2.6,0,7.2,4,5.16,CSE,1,50.07,D
9,10,4,14,13,69,3.4,1,7.0,5,5.35,ECE,4,43.48,FAIL
13,10,3,13,13,82,1.7,2,7.0,5,4.69,CSE,3,45.41,FAIL
17,7,4,16,11,54,6.5,0,6.0,5,5.19,CSE,3,46.27,FAIL
19,7,3,11,15,78,5.1,2,5.1,5,5.53,MECH,3,48.74,FAIL
18,10,5,17,12,83,6.2,0,6.5,2,5.43,CSE,3,57.03,D
16,12,6,11,11,85,6.4,2,6.4,10,5.18,CSE,3,46.0,FAIL
13,11,1,10,7,45,3.2,3,5.9,5,4.36,ECE,1,28.33,FAIL
13,6,2,12,11,63,2.1,1,8.3,6,4.8,CSE,2,36.0,FAIL
8,3,0,4,6,61,3.9,2,5.2,4,4.58,ECE,2,21.31,FAIL
10,5,5,12,13,76,2.3,1,6.7,3,5.12,CSE,2,42.85,FAIL
16,6,2,16,15,82,4.3,2,8.7,5,5.58,CSE,4,47.06,FAIL
16,13,6,18,14,97,6.3,1,8.4,6,6.9,MECH,1,56.53,D
9,8,5,10,11,67,3.7,1,8.8,8,4.91,MECH,3,33.15,FAIL
17,9,5,15,12,67,4.3,3,6.1,9,5.27,ECE,2,43.42,FAIL
16,12,5,13,18,92,3.8,0,8.2,8,6.05,CSE,3,54.72,D
14,12,2,15,12,79,5.6,2,5.4,1,5.07,CSE,3,47.27,FAIL
11,11,4,14,18,94,2.7,0,6.6,4,5.33,CSE,1,53.83,D
11,10,4,12,11,79,0.0,1,6.7,6,5.37,MECH,2,44.66,FAIL
11,5,5,13,11,57,4.9,4,6.1,4,5.07,CSE,3,29.32,FAIL
10,7,5,11,6,55,6.0,0,6.5,5,4.93,CSE,3,34.04,FAIL
9,11,3,15,3,51,4.9,1,6.3,1,5.55,CSE,4,37.59,FAIL
19,8,4,11,12,84,2.7,2,5.5,7,5.42,ECE,4,47.96,FAIL
19,12,4,17,9,92,1.7,1,8.3,1,5.79,MECH,4,56.95,D
16,11,3,15,13,100,5.0,1,6.7,2,5.96,CSE,3,56.95,D
9,10,3,7,12,87,4.3,0,7.3,3,4.54,CSE,4,40.53,FAIL
10,8,4,12,18,92,3.7,0,7.2,5,5.57,CSE,2,48.41,FAIL
13,11,3,19,14,66,7.6,2,7.1,2,5.6,MECH,2,46.05,FAIL
3,5,1,14,9,57,2.1,3,7.1,3,4.33,ECE,1,27.18,FAIL
15,11,3,10,14,87,7.6,2,6.5,7,5.55,CSE,2,47.07,FAIL
8,9,5,12,15,81,4.1,2,9.1,5,5.34,CSE,1,41.96,FAIL
11,10,4,6,19,76,0.3,2,8.1,6,4.87,ECE,3,41.87,FAIL
14,11,4,14,15,80,3.6,2,7.0,3,5.33,CSE,1,48.43,FAIL
14,6,4,13,11,79,5.9,4,6.3,5,5.69,ECE,4,37.39,FAIL
21,8,4,16,15,94,3.3,0,6.8,5,5.56,MECH,3,56.14,D
14,8,2,17,12,94,1.1,1,7.6,3,6.12,ECE,2,51.08,D
19,10,5,18,16,83,3.7,0,9.2,5,5.28,CSE,1,59.79,D
16,9,4,20,15,87,2.3,1,4.9,1,6.32,ECE,2,56.81,D
21,8,6,21,17,82,5.0,1,8.0,6,6.01,MECH,2,61.89,C
10,7,3,18,18,68,5.5,1,8.7,4,6.27,ECE,4,47.61,FAIL
10,10,7,13,19,86,1.9,1,4.8,4,5.17,MECH,1,52.33,D
9,2,3,5,8,54,2.6,1,6.7,7,4.24,MECH,4,22.47,FAIL
20,12,4,12,9,90,5.5,0,5.4,6,5.18,CSE,1,51.67,D
12,5,2,8,7,57,2.3,0,7.6,4,5.67,CSE,4,33.87,FAIL
11,8,4,15,12,79,1.8,0,6.5,3,5.71,MECH,2,48.14,FAIL
11,4,4,16,11,62,1.6,2,6.8,8,3.83,ECE,2,33.1,FAIL
18,8,1,13,15,83,4.7,1,6.4,2,6.18,CSE,2,48.52,FAIL
11,8,4,9,13,74,4.6,1,8.1,6,4.86,MECH,2,40.48,FAIL
9,7,3,8,7,51,2.6,2,7.3,2,5.05,ECE,3,25.58,FAIL
19,6,5,20,15,81,4.0,2,7.3,7,5.58,MECH,2,52.98,D
19,9,2,19,16,66,7.1,1,7.2,7,5.96,ECE,3,54.03,D
19,10,6,18,8,88,2.1,2,7.9,1,5.83,ECE,1,56.72,D
14,8,4,7,17,75,0.1,5,6.6,6,4.51,MECH,2,38.05,FAIL
12,5,6,17,17,80,4.9,1,9.6,6,5.61,CSE,1,47.04,FAIL
12,7,3,12,13,60,3.8,1,5.1,6,5.13,CSE,3,37.76,FAIL
9,4,5,14,18,66,2.6,5,4.4,6,4.88,MECH,2,34.38,FAIL
16,8,3,10,12,68,5.3,0,4.3,3,5.15,CSE,3,45.63,FAIL
12,8,1,13,14,87,5.7,0,3.9,5,4.42,CSE,1,45.68,FAIL
6,9,4,9,7,100,0.0,2,8.0,8,3.78,MECH,1,32.36,FAIL
12,10,4,14,17,62,2.7,1,7.8,3,5.19,CSE,4,45.82,FAIL
20,9,7,23,19,91,8.6,0,8.8,6,5.59,ECE,3,68.58,C
6,7,1,6,8,42,5.2,1,5.4,7,4.07,CSE,2,21.13,FAIL
12,10,3,12,11,57,5.4,1,8.1,3,5.21,ECE,2,41.63,FAIL
14,9,4,18,18,60,6.3,2,7.1,2,6.55,MECH,3,51.97,D
15,9,5,11,17,54,4.0,2,7.2,2,5.18,ECE,4,43.88,FAIL
6,9,2,10,11,51,5.6,3,7.9,6,5.28,ECE,3,26.82,FAIL
19,9,7,16,18,81,5.4,1,5.9,2,5.94,MECH,3,61.75,C
10,8,3,11,10,71,5.1,1,10.9,5,4.45,MECH,3,39.94,FAIL
13,5,3,18,15,80,3.4,1,9.0,8,4.93,CSE,3,43.58,FAIL
16,9,4,14,14,85,4.3,0,6.2,5,4.76,CSE,1,50.77,D
19,8,3,16,9,78,2.8,0,5.4,3,6.03,ECE,3,48.29,FAIL
13,8,5,10,11,84,4.0,1,6.9,5,4.48,CSE,3,41.06,FAIL
9,7,4,12,14,73,1.7,0,7.3,5,4.7,MECH,4,43.43,FAIL
9,8,2,11,12,57,2.4,1,8.6,6,4.58,MECH,3,31.76,FAIL
16,11,4,15,9,90,3.4,3,5.2,8,4.48,CSE,3,44.88,FAIL
9,8,4,13,8,66,2.1,0,7.4,6,4.78,MECH,1,39.67,FAIL
11,9,4,9,5,60,3.0,2,4.7,9,4.14,ECE,3,28.6,FAIL
13,6,6,13,10,72,3.7,3,7.7,6,5.15,CSE,3,39.35,FAIL
15,11,5,16,14,61,4.8,0,6.8,3,5.46,CSE,3,53.66,D
14,7,5,12,16,68,5.9,3,9.9,10,5.22,CSE,4,35.76,FAIL
12,6,2,19,8,80,3.1,2,4.7,5,5.15,CSE,4,38.51,FAIL
15,10,3,13,17,80,6.7,0,9.1,3,6.6,CSE,1,55.63,D
9,6,2,10,7,61,5.9,4,4.4,10,3.58,CSE,3,22.8,FAIL
9,6,5,11,14,67,5.0,2,5.0,4,5.43,CSE,2,38.96,FAIL
16,7,5,16,20,91,4.3,0,4.5,3,4.99,CSE,4,59.6,D
15,2,1,14,10,82,4.6,2,7.4,4,5.25,MECH,1,38.44,FAIL
12,8,5,13,17,100,6.4,1,5.2,5,5.88,MECH,2,51.32,D
15,9,7,22,7,92,6.4,2,5.0,7,5.66,CSE,2,53.06,D
17,14,9,16,19,92,6.7,1,7.3,1,6.57,CSE,3,67.59,C
9,8,5,5,9,54,4.1,1,7.7,7,4.19,ECE,1,27.33,FAIL
16,11,4,17,20,86,5.1,1,7.1,4,6.49,MECH,2,56.64,D
14,14,4,15,14,74,6.7,2,6.8,4,5.39,MECH,2,47.89,FAIL
14,4,4,9,13,66,2.8,2,9.7,8,4.49,MECH,4,37.53,FAIL
12,8,5,10,18,77,3.4,3,7.2,5,4.56,MECH,4,42.5,FAIL
15,13,6,14,15,89,4.0,2,8.2,6,4.82,ECE,2,52.86,D
10,8,5,11,16,82,5.8,5,7.2,5,4.9,MECH,1,39.08,FAIL
10,7,2,15,16,61,5.8,2,5.4,7,4.96,CSE,3,37.19,FAIL
10,11,2,16,15,86,3.5,3,7.8,8,5.45,MECH,2,42.83,FAIL
9,6,5,11,8,65,1.0,1,6.0,1,4.5,ECE,3,36.35,FAIL
13,11,4,9,5,78,4.5,1,6.9,7,4.54,MECH,1,38.85,FAIL
16,9,2,8,9,70,2.2,1,7.5,8,4.52,ECE,4,35.06,FAIL
8,7,2,12,13,71,1.0,1,4.1,6,4.42,MECH,2,35.55,FAIL
15,10,3,14,12,86,1.5,4,4.6,4,5.1,MECH,4,44.36,FAIL
10,7,6,12,11,59,4.7,0,8.4,3,4.82,ECE,2,38.31,FAIL
16,11,5,18,15,100,6.7,1,6.0,10,5.36,CSE,4,56.44,D
12,9,5,14,11,47,4.1,0,6.1,3,5.55,CSE,1,43.59,FAIL
9,7,4,11,13,66,4.4,3,7.2,8,4.2,ECE,2,30.0,FAIL
12,13,5,15,17,80,6.4,0,6.4,6,5.43,ECE,1,57.0,D
17,8,1,7,12,83,0.9,1,7.6,9,4.9,CSE,1,38.66,FAIL
12,9,5,13,15,73,5.0,1,6.9,4,4.91,MECH,1,45.71,FAIL
17,7,3,14,14,74,4.0,0,7.3,2,5.82,ECE,1,49.61,FAIL
15,7,2,11,14,81,5.1,1,5.9,5,4.69,MECH,2,43.05,FAIL
12,9,1,15,12,71,3.0,2,7.3,2,5.66,CSE,2,42.57,FAIL
14,11,5,14,13,95,2.4,0,8.7,10,5.1,ECE,1,53.38,D
14,11,5,14,12,87,4.3,4,6.1,6,4.59,MECH,2,44.7,FAIL
18,9,2,11,16,88,7.3,0,8.4,7,6.16,CSE,2,51.94,D
11,6,3,11,14,60,5.7,1,6.9,7,4.47,ECE,3,35.5,FAIL
8,6,4,15,11,73,3.0,2,8.1,4,5.18,ECE,4,35.89,FAIL
10,9,4,11,12,70,1.3,1,7.2,5,5.11,CSE,4,38.66,FAIL
13,9,2,9,13,59,0.6,2,6.9,5,3.99,CSE,4,33.92,FAIL
14,9,4,15,18,80,6.6,0,7.5,9,5.03,ECE,1,49.37,FAIL
12,9,5,13,10,66,2.1,2,8.8,3,5.75,CSE,3,38.3,FAIL
8,8,4,16,20,84,3.3,1,7.4,4,4.42,ECE,2,50.05,D
18,9,6,16,17,58,6.6,2,7.7,4,6.09,CSE,1,51.14,D
12,6,3,14,11,100,0.8,2,6.4,4,4.61,CSE,2,45.44,FAIL
17,11,2,15,8,61,7.0,1,9.4,2,5.49,ECE,4,47.5,FAIL
16,10,5,18,17,78,3.5,3,8.0,1,5.84,MECH,3,52.88,D
17,8,6,15,15,86,1.7,2,7.1,1,5.86,ECE,2,51.35,D
17,14,3,9,9,66,3.5,2,6.8,7,4.9,CSE,1,38.21,FAIL
14,9,5,17,14,87,2.6,3,8.5,5,5.45,CSE,2,45.36,FAIL
11,4,3,9,7,56,4.9,0,6.1,7,4.43,ECE,1,31.01,FAIL
20,11,2,17,11,96,2.7,2,4.3,4,6.09,MECH,4,51.05,D
14,4,3,8,11,75,0.2,1,7.1,5,5.12,ECE,3,39.64,FAIL
11,9,4,8,12,66,3.6,1,8.8,8,5.43,MECH,1,38.24,FAIL
14,8,3,10,15,70,1.3,0,9.4,8,4.5,ECE,3,45.88,FAIL
17,11,5,18,13,87,4.4,3,6.8,7,4.11,ECE,2,50.72,D
5,6,2,9,11,66,1.6,2,7.1,5,5.24,CSE,3,29.65,FAIL
8,7,7,9,10,63,3.0,0,7.8,6,5.01,CSE,1,34.57,FAIL
11,8,4,11,14,71,4.4,1,6.6,6,5.13,MECH,1,38.44,FAIL
13,9,3,5,4,57,3.6,1,7.8,5,4.59,ECE,3,32.15,FAIL
18,11,6,20,16,100,4.5,1,6.9,4,5.68,ECE,1,61.07,C
14,9,2,18,18,66,5.4,2,8.5,7,4.85,CSE,3,44.16,FAIL
16,11,8,13,17,87,1.7,1,8.1,2,5.59,ECE,4,58.89,D
9,8,3,10,19,78,3.9,2,8.2,8,4.5,MECH,2,39.99,FAIL
7,10,4,9,8,60,0.0,3,6.7,4,4.86,ECE,2,31.24,FAIL
20,10,5,13,17,74,4.5,1,9.9,2,6.87,ECE,1,54.29,D
14,11,3,14,13,86,3.4,3,7.7,4,5.23,MECH,3,44.08,FAIL
15,6,5,14,15,72,2.0,1,7.4,3,4.34,ECE,3,47.87,FAIL
13,11,6,20,15,92,4.6,0,5.9,4,5.57,MECH,1,61.14,C
13,13,10,14,20,90,6.3,0,6.9,4,6.04,MECH,2,60.75,C
11,7,5,12,12,88,3.0,0,7.2,4,5.7,ECE,2,49.47,FAIL
15,10,3,15,12,68,2.1,4,5.8,4,5.61,CSE,3,38.43,FAIL
16,9,1,12,12,58,4.3,1,6.6,5,5.28,ECE,3,43.16,FAIL
11,10,2,9,13,65,1.3,2,6.8,7,3.55,MECH,4,33.37,FAIL
10,7,4,11,9,77,2.7,2,7.1,5,4.48,MECH,3,34.0,FAIL
17,11,4,16,14,83,6.4,1,4.4,6,5.51,MECH,4,51.05,D
12,6,4,12,9,42,4.1,1,6.8,5,4.32,MECH,4,31.79,FAIL
6,9,4,12,6,74,0.2,1,6.4,6,5.33,MECH,3,34.39,FAIL
10,3,1,9,10,77,0.4,2,7.0,5,4.33,MECH,2,31.64,FAIL
15,6,4,17,14,70,4.3,3,8.6,4,5.89,CSE,3,42.18,FAIL
20,12,4,16,21,94,5.7,1,10.1,3,5.99,MECH,4,63.88,C
12,8,4,17,11,81,0.8,4,8.0,5,5.15,MECH,1,38.21,FAIL
15,5,5,11,14,94,4.9,2,5.1,8,4.81,MECH,4,44.86,FAIL
15,8,4,13,13,71,6.7,0,6.5,5,5.7,CSE,1,49.75,FAIL
19,11,3,14,16,89,7.8,1,7.9,4,6.68,CSE,4,55.12,D
12,10,9,18,15,99,4.7,2,7.7,4,6.07,ECE,4,56.87,D
16,13,6,19,17,94,5.0,1,8.5,4,6.92,CSE,2,63.81,C
2,8,3,11,10,58,0.0,0,6.9,4,4.1,CSE,2,34.31,FAIL
14,6,2,15,18,71,8.2,0,6.5,2,5.94,MECH,2,49.72,FAIL
15,8,5,16,12,69,2.8,0,9.6,5,5.64,CSE,1,51.14,D
10,8,5,14,13,82,2.1,2,7.1,5,4.65,MECH,4,44.21,FAIL
13,6,5,12,13,85,3.5,2,5.5,3,5.42,MECH,4,43.37,FAIL
16,12,5,21,13,62,7.0,1,9.2,3,6.08,ECE,4,54.74,D
25,12,5,17,20,76,8.4,2,4.8,3,6.21,CSE,2,64.51,C
11,9,2,12,11,44,4.3,2,1.8,2,4.97,MECH,4,34.86,FAIL
18,10,4,19,14,96,6.0,1,8.2,3,5.76,MECH,1,60.26,C
13,7,4,11,14,67,4.1,0,8.4,5,5.34,MECH,3,43.09,FAIL
13,7,5,12,15,75,1.9,3,7.6,2,4.66,CSE,3,45.13,FAIL
14,9,5,12,12,70,7.0,1,5.0,5,4.92,ECE,3,42.34,FAIL
13,8,3,10,15,92,2.8,1,6.9,4,5.39,CSE,2,49.03,FAIL
12,10,3,14,14,32,7.1,1,6.6,3,5.46,MECH,3,38.97,FAIL
19,15,1,7,15,74,6.6,0,6.2,6,5.6,ECE,4,48.68,FAIL
15,11,5,10,14,73,5.2,1,9.1,4,5.65,CSE,3,46.74,FAIL
11,6,4,17,20,68,7.7,1,5.4,4,5.69,ECE,1,49.13,FAIL
17,12,6,14,17,100,8.5,1,7.5,8,6.27,MECH,3,57.65,D
10,6,8,11,13,61,3.6,1,8.8,3,5.45,ECE,1,40.09,FAIL
15,7,3,13,11,86,2.4,2,7.6,8,4.7,ECE,4,39.94,FAIL
9,7,4,13,13,80,0.3,1,8.9,4,4.65,CSE,4,45.35,FAIL
20,11,5,19,13,93,8.5,2,7.8,3,6.31,MECH,2,59.36,D
14,5,3,14,15,64,3.1,2,7.6,4,4.66,CSE,4,43.41,FAIL
15,10,3,11,10,64,6.3,0,7.6,5,5.63,ECE,2,42.54,FAIL
16,6,3,16,16,91,2.5,3,7.9,8,5.9,MECH,2,48.82,FAIL
14,11,2,14,14,81,7.1,0,6.4,7,5.74,ECE,2,49.28,FAIL
11,4,1,1,14,51,2.6,3,5.0,5,3.46,MECH,1,23.91,FAIL
7,7,4,15,11,66,1.6,2,8.4,8,4.27,CSE,3,33.78,FAIL
13,7,4,13,7,80,3.6,0,8.7,1,5.85,ECE,1,47.22,FAIL
12,9,4,13,12,87,2.9,3,7.4,5,4.64,MECH,4,42.42,FAIL
16,11,3,10,14,64,5.2,1,6.2,6,4.98,MECH,3,41.98,FAIL
14,5,3,11,8,31,3.9,2,4.7,6,4.21,ECE,1,26.16,FAIL
15,9,5,15,13,82,5.3,0,7.1,2,6.53,MECH,3,51.93,D
12,9,4,10,5,56,3.4,1,5.0,3,5.67,CSE,1,35.78,FAIL
5,6,2,16,14,44,2.7,4,4.8,5,3.61,MECH,3,24.28,FAIL
8,3,4,0,16,32,2.8,2,7.0,7,3.94,MECH,2,17.84,FAIL
19,13,2,14,13,87,8.1,1,5.9,9,5.39,MECH,3,50.24,D
8,10,3,14,14,76,4.5,1,7.5,4,5.09,MECH,1,46.43,FAIL
11,10,2,8,10,71,0.0,2,6.8,2,4.96,MECH,3,35.26,FAIL
16,10,5,12,17,95,3.0,1,6.1,7,5.16,MECH,3,52.95,D
14,13,3,14,13,84,4.2,3,4.4,10,4.97,MECH,1,46.76,FAIL
18,8,4,10,17,99,7.7,2,5.7,7,6.5,MECH,1,52.6,D
15,11,4,17,9,54,6.1,0,5.8,4,5.08,MECH,1,48.14,FAIL
8,6,4,11,9,74,2.2,3,5.2,10,4.03,CSE,2,27.02,FAIL
11,7,5,13,15,50,8.8,4,6.5,6,4.66,CSE,4,31.58,FAIL
9,8,6,14,16,71,3.9,1,5.3,3,6.17,ECE,3,43.49,FAIL
15,10,5,13,14,71,6.5,1,6.8,9,5.47,CSE,4,46.53,FAIL
14,10,5,13,18,84,1.7,0,7.4,3,5.54,MECH,3,56.3,D
9,6,3,11,7,75,0.0,0,5.8,4,4.61,MECH,1,39.94,FAIL
11,10,4,12,10,84,1.2,3,7.6,6,5.8,MECH,1,39.2,FAIL
11,13,2,10,11,85,0.0,1,5.0,5,4.63,MECH,1,41.84,FAIL
17,9,6,18,19,100,8.2,1,5.3,5,5.21,CSE,2,58.96,D
10,8,1,9,18,70,4.4,1,6.8,5,5.27,ECE,4,38.04,FAIL
4,9,1,12,3,60,2.2,1,8.0,7,3.98,CSE,2,25.36,FAIL
10,7,8,22,13,78,4.9,1,8.3,1,6.05,MECH,4,54.04,D
9,9,4,20,17,62,4.4,2,9.4,6,5.82,MECH,2,44.07,FAIL
11,5,5,16,11,97,5.2,2,6.4,4,5.01,MECH,1,46.25,FAIL
14,6,2,10,7,70,6.4,0,6.8,3,5.15,ECE,2,37.1,FAIL
13,6,5,17,12,66,3.4,2,5.5,3,5.44,MECH,2,40.71,FAIL
11,6,6,11,15,67,2.2,3,5.1,1,4.8,ECE,3,38.1,FAIL
17,8,7,20,16,85,5.7,1,7.3,3,6.06,MECH,4,57.29,D
15,9,2,11,17,72,5.6,1,5.8,8,5.15,CSE,3,42.25,FAIL
14,11,6,11,18,65,4.2,0,8.8,7,5.46,ECE,2,48.5,FAIL
17,15,5,19,21,99,8.4,1,4.8,5,5.7,ECE,1,67.91,C
7,5,0,8,15,62,3.1,2,7.7,2,3.93,CSE,2,30.01,FAIL
8,9,1,18,7,75,2.2,2,5.5,7,4.83,MECH,4,38.02,FAIL
11,11,1,15,11,84,4.8,1,5.8,8,4.29,ECE,1,45.28,FAIL
14,7,4,16,8,50,2.7,1,7.8,7,4.89,CSE,3,38.83,FAIL
22,11,4,11,13,82,5.0,1,6.0,3,5.55,MECH,1,54.5,D
13,8,2,8,14,59,2.3,0,6.2,3,4.65,ECE,2,41.01,FAIL
15,10,4,22,16,87,3.2,3,5.8,8,5.27,MECH,2,49.92,FAIL
17,7,7,9,13,60,7.8,2,9.7,3,4.98,CSE,1,40.29,FAIL
18,5,4,17,17,85,3.2,1,6.1,6,5.01,ECE,4,52.28,D
12,9,5,15,11,91,2.4,0,7.1,1,5.96,MECH,1,51.95,D
25,9,6,15,23,87,6.3,2,6.7,4,5.95,CSE,2,64.05,C
17,7,2,15,14,78,1.9,1,7.3,6,4.7,MECH,3,45.67,FAIL
8,10,4,17,16,71,2.6,3,6.1,5,4.63,ECE,2,40.92,FAIL
11,12,6,14,13,66,5.2,0,6.7,6,5.81,MECH,3,45.31,FAIL
26,12,7,18,15,97,5.9,0,7.6,3,6.59,ECE,2,71.28,B
16,6,4,14,18,64,6.4,2,5.7,3,5.03,CSE,2,47.48,FAIL
10,7,5,12,13,59,2.5,1,8.6,6,5.44,MECH,3,40.81,FAIL
16,9,6,11,14,84,5.2,1,8.8,6,6.0,MECH,1,46.53,FAIL
14,8,4,10,12,63,3.1,0,7.9,5,5.18,MECH,1,41.17,FAIL
14,7,5,15,10,60,2.8,1,7.1,7,4.84,MECH,4,40.6,FAIL
16,9,6,10,13,53,6.4,2,2.5,2,4.35,MECH,2,44.1,FAIL
14,7,6,10,17,67,2.9,0,7.6,4,5.83,MECH,1,45.72,FAIL
14,13,4,12,14,73,4.6,2,6.4,9,5.26,CSE,2,46.2,FAIL
12,6,3,13,7,78,4.3,1,6.6,8,5.1,MECH,1,39.44,FAIL
10,9,5,9,11,89,1.9,2,4.2,6,4.95,MECH,4,41.75,FAIL
12,7,5,15,14,82,5.9,0,7.7,5,5.63,CSE,4,46.82,FAIL
12,10,6,13,12,72,5.1,1,4.8,7,4.58,MECH,2,46.42,FAIL
12,7,2,9,5,72,0.0,1,7.2,6,4.83,ECE,4,34.76,FAIL
10,10,6,15,13,82,4.6,0,8.4,2,5.46,ECE,3,50.04,D
20,7,2,22,14,94,2.5,1,6.3,7,5.19,ECE,4,56.92,D
13,12,5,14,13,76,6.2,1,8.8,3,5.94,ECE,3,51.85,D
8,8,4,7,11,67,1.1,5,5.9,7,4.58,ECE,2,23.01,FAIL
13,7,4,16,17,60,3.3,1,7.9,2,5.67,MECH,3,47.88,FAIL
4,7,4,14,10,53,4.7,0,5.0,8,4.56,ECE,4,32.74,FAIL
16,8,7,19,10,84,4.1,1,8.5,4,6.01,ECE,2,52.59,D
11,7,3,15,20,83,5.5,3,8.3,3,4.93,CSE,4,43.82,FAIL
7,7,2,11,11,83,1.0,3,7.7,4,5.39,CSE,4,34.74,FAIL
16,9,3,16,14,73,7.3,3,6.4,4,5.65,MECH,1,44.08,FAIL
16,10,5,14,16,96,5.1,3,4.9,5,5.73,CSE,1,53.13,D
19,9,6,17,9,67,6.7,0,6.4,8,4.77,ECE,1,52.39,D
17,9,5,20,17,89,5.7,0,8.7,5,6.45,CSE,2,62.51,C
15,11,8,9,13,74,4.0,1,7.2,1,5.73,ECE,2,47.79,FAIL
11,9,1,9,11,65,1.4,2,4.7,3,4.29,CSE,2,33.75,FAIL
4,10,1,15,14,83,2.9,0,5.3,10,4.28,CSE,4,43.14,FAIL
17,12,6,13,20,81,7.2,0,8.9,5,6.36,MECH,3,56.4,D
15,5,4,15,20,80,6.8,3,7.7,7,5.48,ECE,4,43.72,FAIL
12,6,3,7,12,76,2.8,3,5.1,4,4.98,ECE,3,35.8,FAIL
8,4,3,10,9,74,0.0,0,4.4,3,4.52,ECE,1,32.98,FAIL
18,7,3,16,12,100,3.6,0,6.1,4,6.16,ECE,3,54.34,D
12,12,5,11,16,92,3.4,3,4.2,5,5.45,CSE,4,48.91,FAIL
15,12,4,14,13,85,3.5,1,6.8,4,4.84,ECE,3,49.23,FAIL
14,9,4,15,13,76,5.1,2,10.7,9,4.85,MECH,3,42.95,FAIL
20,11,5,13,12,90,5.8,1,4.6,4,5.58,MECH,3,54.68,D
13,9,7,17,13,82,6.0,2,6.7,3,5.45,ECE,1,50.96,D
16,10,3,15,14,75,4.9,1,9.0,7,4.24,MECH,1,49.3,FAIL
11,7,2,10,13,70,0.4,3,8.1,7,4.2,CSE,1,30.98,FAIL
12,7,5,7,13,73,3.3,1,6.8,5,4.93,ECE,3,38.48,FAIL
9,9,2,10,12,27,8.6,2,6.8,4,4.7,ECE,1,24.81,FAIL
16,9,5,16,19,78,4.7,1,5.3,1,5.94,ECE,3,59.08,D
10,8,5,8,14,67,4.7,2,6.6,7,3.79,CSE,3,35.79,FAIL
15,11,7,15,18,98,4.7,1,7.4,7,5.22,ECE,3,57.05,D
17,17,4,12,12,75,4.8,1,8.7,4,5.97,CSE,2,54.43,D
9,9,1,9,15,57,0.0,1,6.1,5,3.92,MECH,3,36.38,FAIL
13,8,3,11,17,74,3.5,3,6.7,5,4.49,CSE,2,40.65,FAIL
15,5,3,11,12,59,3.9,1,5.6,8,4.09,MECH,3,37.03,FAIL
18,6,4,18,14,82,6.6,2,7.3,3,6.12,CSE,2,53.07,D
12,12,4,13,11,79,4.1,2,8.2,4,5.39,ECE,4,45.6,FAIL
11,10,6,17,14,89,0.7,1,7.9,4,4.91,MECH,4,54.54,D
13,7,3,17,13,63,4.9,1,5.2,6,5.04,MECH,4,42.13,FAIL
19,8,3,14,12,75,2.4,4,7.2,5,5.22,CSE,3,42.63,FAIL
5,6,4,10,6,54,1.6,1,6.0,5,3.75,ECE,2,24.58,FAIL
14,10,2,12,15,85,2.3,2,8.5,3,5.6,MECH,2,44.84,FAIL
17,12,4,14,13,82,5.1,1,6.8,8,4.52,ECE,3,49.79,FAIL
18,8,4,18,12,82,6.5,3,4.7,4,6.12,MECH,3,51.08,D
14,11,2,16,14,75,5.0,2,6.7,7,5.7,ECE,1,47.55,FAIL
9,9,4,17,17,81,5.3,3,7.7,10,4.91,ECE,2,41.43,FAIL
22,10,4,18,18,99,4.9,2,7.4,3,6.57,MECH,2,59.76,D
11,10,4,13,11,70,4.2,2,6.2,6,4.58,MECH,1,38.08,FAIL
11,9,5,18,19,77,5.4,0,6.1,5,5.26,ECE,3,52.49,D
9,5,3,9,6,58,0.0,1,5.5,9,3.53,ECE,2,23.64,FAIL
17,9,2,10,13,61,4.2,1,6.4,4,5.0,ECE,1,44.05,FAIL
13,7,3,14,11,76,1.9,1,5.7,5,4.87,ECE,4,44.82,FAIL
15,12,5,18,17,91,6.3,1,8.5,5,5.97,MECH,2,57.63,D
13,7,3,11,11,71,3.7,3,5.6,5,4.91,CSE,1,33.58,FAIL
13,12,4,12,17,71,4.1,0,7.2,7,5.02,ECE,2,47.02,FAIL
11,8,4,12,13,68,1.0,1,7.1,5,5.34,CSE,4,38.89,FAIL
12,7,5,16,13,66,6.0,2,8.4,6,4.33,MECH,2,39.31,FAIL
14,11,4,15,15,79,5.3,2,8.6,5,6.57,CSE,2,45.97,FAIL
9,10,3,8,11,52,5.1,1,8.0,4,4.92,CSE,3,36.34,FAIL
16,6,5,10,16,94,2.4,1,7.5,4,5.5,MECH,4,48.68,FAIL
11,10,3,8,14,65,2.5,1,5.4,6,5.21,MECH,3,36.32,FAIL
15,10,2,11,15,85,4.4,1,5.4,6,5.52,ECE,4,48.71,FAIL
8,7,4,9,13,55,2.6,2,5.7,7,4.59,ECE,2,33.28,FAIL
13,9,4,14,19,85,4.9,2,8.1,9,5.84,CSE,3,49.65,FAIL
11,9,4,13,14,85,0.0,3,7.1,4,4.93,CSE,3,45.12,FAIL
12,7,4,18,9,80,3.0,3,8.3,5,5.78,CSE,1,41.12,FAIL
12,5,4,16,14,60,7.6,3,8.5,5,4.87,MECH,4,37.08,FAIL
15,8,2,12,21,78,4.9,1,5.9,3,5.68,CSE,4,52.34,D
16,7,5,10,15,57,4.3,0,7.0,6,5.07,ECE,4,46.25,FAIL
18,12,4,23,16,71,8.0,0,7.0,7,5.99,ECE,3,57.42,D
12,8,4,9,15,90,0.0,1,6.5,3,5.51,MECH,3,43.9,FAIL
12,7,4,16,13,86,2.4,3,6.2,4,5.36,MECH,4,43.23,FAIL
8,7,3,10,15,75,3.2,1,8.8,4,5.22,CSE,4,39.91,FAIL
11,9,4,16,15,60,5.7,3,7.1,2,5.27,ECE,2,40.48,FAIL
12,11,5,18,19,84,5.8,1,7.0,5,5.45,MECH,4,56.45,D
12,9,4,12,7,75,2.3,0,5.8,3,4.42,CSE,3,39.86,FAIL
18,6,2,16,9,40,6.0,2,8.0,5,5.73,CSE,4,32.83,FAIL
13,9,6,24,13,86,3.2,3,5.5,6,5.58,CSE,3,53.31,D
10,11,4,11,17,74,6.4,1,7.7,6,5.59,CSE,3,43.35,FAIL
14,8,5,18,17,93,1.9,0,7.7,6,5.68,MECH,4,59.09,D
10,11,3,15,12,58,3.8,0,6.4,8,4.86,ECE,2,44.53,FAIL
12,4,1,4,2,27,3.0,0,7.5,3,3.88,ECE,2,20.63,FAIL
10,12,9,17,19,79,6.1,1,7.3,3,6.09,MECH,1,58.97,D
11,10,4,13,15,79,3.0,0,6.9,6,5.69,CSE,2,47.95,FAIL
13,5,1,12,12,49,3.9,1,7.0,5,4.35,CSE,1,32.84,FAIL
6,7,3,12,4,60,5.0,2,7.1,7,4.08,ECE,1,26.71,FAIL
17,13,4,18,20,100,5.1,1,7.2,6,5.17,MECH,3,61.02,C
11,8,4,11,13,70,5.8,2,7.1,9,4.89,MECH,4,34.95,FAIL
16,9,2,20,17,85,4.4,2,5.3,5,4.7,MECH,3,54.67,D
12,5,4,13,15,65,3.2,1,6.8,2,5.09,MECH,4,40.71,FAIL
9,7,2,14,8,43,3.3,1,7.4,6,4.1,ECE,4,33.2,FAIL
15,8,6,15,14,72,4.1,1,7.1,5,5.17,CSE,4,50.1,D
13,9,4,17,16,71,4.5,0,8.4,6,4.97,CSE,3,53.01,D
9,7,5,13,7,69,3.7,1,7.9,6,5.02,ECE,2,36.04,FAIL
12,10,6,17,17,73,4.0,0,5.7,4,5.44,ECE,1,53.97,D
7,7,4,9,8,78,1.0,1,6.8,3,4.6,MECH,4,37.37,FAIL
11,4,5,17,11,72,5.3,2,6.5,5,5.42,MECH,2,40.21,FAIL
5,8,5,10,8,56,4.4,4,7.0,1,4.84,ECE,2,23.88,FAIL
22,12,4,15,22,82,6.0,3,7.0,5,5.59,ECE,4,57.37,D
11,5,4,8,11,45,4.0,3,7.9,4,4.77,ECE,2,28.1,FAIL
10,4,2,7,3,44,0.5,2,7.3,7,4.15,MECH,4,17.39,FAIL
12,12,5,14,13,86,3.3,3,8.8,1,6.01,CSE,4,45.22,FAIL
16,11,3,17,13,82,3.6,2,7.4,5,5.96,ECE,1,50.91,D
16,8,2,14,14,74,5.5,1,5.8,8,4.93,ECE,4,46.62,FAIL
11,6,2,7,6,54,0.0,2,6.3,6,3.8,ECE,3,24.26,FAIL
13,7,6,15,9,64,4.1,1,7.9,7,5.35,CSE,1,38.94,FAIL
16,14,4,15,17,71,5.0,0,4.6,6,5.07,MECH,3,57.94,D
9,9,6,10,11,51,2.7,1,5.0,2,5.1,MECH,2,37.76,FAIL
13,11,4,11,12,63,4.1,1,7.0,5,4.94,CSE,4,39.77,FAIL
13,8,4,12,17,84,2.7,2,8.4,6,4.63,CSE,4,45.25,FAIL
13,8,7,23,22,96,2.5,2,9.0,3,6.96,ECE,1,62.01,C
6,9,6,10,12,68,3.2,4,6.7,5,4.64,CSE,3,31.2,FAIL
13,11,2,17,10,86,2.6,1,8.6,1,5.23,CSE,2,47.78,FAIL
11,11,4,10,12,46,5.4,3,7.1,4,5.27,CSE,1,35.78,FAIL
12,5,5,11,19,84,2.5,3,4.7,4,4.61,ECE,3,45.84,FAIL
14,7,4,12,8,62,2.2,0,7.0,8,4.24,MECH,4,40.55,FAIL
20,7,6,18,13,79,7.5,1,6.1,4,5.8,ECE,4,56.35,D
16,8,4,15,15,71,5.9,1,8.4,4,5.53,ECE,4,49.21,FAIL
14,9,3,15,12,94,0.3,0,7.0,5,4.95,ECE,1,52.25,D
12,11,4,14,13,61,2.5,1,5.1,4,5.45,CSE,3,45.93,FAIL
14,10,3,16,14,84,4.5,2,4.8,6,5.07,ECE,1,46.07,FAIL
14,6,2,12,13,70,4.6,1,7.0,1,5.14,MECH,1,42.62,FAIL
12,9,4,10,10,72,1.0,3,3.4,7,4.71,MECH,4,34.18,FAIL
15,7,5,14,13,72,6.3,2,6.2,5,5.0,MECH,2,43.99,FAIL
13,8,7,16,9,62,5.7,0,7.3,8,4.83,ECE,3,43.48,FAIL
12,9,3,16,13,74,5.0,2,5.4,1,5.11,MECH,4,44.0,FAIL
17,9,5,16,15,74,6.7,1,8.5,1,6.18,CSE,4,55.92,D
14,11,4,15,14,78,4.9,1,8.8,4,5.68,ECE,3,50.51,D
18,10,4,10,15,76,4.9,3,5.5,6,5.07,ECE,1,45.96,FAIL
15,13,4,16,16,86,7.1,0,6.6,4,5.96,MECH,1,56.55,D
25,14,5,15,17,88,6.2,1,8.5,6,6.21,ECE,1,64.43,C
16,7,5,14,11,59,2.3,2,7.0,7,4.83,MECH,3,38.6,FAIL
11,7,4,15,14,88,5.3,2,4.9,6,4.79,ECE,1,43.01,FAIL
14,5,4,14,7,57,2.7,0,6.8,5,4.32,ECE,2,38.6,FAIL
15,13,4,22,12,83,5.0,2,5.7,5,5.84,CSE,2,52.89,D
16,13,2,17,18,84,5.0,3,8.7,4,5.38,ECE,3,52.23,D
14,9,3,7,11,46,1.2,2,7.9,5,4.62,ECE,3,32.74,FAIL
12,8,7,14,11,76,3.8,2,6.5,3,5.77,ECE,1,45.6,FAIL
11,11,2,7,7,67,4.5,1,7.2,3,4.53,CSE,2,33.39,FAIL
13,7,2,16,14,63,3.1,1,5.0,6,4.36,MECH,3,43.81,FAIL
15,11,4,23,18,95,4.6,1,5.9,4,6.08,ECE,2,60.87,C
7,11,7,11,12,65,5.6,2,9.3,4,5.46,ECE,3,39.88,FAIL
15,10,5,11,12,62,3.9,4,7.1,6,4.66,MECH,3,39.58,FAIL
15,10,5,13,15,76,4.4,3,8.4,6,5.73,CSE,1,41.93,FAIL
17,14,7,14,14,85,6.8,0,7.3,5,6.34,CSE,3,57.29,D
14,9,6,9,13,72,4.9,2,9.0,5,5.13,MECH,2,41.23,FAIL
23,10,5,18,16,92,4.4,4,4.0,6,6.08,ECE,3,55.93,D
14,7,3,8,8,82,2.1,1,6.7,7,4.0,MECH,4,37.78,FAIL
8,4,5,10,11,42,5.3,2,9.5,5,4.21,CSE,2,28.53,FAIL
14,3,4,11,14,67,4.7,3,8.4,3,5.24,MECH,1,37.3,FAIL
18,11,3,9,11,66,6.6,3,9.0,5,5.38,ECE,2,39.87,FAIL
17,9,5,12,17,82,4.1,1,7.0,4,5.31,CSE,1,51.51,D
3,6,2,3,6,35,0.4,0,6.2,3,3.81,MECH,1,17.05,FAIL
11,10,6,13,11,100,0.6,2,5.5,6,4.66,CSE,1,46.12,FAIL
11,10,3,16,17,82,5.5,3,5.4,6,5.17,CSE,3,42.47,FAIL
14,10,5,14,15,77,2.9,1,8.2,6,4.83,MECH,3,47.28,FAIL
14,13,5,17,14,92,4.9,1,7.8,3,6.28,ECE,4,55.88,D
20,8,5,18,17,100,4.2,2,6.9,5,5.73,ECE,2,60.55,C
18,12,5,11,16,88,3.7,1,7.8,5,5.39,MECH,1,51.57,D
14,11,4,13,13,89,3.8,2,7.2,6,5.35,MECH,3,44.56,FAIL
10,7,5,13,15,76,2.3,1,8.4,5,5.72,MECH,3,46.23,FAIL
11,7,4,9,7,72,4.0,1,8.4,5,5.05,CSE,1,34.54,FAIL
12,5,3,8,9,67,2.8,1,5.4,5,4.11,MECH,2,30.69,FAIL
13,8,5,7,13,62,3.3,0,7.4,7,4.21,CSE,3,42.46,FAIL
12,7,2,11,10,64,3.4,3,4.5,3,4.75,ECE,3,32.09,FAIL
4,3,4,13,8,54,3.5,0,7.2,5,5.0,ECE,3,31.73,FAIL
17,9,5,13,7,73,5.8,0,7.9,7,5.74,CSE,2,45.99,FAIL
6,7,4,9,15,49,3.7,1,5.0,3,5.49,CSE,1,31.08,FAIL
9,10,6,16,13,77,6.0,1,6.4,3,6.02,MECH,2,45.15,FAIL
17,6,5,13,10,74,7.1,2,7.0,6,5.03,ECE,4,43.34,FAIL
11,10,4,13,16,77,5.7,1,7.4,2,5.69,MECH,4,49.54,FAIL
12,10,2,16,16,67,5.1,1,6.6,6,3.95,CSE,2,43.41,FAIL
16,11,6,19,16,100,4.7,0,5.2,4,5.55,CSE,4,65.23,C
13,11,7,16,10,95,5.7,0,6.9,6,5.41,MECH,3,54.94,D
11,10,3,8,8,56,4.2,4,4.5,3,3.64,MECH,4,28.46,FAIL
14,10,3,15,19,78,6.0,1,6.7,7,6.33,CSE,2,53.01,D
13,8,5,11,14,65,5.2,1,6.3,3,5.12,MECH,2,42.18,FAIL
9,7,2,8,6,59,3.3,2,6.8,6,3.63,CSE,1,27.41,FAIL
11,6,4,12,20,54,5.8,2,6.2,3,5.0,CSE,3,43.19,FAIL
12,8,3,7,13,81,4.2,1,4.7,9,5.55,MECH,1,39.47,FAIL
11,5,4,18,13,64,3.8,2,6.5,5,5.87,CSE,3,39.93,FAIL
16,14,4,15,13,89,3.0,1,8.4,9,5.14,ECE,3,55.09,D
14,12,4,13,18,89,4.3,1,8.9,3,5.98,ECE,1,55.17,D
14,10,6,22,17,95,6.0,2,10.7,4,6.94,MECH,4,58.8,D
12,11,5,15,8,62,5.8,1,9.5,7,5.15,MECH,4,42.72,FAIL
13,8,4,17,9,82,4.7,2,5.2,2,5.78,MECH,1,44.15,FAIL
14,10,4,14,14,84,5.2,1,6.4,4,6.0,ECE,1,51.17,D
15,9,6,15,14,67,6.5,1,7.0,6,4.73,CSE,2,49.54,FAIL
12,8,4,9,12,63,3.7,0,6.9,3,5.89,CSE,4,40.43,FAIL
12,7,5,14,15,99,1.8,0,7.1,6,4.87,CSE,1,52.59,D
17,12,3,14,19,78,6.6,0,10.6,5,5.64,MECH,1,55.65,D
15,9,7,17,10,84,2.9,2,5.4,2,5.45,ECE,1,51.01,D
10,11,4,11,12,62,2.6,4,5.9,7,4.94,MECH,1,34.42,FAIL
14,5,0,9,9,56,0.4,0,9.5,2,5.27,ECE,4,34.79,FAIL
15,7,2,16,10,66,5.1,0,6.1,7,4.85,MECH,2,45.79,FAIL
14,7,2,15,10,73,0.8,2,7.6,5,4.96,CSE,2,39.19,FAIL
13,10,6,15,14,59,2.5,1,8.6,4,5.49,ECE,4,46.78,FAIL
14,8,8,16,15,74,5.2,2,7.7,3,5.62,MECH,1,49.36,FAIL
8,8,4,13,10,49,5.4,2,7.3,6,4.4,CSE,1,31.99,FAIL
7,8,5,10,17,58,2.7,2,8.4,3,4.74,CSE,2,37.45,FAIL
14,12,6,12,13,85,3.7,0,5.7,7,5.49,MECH,3,50.92,D
12,9,2,13,13,84,2.3,0,6.3,7,4.48,MECH,4,44.7,FAIL
10,3,3,5,10,69,2.9,3,7.8,8,3.94,ECE,2,25.57,FAIL
11,5,3,15,7,59,4.5,1,3.9,6,4.4,MECH,4,33.34,FAIL
16,6,6,11,11,59,3.0,4,9.1,4,5.04,MECH,4,36.02,FAIL
18,8,7,13,12,69,3.5,1,7.5,4,5.6,MECH,4,48.49,FAIL
8,10,7,9,10,84,1.1,2,7.2,4,4.42,MECH,3,37.57,FAIL
17,10,6,20,22,88,6.3,2,4.6,5,5.69,MECH,4,60.18,C
14,9,5,16,12,67,5.0,0,5.1,6,5.46,ECE,1,49.61,FAIL
14,7,3,12,12,57,5.6,1,6.4,7,4.38,ECE,1,39.49,FAIL
21,11,5,17,18,79,6.6,3,8.2,5,5.76,CSE,2,57.77,D
16,5,4,10,7,62,2.3,1,3.9,2,3.66,ECE,1,34.81,FAIL
15,8,5,16,10,67,3.3,0,8.2,4,5.61,ECE,4,49.0,FAIL
13,8,5,12,14,94,0.2,1,6.5,8,5.17,CSE,3,47.43,FAIL
17,12,5,18,18,87,10.3,1,6.7,2,6.49,ECE,3,60.62,C
20,7,7,14,14,77,3.7,0,7.4,6,4.48,MECH,4,53.04,D
11,6,5,9,9,55,6.1,1,7.4,4,5.55,CSE,4,33.57,FAIL
15,10,4,8,17,78,1.5,1,5.9,3,4.92,ECE,4,49.79,FAIL
13,9,6,19,14,90,6.0,3,7.9,6,4.37,ECE,2,52.19,D
10,12,4,12,18,69,7.7,2,3.5,8,5.29,CSE,2,45.52,FAIL
21,11,4,20,23,95,3.9,3,6.3,6,6.0,MECH,4,60.9,C
10,11,4,14,15,94,2.0,2,7.2,4,6.13,CSE,2,49.99,FAIL
8,12,3,12,12,99,3.7,2,6.5,2,5.27,ECE,4,48.98,FAIL
12,11,3,13,8,79,0.0,3,4.3,5,3.56,ECE,4,39.28,FAIL
13,12,1,16,14,83,3.9,0,8.1,2,5.58,MECH,3,52.06,D
18,13,4,19,17,96,5.6,1,5.1,4,6.0,CSE,3,64.31,C
13,9,1,10,17,81,3.9,2,6.9,5,4.84,CSE,3,45.18,FAIL
14,10,3,13,12,67,3.4,3,7.2,1,4.61,ECE,4,38.92,FAIL
12,7,4,4,17,68,5.1,2,7.0,8,5.26,MECH,3,33.98,FAIL
17,11,6,16,18,78,5.2,0,8.8,3,5.63,MECH,3,60.05,C
13,9,3,7,11,55,0.7,4,6.9,5,4.7,CSE,2,31.17,FAIL
18,11,3,17,8,72,4.2,2,7.6,6,5.15,CSE,1,44.0,FAIL
21,11,5,20,20,91,8.9,2,6.9,8,5.75,MECH,4,64.0,C
9,7,5,10,11,42,1.3,2,7.9,3,4.47,CSE,4,30.04,FAIL
18,10,3,19,15,98,3.8,1,9.1,1,6.07,CSE,4,59.0,D
18,9,8,24,13,91,7.9,0,7.2,7,5.61,CSE,3,59.7,D
15,12,5,13,13,68,6.2,1,8.2,3,5.1,CSE,3,47.45,FAIL
10,8,2,15,15,83,3.0,3,9.2,6,5.59,MECH,1,42.31,FAIL
17,9,3,11,11,75,4.4,1,9.0,6,5.98,ECE,1,44.75,FAIL
17,9,6,12,12,93,4.0,2,6.4,1,5.66,ECE,1,51.07,D
21,9,6,13,25,89,2.5,1,8.6,2,6.7,CSE,4,65.14,C
15,6,4,12,8,53,3.9,3,7.4,4,5.09,MECH,4,32.73,FAIL
15,6,5,16,13,83,3.4,1,8.7,1,6.0,MECH,3,50.31,D
14,6,4,12,19,71,4.2,1,7.9,2,5.88,ECE,2,45.63,FAIL
10,8,3,14,10,76,2.5,0,7.4,5,5.57,ECE,1,42.01,FAIL
16,8,4,14,8,64,1.4,0,7.7,5,4.5,CSE,1,41.16,FAIL
13,7,7,16,19,100,3.9,2,7.4,6,5.91,CSE,1,54.99,D
12,12,5,21,12,90,7.4,0,7.4,6,6.41,MECH,1,58.57,D
15,11,4,7,11,63,4.2,2,6.8,2,5.09,MECH,3,37.39,FAIL
12,7,5,7,14,54,3.3,2,6.6,2,4.98,MECH,2,36.84,FAIL
14,7,3,15,18,69,5.5,3,9.6,7,4.95,CSE,2,40.58,FAIL
14,8,5,14,15,81,3.7,1,7.7,8,4.82,CSE,4,45.67,FAIL
12,11,6,16,17,78,7.7,1,6.1,3,5.68,MECH,2,55.2,D
15,8,3,14,15,93,4.0,2,6.6,6,4.98,ECE,2,48.6,FAIL
14,12,3,12,19,86,5.4,0,8.6,7,5.54,MECH,4,56.35,D
12,10,4,9,18,89,2.5,2,5.9,5,5.36,ECE,4,49.53,FAIL
19,13,6,17,16,79,5.0,1,4.8,5,5.42,MECH,3,59.55,D
13,4,1,14,11,54,4.6,0,4.9,4,4.34,MECH,2,36.88,FAIL
5,5,4,9,9,72,3.9,1,4.4,9,4.16,ECE,4,27.99,FAIL
15,9,4,8,12,90,3.0,0,5.1,5,5.62,MECH,3,45.46,FAIL
15,5,3,11,6,74,2.7,3,5.2,6,4.44,CSE,4,32.35,FAIL
11,13,5,13,14,82,4.6,1,9.1,6,5.94,MECH,1,48.54,FAIL
11,9,2,16,10,70,5.3,0,6.9,3,5.09,CSE,1,41.51,FAIL
15,7,5,9,10,59,3.7,1,6.5,5,4.99,MECH,3,39.22,FAIL
12,12,3,16,17,73,4.6,2,4.8,4,5.49,ECE,2,47.64,FAIL
6,8,4,12,14,79,3.9,3,6.8,4,4.04,ECE,1,39.22,FAIL
16,8,5,17,11,65,4.2,0,4.4,6,5.1,CSE,3,47.36,FAIL
13,8,7,16,13,71,3.6,0,6.4,3,5.88,ECE,3,53.31,D
14,9,4,11,19,60,4.0,3,10.1,3,5.28,ECE,1,43.73,FAIL
18,13,4,19,16,91,9.4,1,8.0,6,6.38,MECH,1,59.36,D
16,10,2,13,15,70,4.6,1,6.7,4,4.84,CSE,3,47.48,FAIL
13,12,7,12,21,96,5.3,0,8.0,4,6.18,CSE,1,59.85,D
20,15,5,20,19,97,4.9,1,6.2,1,7.32,CSE,2,69.21,C
15,5,3,11,12,73,3.5,3,5.8,7,3.69,MECH,4,33.08,FAIL
9,13,2,7,8,59,6.6,1,9.6,6,5.13,ECE,4,31.23,FAIL
8,10,3,6,9,43,3.4,0,5.3,6,4.63,MECH,4,32.22,FAIL
18,12,7,12,14,52,6.1,1,6.5,6,5.5,MECH,2,47.81,FAIL
14,6,3,13,15,54,3.3,1,7.5,2,4.36,MECH,4,38.87,FAIL
11,7,3,11,12,95,2.1,2,5.6,5,4.91,CSE,4,44.82,FAIL
10,9,6,16,14,76,4.7,1,8.0,4,5.23,CSE,1,46.9,FAIL
13,9,0,15,16,80,1.8,4,6.5,3,4.87,MECH,4,44.49,FAIL
12,9,3,10,14,41,5.1,2,8.0,6,4.61,CSE,1,35.91,FAIL
9,5,2,11,10,57,1.6,2,7.9,8,3.62,MECH,1,28.23,FAIL
20,11,4,13,12,88,3.4,1,6.6,8,4.92,ECE,2,51.28,D
14,7,1,9,13,79,1.1,1,9.6,6,4.62,CSE,3,39.64,FAIL
14,11,5,15,17,72,9.6,2,6.0,5,5.73,CSE,2,49.15,FAIL
15,9,3,10,8,83,0.7,1,9.0,5,4.81,CSE,2,42.77,FAIL
16,11,4,18,15,99,4.0,2,8.8,3,5.98,MECH,4,54.68,D
12,8,4,15,16,71,6.3,1,9.7,4,5.27,MECH,4,48.25,FAIL
18,8,2,20,20,76,6.1,1,7.3,7,5.78,ECE,4,54.2,D
18,11,7,13,11,77,5.7,2,5.8,9,4.79,ECE,4,46.96,FAIL
17,11,0,17,19,100,3.4,1,10.1,3,6.14,ECE,2,61.85,C
9,11,4,13,11,43,6.7,2,6.5,1,5.18,MECH,4,38.96,FAIL
16,12,4,17,15,85,5.8,2,5.8,4,5.61,ECE,3,51.52,D
10,8,3,14,12,73,4.4,1,6.7,7,4.99,CSE,1,39.89,FAIL
15,11,4,12,20,83,4.5,3,5.5,9,5.29,ECE,1,46.29,FAIL
14,8,4,12,13,65,3.4,0,7.8,8,4.56,MECH,3,41.37,FAIL
5,7,1,11,13,74,2.2,1,6.1,8,4.21,CSE,2,35.21,FAIL
18,16,2,23,14,85,6.5,0,6.6,3,5.9,MECH,1,61.92,C
16,16,5,12,19,100,6.6,2,8.5,3,6.07,MECH,3,58.53,D
12,10,0,16,10,87,2.2,1,7.9,2,5.58,MECH,3,44.24,FAIL
7,6,2,16,4,62,3.7,1,7.0,4,4.48,CSE,1,32.05,FAIL
10,8,3,10,12,68,3.7,1,7.3,7,5.39,ECE,3,34.12,FAIL
17,6,4,18,16,68,3.9,2,7.0,8,4.37,CSE,4,45.11,FAIL
14,9,5,12,10,48,4.1,2,6.4,6,5.11,MECH,4,38.86,FAIL
18,10,5,13,16,70,5.9,1,7.0,4,5.41,MECH,4,48.6,FAIL
12,9,5,15,22,85,2.5,4,7.7,3,5.93,ECE,3,51.96,D
15,11,2,11,10,55,2.3,3,6.8,5,4.2,MECH,1,34.51,FAIL
15,9,4,16,20,90,6.5,1,7.6,5,4.9,MECH,4,55.24,D
10,12,3,9,6,82,3.1,2,5.7,2,4.58,ECE,1,38.95,FAIL
9,10,4,14,11,63,1.5,1,6.1,7,5.62,CSE,3,41.65,FAIL
9,9,3,7,14,72,3.0,0,5.9,4,4.73,CSE,3,38.56,FAIL
13,9,5,14,15,98,3.3,0,6.2,7,5.86,CSE,3,52.41,D
13,13,6,14,17,86,7.1,2,8.9,5,5.35,MECH,1,52.73,D
17,13,6,15,12,75,5.8,1,8.1,6,5.53,MECH,1,54.72,D
22,10,5,14,21,71,6.3,1,5.4,4,5.53,ECE,4,60.75,C
16,13,6,18,21,76,5.6,0,7.7,4,7.01,MECH,2,62.12,C
13,9,6,9,15,67,5.9,3,6.4,6,4.97,CSE,2,36.31,FAIL
3,9,4,9,6,43,2.6,2,6.0,5,3.94,ECE,4,21.83,FAIL
13,8,4,13,16,100,3.6,3,4.8,3,5.8,CSE,2,47.5,FAIL
7,10,2,13,15,77,2.0,0,8.5,5,4.68,MECH,1,46.2,FAIL
16,4,3,19,12,80,3.6,2,5.0,6,5.17,CSE,1,44.81,FAIL
19,6,3,14,18,74,5.4,2,6.9,8,5.02,CSE,4,44.83,FAIL
8,5,4,16,13,63,4.3,0,5.6,7,4.29,MECH,2,39.56,FAIL
14,10,5,16,15,72,6.6,1,8.2,5,5.84,CSE,3,50.41,D
9,5,2,8,13,51,1.7,1,6.5,4,4.54,MECH,2,28.98,FAIL
19,9,5,17,14,100,5.0,4,6.8,5,6.19,MECH,1,50.17,D
12,7,0,5,11,56,1.5,1,6.8,4,5.43,CSE,4,32.65,FAIL
18,7,3,12,10,59,4.2,1,7.5,6,4.61,ECE,4,38.64,FAIL
11,6,9,17,8,68,5.5,2,7.0,7,4.85,MECH,4,38.11,FAIL
16,6,6,10,7,94,3.6,2,6.9,7,4.65,CSE,4,38.5,FAIL
13,8,6,18,12,75,5.1,1,6.2,4,5.62,ECE,4,48.27,FAIL
5,8,4,7,8,56,2.1,5,4.6,4,4.13,MECH,4,18.21,FAIL
18,14,5,13,15,93,0.7,2,5.3,4,5.27,CSE,2,58.31,D
22,14,5,13,15,85,5.1,1,8.1,1,6.65,ECE,1,60.2,C
17,10,4,16,18,83,7.5,2,6.5,3,5.61,MECH,2,55.64,D
11,9,6,22,8,85,2.0,2,6.0,5,4.83,ECE,2,46.31,FAIL
14,11,4,15,18,100,6.4,0,4.9,6,6.2,ECE,2,61.07,C
17,10,6,15,11,100,4.1,3,4.4,6,5.71,CSE,2,50.37,D
5,8,6,12,10,64,1.3,3,5.9,3,5.06,CSE,3,35.6,FAIL
17,10,6,14,17,99,1.7,2,8.3,4,5.44,MECH,4,56.63,D
12,5,4,16,12,80,4.0,1,6.2,4,4.62,MECH,2,41.7,FAIL
12,7,6,11,10,82,3.2,0,7.6,4,5.05,MECH,1,46.61,FAIL
5,5,3,9,12,49,1.4,1,6.1,6,3.67,ECE,4,25.97,FAIL
8,13,4,11,15,72,0.6,0,8.0,2,5.41,MECH,4,49.71,FAIL
12,9,5,17,16,62,2.3,3,6.5,3,5.03,MECH,4,43.04,FAIL
15,11,3,15,10,87,4.4,3,5.2,4,5.11,CSE,4,46.78,FAIL
15,9,2,15,9,91,4.0,0,6.6,2,5.57,CSE,4,52.5,D
15,10,3,13,16,43,3.0,2,9.8,1,5.37,ECE,2,39.69,FAIL
14,10,3,18,10,74,4.4,0,9.7,2,5.65,ECE,3,52.94,D
18,12,3,19,16,91,6.1,0,7.7,5,5.58,CSE,1,62.73,C
10,10,5,17,14,72,4.8,1,6.8,6,6.11,MECH,4,45.2,FAIL
12,10,3,17,12,85,3.8,1,7.5,6,5.06,CSE,2,47.35,FAIL
19,9,3,15,11,80,5.9,0,7.5,8,5.62,MECH,4,49.32,FAIL
16,12,4,19,12,80,2.1,1,6.9,5,5.25,CSE,3,56.04,D
13,7,2,14,14,70,3.6,2,7.7,5,4.37,ECE,1,42.87,FAIL
10,5,5,13,9,56,3.6,1,7.3,4,4.58,ECE,3,37.75,FAIL
8,7,6,11,7,58,1.5,1,6.5,5,4.92,ECE,3,32.65,FAIL
11,12,5,8,13,85,3.2,3,5.2,9,4.66,CSE,1,40.16,FAIL
12,5,2,10,4,75,0.0,0,6.3,6,3.8,CSE,4,35.43,FAIL
10,10,5,13,16,72,7.8,2,8.2,6,5.85,MECH,3,45.36,FAIL
17,8,3,10,13,68,2.1,1,7.0,3,4.74,ECE,2,46.32,FAIL
19,7,6,15,14,70,7.2,1,7.5,6,5.67,CSE,2,51.99,D
20,8,6,21,19,90,4.1,0,6.6,6,6.73,CSE,1,62.04,C
15,11,5,13,13,69,5.1,2,5.4,7,5.07,CSE,2,43.93,FAIL
12,7,3,8,10,54,3.0,2,6.6,6,4.85,ECE,1,30.75,FAIL
15,7,5,10,11,86,4.4,0,5.5,5,5.19,MECH,4,43.82,FAIL
12,8,5,9,16,71,5.3,1,5.4,5,4.58,CSE,4,41.59,FAIL
21,9,5,22,14,75,5.3,1,8.8,5,6.07,CSE,4,56.4,D
15,10,5,14,15,99,5.5,1,6.4,5,5.51,MECH,1,53.77,D
11,8,2,7,14,74,3.3,1,5.9,8,4.58,ECE,4,39.14,FAIL
14,5,5,15,12,79,3.0,1,9.4,7,6.11,ECE,1,44.58,FAIL
7,9,2,8,7,57,0.8,1,8.2,7,4.2,ECE,4,28.94,FAIL
16,9,2,14,14,71,5.0,1,6.4,9,5.42,ECE,1,46.67,FAIL
15,9,4,19,12,84,6.2,1,7.6,1,6.31,CSE,1,54.44,D
12,10,5,16,14,51,7.2,1,6.6,4,4.93,MECH,2,43.83,FAIL
18,7,4,14,14,78,4.6,2,6.0,5,5.4,CSE,1,48.01,FAIL
16,7,3,13,7,76,2.5,3,7.7,4,4.85,ECE,2,38.87,FAIL
9,6,1,16,6,75,0.6,3,6.5,3,5.39,MECH,1,32.79,FAIL
21,13,7,15,16,90,6.1,0,7.1,2,6.71,MECH,1,67.75,C
8,10,2,8,11,80,0.4,2,8.5,4,5.13,ECE,1,35.02,FAIL
11,11,5,17,20,97,3.3,1,8.4,7,6.17,MECH,2,58.94,D
10,7,3,8,18,60,3.6,3,6.2,7,4.64,ECE,1,30.44,FAIL
15,7,5,13,12,77,3.9,3,7.7,3,5.95,CSE,3,43.67,FAIL
15,9,5,15,13,76,4.1,2,5.3,5,6.54,MECH,4,48.28,FAIL
15,9,4,14,18,58,4.3,1,7.7,8,5.92,MECH,4,43.28,FAIL
12,7,4,12,14,89,0.0,0,7.2,2,5.22,CSE,4,51.87,D
10,10,5,19,27,100,4.0,1,7.6,5,5.91,ECE,2,64.06,C
9,4,1,10,9,74,0.0,2,6.6,6,4.02,CSE,4,27.78,FAIL
11,9,7,11,19,82,5.5,0,10.1,5,6.25,MECH,2,53.23,D
13,5,6,13,20,76,2.9,0,5.6,7,4.95,MECH,3,51.4,D
6,7,2,11,6,64,0.0,3,8.5,2,4.54,MECH,4,25.82,FAIL
12,7,1,10,8,47,2.4,4,5.5,3,5.09,ECE,1,26.61,FAIL
16,8,5,11,13,64,2.9,0,7.8,6,4.69,ECE,1,45.75,FAIL
8,8,2,11,13,54,6.4,3,7.9,2,5.21,ECE,3,32.98,FAIL
10,9,7,13,16,100,4.4,3,7.1,7,5.76,MECH,4,48.91,FAIL
12,8,6,17,11,73,4.7,1,6.3,6,4.84,ECE,4,48.16,FAIL
17,8,4,16,14,69,6.4,1,7.2,6,5.3,CSE,2,47.16,FAIL
16,11,5,18,15,88,3.8,3,7.4,4,6.46,ECE,3,54.02,D
11,12,2,12,14,58,5.5,0,9.7,6,4.91,MECH,1,45.45,FAIL
10,9,4,11,16,63,5.4,2,5.7,3,5.55,CSE,2,38.16,FAIL
14,6,4,2,7,76,1.4,1,6.2,4,4.62,CSE,4,34.21,FAIL
20,10,5,19,19,90,6.9,2,7.4,5,5.43,MECH,2,57.31,D
7,7,5,19,13,82,1.2,1,6.6,3,5.12,MECH,1,45.0,FAIL
18,10,7,13,20,78,5.8,1,6.8,5,6.83,MECH,3,58.14,D
20,7,4,7,12,76,1.0,2,8.6,3,5.6,CSE,1,44.45,FAIL
12,11,9,16,17,81,5.2,0,2.8,6,5.18,CSE,2,58.59,D
14,11,5,20,17,78,7.7,2,6.1,8,5.07,MECH,1,52.3,D
11,9,4,9,13,59,3.6,3,4.4,2,4.68,CSE,2,37.81,FAIL
10,10,4,18,12,75,3.5,3,5.2,5,4.23,MECH,3,43.24,FAIL
18,9,5,16,16,58,5.2,2,10.6,2,6.59,ECE,4,46.74,FAIL
19,6,5,6,19,76,3.3,1,7.9,3,5.57,CSE,4,50.7,D
10,14,6,18,18,67,7.6,2,8.4,6,5.64,ECE,1,49.69,FAIL
13,6,1,15,18,100,4.4,1,6.9,4,5.94,MECH,3,49.43,FAIL
18,9,4,14,13,74,3.4,1,8.1,6,6.17,CSE,1,50.41,D
12,4,1,10,9,53,2.9,1,4.4,6,4.43,CSE,4,32.13,FAIL
13,9,6,12,10,72,2.1,1,8.6,5,4.99,MECH,4,43.35,FAIL
17,8,2,12,11,82,2.7,0,5.8,3,6.18,MECH,2,49.05,FAIL
15,12,3,11,17,100,3.3,1,6.2,6,5.37,ECE,1,53.17,D
12,7,2,12,11,66,3.0,1,7.8,6,4.03,MECH,4,39.6,FAIL
9,9,1,6,11,51,2.7,1,7.5,2,4.14,CSE,3,34.1,FAIL
16,11,5,14,12,87,8.2,0,7.1,3,6.09,CSE,3,51.86,D
11,9,0,5,9,54,1.9,1,5.0,1,4.87,ECE,3,29.51,FAIL
13,7,7,17,14,68,4.3,3,7.1,2,5.83,CSE,1,47.48,FAIL
15,11,5,20,10,71,5.2,1,8.4,4,5.06,ECE,2,51.88,D
15,9,3,10,10,73,5.3,1,6.2,3,5.34,MECH,1,42.55,FAIL
9,10,5,12,11,85,3.9,0,9.0,3,5.38,CSE,1,44.08,FAIL
12,10,4,12,14,64,3.5,1,5.7,8,5.06,MECH,3,41.66,FAIL
14,10,3,17,7,70,4.9,2,7.0,7,5.67,ECE,4,39.17,FAIL
20,9,6,15,15,74,4.5,0,9.3,4,6.57,MECH,2,53.71,D
12,8,4,18,18,77,3.5,4,6.0,7,5.05,CSE,2,41.42,FAIL
13,6,6,11,16,76,0.9,3,8.6,7,5.73,CSE,3,42.52,FAIL
13,10,3,13,17,81,3.1,5,10.0,6,5.06,MECH,4,41.69,FAIL
17,8,2,13,12,87,1.7,1,7.3,6,5.2,CSE,1,49.95,FAIL
8,7,5,7,18,80,2.7,3,6.2,7,4.34,CSE,4,34.24,FAIL
12,10,4,14,12,81,4.1,1,5.8,7,5.32,ECE,4,45.86,FAIL
10,8,4,13,14,51,4.7,2,9.0,3,5.35,CSE,2,39.46,FAIL
14,11,5,9,15,75,7.6,4,8.9,5,4.62,ECE,2,43.36,FAIL
10,11,3,12,11,82,2.9,0,9.2,4,6.08,ECE,1,47.14,FAIL
20,12,4,21,10,85,5.5,0,7.0,7,5.84,CSE,3,59.89,D
14,7,3,10,15,64,4.6,0,8.6,4,5.05,CSE,4,43.82,FAIL
16,11,4,15,12,65,6.6,2,6.9,3,5.66,CSE,2,45.76,FAIL
18,9,5,11,11,66,5.2,2,5.7,7,4.09,CSE,4,41.01,FAIL
11,6,3,11,14,83,2.0,2,8.7,6,4.79,ECE,1,39.42,FAIL
16,9,3,10,14,90,0.6,2,9.5,9,5.76,MECH,4,45.8,FAIL
14,8,6,13,14,68,4.6,3,5.5,3,4.63,MECH,4,43.38,FAIL
18,12,3,11,15,88,2.9,3,5.4,4,5.29,MECH,3,47.42,FAIL
13,6,3,10,13,76,2.0,1,7.1,7,4.1,MECH,1,41.07,FAIL
11,9,5,16,14,73,1.5,1,8.4,2,5.46,ECE,4,48.9,FAIL
14,11,5,10,9,71,4.3,3,5.3,8,4.99,ECE,3,37.63,FAIL
15,9,3,20,17,86,7.0,1,7.3,3,6.4,ECE,4,57.25,D
12,9,3,12,15,79,3.2,1,6.1,6,5.24,ECE,2,43.9,FAIL
18,16,3,17,25,100,5.2,2,8.1,1,7.07,ECE,1,65.82,C
11,4,5,13,13,62,3.8,2,5.8,5,4.52,MECH,3,37.53,FAIL
10,7,5,8,12,82,1.4,2,8.2,2,4.92,ECE,1,40.07,FAIL
6,9,5,15,14,67,5.5,1,6.8,9,4.51,MECH,2,40.48,FAIL
11,7,3,7,8,61,1.8,4,5.6,3,4.05,CSE,3,28.51,FAIL
15,9,4,14,18,74,4.0,0,7.1,3,5.45,ECE,2,52.01,D
14,9,3,9,12,77,3.3,1,4.1,6,4.7,MECH,3,43.89,FAIL
23,14,3,18,16,100,5.8,3,6.2,4,6.18,MECH,2,63.3,C
6,7,4,6,6,72,1.9,2,7.5,6,4.02,ECE,1,29.2,FAIL
17,8,2,10,11,58,4.8,2,4.3,4,4.79,MECH,2,35.97,FAIL
21,10,1,12,13,79,2.3,1,3.1,3,5.49,ECE,2,49.87,FAIL
15,10,5,11,15,43,3.0,1,3.5,5,4.39,CSE,2,44.04,FAIL
9,8,2,14,9,73,0.0,2,9.0,3,4.12,CSE,1,38.02,FAIL
17,12,5,14,15,75,8.2,2,6.9,6,5.61,CSE,4,50.87,D
12,6,4,13,16,86,5.1,1,6.2,7,4.93,MECH,3,42.97,FAIL
12,9,6,12,11,89,2.5,2,8.4,6,5.35,MECH,4,41.6,FAIL
16,5,1,16,9,67,1.8,0,6.4,6,4.42,ECE,4,39.97,FAIL
17,10,6,14,18,72,3.0,1,7.4,1,6.34,ECE,2,54.56,D
16,12,4,15,9,63,5.4,2,7.0,4,5.3,ECE,4,42.62,FAIL
6,4,4,11,8,58,0.2,2,6.3,5,4.48,CSE,1,29.95,FAIL
9,12,3,11,14,79,3.7,3,7.4,8,4.98,ECE,2,37.03,FAIL
17,9,4,16,15,55,7.5,1,8.2,4,5.71,MECH,2,48.44,FAIL
13,10,5,16,20,68,1.7,1,6.7,1,5.06,ECE,1,54.23,D
12,10,3,11,13,60,4.2,0,6.3,3,5.44,CSE,1,44.44,FAIL
22,15,4,19,15,83,8.4,2,6.5,4,5.77,CSE,4,58.25,D
19,13,5,18,16,100,5.3,1,3.6,1,6.6,ECE,1,66.71,C
9,6,1,8,15,55,4.3,1,7.4,7,4.93,MECH,1,28.73,FAIL
6,9,3,16,9,47,5.0,0,5.2,2,4.81,ECE,4,36.48,FAIL
15,3,4,16,13,73,3.2,5,7.9,6,5.48,ECE,3,35.36,FAIL
14,8,6,12,18,75,6.6,2,6.9,3,5.96,CSE,3,45.68,FAIL
13,8,3,11,12,78,3.2,1,7.2,8,5.3,ECE,3,42.16,FAIL
10,3,0,15,13,68,0.1,2,8.1,4,4.82,ECE,1,37.58,FAIL
17,11,4,9,8,71,3.2,2,5.6,4,4.88,ECE,4,40.94,FAIL
15,11,3,9,10,80,2.1,4,7.6,6,5.09,CSE,4,35.2,FAIL
14,10,3,10,13,90,3.4,2,7.4,3,5.43,CSE,4,44.08,FAIL
11,9,4,9,7,45,3.5,1,6.7,6,4.91,CSE,2,28.28,FAIL
16,11,5,17,12,69,6.4,4,5.6,4,6.08,ECE,4,46.98,FAIL
19,12,6,16,13,78,5.4,1,7.9,4,5.92,MECH,2,57.59,D
14,11,5,10,20,61,4.5,1,8.1,5,5.81,ECE,1,50.17,D
15,8,6,16,18,100,4.0,1,7.2,3,6.48,ECE,2,60.64,C
7,9,4,13,13,65,1.9,1,5.4,5,4.45,ECE,2,39.84,FAIL
11,10,6,9,13,74,0.0,4,6.2,6,4.93,CSE,3,39.04,FAIL
10,8,6,13,7,83,4.2,1,6.9,1,5.14,CSE,2,44.89,FAIL
14,8,4,19,14,66,5.6,1,8.0,7,5.22,CSE,2,49.54,FAIL
11,4,0,9,8,47,3.8,1,4.6,7,3.59,CSE,4,24.66,FAIL
16,9,7,17,8,68,2.9,3,6.2,1,5.2,CSE,4,47.41,FAIL
14,10,4,12,16,90,4.9,1,6.4,1,5.24,MECH,4,54.58,D
16,9,5,12,8,69,3.8,0,6.9,7,5.41,ECE,3,45.9,FAIL
18,7,5,17,13,62,7.4,0,5.0,7,4.77,CSE,2,51.69,D
17,14,5,17,16,88,6.5,1,6.7,6,6.11,MECH,3,59.56,D
21,8,4,11,12,70,5.9,1,6.5,2,5.56,MECH,4,47.24,FAIL
16,8,3,17,14,67,5.5,0,5.4,9,3.76,MECH,2,44.7,FAIL
11,9,0,13,11,77,1.4,0,6.8,3,4.86,CSE,1,44.36,FAIL
23,6,3,20,15,86,5.3,0,6.2,5,5.25,CSE,3,60.76,C
16,11,4,14,18,100,4.8,2,7.7,6,5.76,MECH,1,56.1,D
20,13,5,15,18,87,5.2,1,5.7,8,5.92,ECE,4,59.71,D
19,11,6,19,17,92,5.0,1,7.1,5,6.52,ECE,3,59.28,D
14,10,3,17,10,67,4.9,0,5.8,6,4.82,MECH,3,48.44,FAIL
18,8,5,17,14,59,9.4,3,6.1,5,4.85,ECE,4,47.48,FAIL
14,11,4,6,15,75,3.8,1,7.4,3,5.07,ECE,2,44.76,FAIL
15,8,4,13,14,76,5.9,2,7.4,1,6.14,CSE,1,45.86,FAIL
11,7,3,12,13,58,3.1,3,6.4,5,4.64,MECH,3,35.55,FAIL
10,11,5,15,11,72,5.6,4,6.6,2,4.82,CSE,3,39.54,FAIL
17,12,4,13,16,80,5.9,2,4.8,6,4.98,ECE,4,47.62,FAIL
14,8,5,14,15,80,4.7,1,9.1,5,6.27,MECH,2,48.87,FAIL
17,10,6,17,13,82,7.3,0,8.0,5,6.02,MECH,1,56.31,D
13,7,5,11,21,79,2.2,0,8.0,3,5.39,ECE,4,55.25,D
13,10,2,9,12,67,3.0,3,4.6,7,4.29,MECH,3,34.22,FAIL
12,8,3,13,5,67,4.4,1,6.1,6,4.68,MECH,3,35.0,FAIL
12,9,5,13,11,57,5.8,2,6.5,3,5.48,ECE,3,41.24,FAIL
16,11,4,11,19,100,4.4,1,4.1,9,5.13,MECH,1,51.18,D
17,8,4,16,18,75,6.6,2,8.3,5,6.04,MECH,4,50.36,D
10,9,4,15,17,71,2.7,2,9.2,2,5.76,MECH,2,46.79,FAIL
11,6,5,16,11,61,1.7,0,10.1,3,5.16,ECE,3,45.13,FAIL
20,10,7,16,19,100,4.6,2,5.4,2,6.11,MECH,3,61.79,C
18,6,5,14,10,58,3.8,1,7.2,8,4.28,MECH,3,40.48,FAIL
8,10,4,7,14,68,5.1,2,9.0,7,5.18,MECH,2,32.05,FAIL
17,8,5,14,11,81,3.9,3,6.6,6,5.85,MECH,2,42.2,FAIL
14,8,6,12,13,84,3.3,3,6.1,6,5.12,ECE,1,45.22,FAIL
12,10,3,12,6,89,3.9,0,4.2,7,4.88,ECE,2,44.1,FAIL
15,13,6,17,16,100,4.1,0,8.7,5,5.98,CSE,4,63.82,C
10,9,5,7,10,82,3.4,2,7.0,6,4.59,ECE,3,34.7,FAIL
8,10,5,7,13,59,3.6,2,5.9,3,5.03,CSE,3,33.24,FAIL
15,5,2,16,10,71,3.2,0,7.4,5,5.91,MECH,4,42.98,FAIL
19,12,3,15,14,79,5.7,2,7.2,6,5.03,MECH,3,52.99,D
18,9,4,14,26,100,4.4,0,7.3,1,6.31,CSE,2,67.78,C
15,8,6,18,13,54,8.5,2,6.7,4,5.4,ECE,4,43.75,FAIL
14,14,3,19,14,93,4.3,2,9.4,5,5.82,ECE,2,51.89,D
10,9,2,14,13,77,2.9,2,6.8,5,5.06,CSE,2,42.21,FAIL
19,11,4,14,9,87,9.3,0,9.4,4,6.82,ECE,1,50.83,D
10,7,3,17,12,73,4.8,5,7.8,6,4.71,MECH,1,32.13,FAIL
17,6,5,8,14,62,6.0,1,7.5,4,5.69,CSE,4,43.8,FAIL
14,10,8,12,16,86,5.2,1,6.8,3,5.79,CSE,4,51.14,D
11,8,4,16,17,84,5.2,0,8.5,7,4.62,CSE,2,49.18,FAIL
22,11,4,11,16,89,5.1,0,7.2,7,5.63,MECH,2,54.73,D
16,11,6,16,9,74,1.8,1,5.6,4,4.94,CSE,2,48.96,FAIL
8,5,6,18,6,66,4.7,3,5.6,5,4.53,MECH,1,33.88,FAIL
7,7,0,12,13,51,1.4,2,7.6,7,4.34,ECE,4,27.0,FAIL
12,5,3,11,11,87,3.7,2,5.6,5,4.61,MECH,4,40.53,FAIL
12,9,4,8,13,81,2.5,3,6.9,6,4.69,MECH,4,35.31,FAIL
11,6,4,8,17,60,4.7,5,8.6,6,5.08,CSE,3,30.74,FAIL
16,5,7,13,13,66,4.7,1,7.5,4,4.42,MECH,3,45.57,FAIL
13,13,3,12,7,67,5.0,1,5.9,6,4.4,MECH,1,38.79,FAIL
11,12,2,12,12,52,4.6,2,9.1,3,4.74,ECE,1,35.18,FAIL
10,6,2,16,11,62,2.8,2,7.8,6,4.82,MECH,2,38.01,FAIL
9,12,5,14,8,57,3.5,0,8.5,5,5.17,MECH,1,43.77,FAIL
11,8,4,14,16,68,5.8,2,3.6,4,4.62,ECE,3,43.21,FAIL
11,6,6,13,14,63,6.1,2,7.5,3,5.02,CSE,2,39.4,FAIL
6,8,4,7,16,50,1.7,4,8.3,5,4.62,CSE,3,24.92,FAIL
18,11,3,16,14,100,0.9,1,9.6,5,5.63,MECH,4,55.32,D
16,10,5,14,11,93,2.5,2,4.8,3,5.02,CSE,3,52.52,D
14,7,7,19,17,63,6.1,2,8.8,2,6.62,CSE,3,48.18,FAIL
20,8,7,17,15,79,6.4,0,9.5,2,6.22,ECE,3,59.09,D
14,10,2,20,16,81,2.2,2,4.0,4,4.81,ECE,1,54.26,D
12,7,5,18,15,92,4.6,1,7.7,6,5.41,CSE,1,54.35,D
10,12,3,9,13,62,7.7,0,7.9,9,5.61,MECH,3,37.97,FAIL
16,9,4,16,16,91,4.8,2,6.5,5,5.85,MECH,2,52.26,D
15,5,4,17,14,66,6.8,1,6.3,2,4.75,CSE,4,44.71,FAIL
8,5,4,10,13,54,6.0,2,8.0,5,4.8,MECH,2,29.78,FAIL
11,9,4,10,11,85,2.2,1,6.1,8,4.57,ECE,1,38.42,FAIL
17,11,4,20,15,94,3.6,0,6.7,4,5.6,CSE,1,62.64,C
21,14,7,13,14,100,4.1,0,8.2,7,5.94,ECE,4,59.75,D
12,7,5,13,12,57,4.2,1,9.6,5,4.59,ECE,4,37.24,FAIL
15,10,5,15,12,85,5.8,1,7.8,6,5.58,CSE,3,50.51,D
13,13,7,16,12,68,4.8,0,7.2,9,5.65,ECE,3,49.97,FAIL
17,7,4,11,19,86,0.0,1,6.2,1,5.27,ECE,4,54.99,D
10,5,0,7,7,52,1.4,3,5.5,7,3.73,ECE,4,17.89,FAIL
6,7,1,12,10,56,0.0,4,8.7,5,3.82,MECH,2,24.64,FAIL
15,6,3,17,7,63,4.4,1,6.8,3,4.94,ECE,3,43.33,FAIL
11,9,5,13,12,76,4.5,1,8.7,5,4.92,MECH,3,44.05,FAIL
9,8,2,13,15,65,4.6,2,6.5,8,4.53,MECH,3,39.26,FAIL
12,11,4,15,14,84,2.1,1,6.0,8,5.03,ECE,2,49.13,FAIL
14,10,9,17,11,90,5.3,4,7.6,1,6.16,CSE,3,48.49,FAIL
12,8,5,17,13,83,5.4,2,6.9,3,5.51,CSE,3,45.89,FAIL
8,12,6,17,15,99,1.5,1,5.2,7,4.1,ECE,1,52.95,D
11,10,2,9,10,81,1.1,1,9.7,5,5.65,CSE,2,39.62,FAIL
10,10,0,14,13,56,4.0,2,6.1,5,4.56,MECH,1,38.05,FAIL
14,13,3,24,19,95,7.6,0,8.4,2,6.55,MECH,2,64.19,C
16,8,6,17,9,65,7.4,1,8.3,4,5.21,MECH,2,47.1,FAIL
10,8,4,11,17,88,5.1,2,5.1,2,5.52,ECE,4,48.84,FAIL
13,8,4,19,17,98,2.5,1,5.5,2,5.35,ECE,1,57.09,D
16,8,7,14,14,81,5.8,2,6.5,2,5.15,CSE,4,51.85,D
14,9,5,12,11,52,3.1,4,5.7,3,4.25,MECH,2,37.79,FAIL
10,8,4,15,10,61,2.5,0,9.6,3,5.18,ECE,4,43.28,FAIL
16,11,6,18,13,94,0.0,0,6.7,3,5.42,ECE,3,59.15,D
11,10,4,10,13,72,4.2,4,8.3,7,4.77,CSE,3,36.24,FAIL
19,11,4,12,15,76,2.7,1,7.8,3,4.74,ECE,4,49.79,FAIL
9,11,2,15,15,86,4.2,0,7.4,8,5.01,ECE,2,47.11,FAIL
10,9,3,10,12,85,0.0,3,7.1,4,5.4,CSE,4,39.23,FAIL
14,6,4,16,12,79,4.3,1,8.9,6,4.94,ECE,1,46.57,FAIL
7,11,3,10,11,71,0.0,1,5.8,6,4.42,ECE,4,34.79,FAIL
12,11,6,15,14,70,6.2,0,9.6,3,5.51,ECE,3,50.31,D
17,11,7,14,16,87,5.0,3,5.1,4,6.06,CSE,1,51.0,D
14,9,9,15,6,83,3.4,2,8.2,4,5.26,ECE,1,43.19,FAIL
14,5,8,12,11,71,5.1,2,4.9,6,5.28,ECE,4,38.3,FAIL
14,10,6,14,20,91,2.0,1,6.5,5,5.74,CSE,1,55.5,D
7,8,2,15,16,73,4.1,0,7.1,4,6.06,MECH,4,43.9,FAIL
12,4,6,10,13,62,5.6,3,6.3,5,4.39,CSE,1,35.61,FAIL
7,5,5,3,10,63,0.0,3,6.7,6,3.65,CSE,3,21.15,FAIL
10,8,4,13,13,60,3.1,1,4.9,9,4.77,CSE,3,36.53,FAIL
9,10,2,13,14,70,4.0,3,5.5,5,5.47,CSE,4,40.08,FAIL
16,7,5,13,18,93,3.6,3,7.7,5,5.29,ECE,1,47.34,FAIL
13,5,5,11,13,62,6.9,2,7.0,6,3.61,CSE,3,33.88,FAIL
9,8,4,15,7,77,1.8,4,6.0,3,5.11,ECE,2,32.51,FAIL
12,9,3,18,9,65,2.8,1,9.0,2,4.59,MECH,2,46.78,FAIL
15,5,3,5,8,71,0.2,2,5.2,4,4.15,CSE,3,32.26,FAIL
13,7,6,14,20,52,7.0,0,6.5,7,4.96,MECH,2,47.75,FAIL
6,9,5,11,13,71,3.5,2,6.2,7,4.95,CSE,2,33.63,FAIL
13,8,7,19,19,72,3.1,3,7.9,1,6.32,MECH,4,51.43,D
14,5,6,10,13,83,3.9,1,7.1,6,5.07,MECH,2,43.68,FAIL
21,10,4,14,15,78,5.3,2,6.8,1,5.32,ECE,2,53.68,D
9,4,5,12,12,57,4.7,0,4.2,6,5.01,CSE,3,38.56,FAIL
18,13,8,15,17,91,9.3,1,8.3,6,6.41,ECE,1,58.75,D
11,9,5,12,11,78,4.9,0,6.7,2,5.46,ECE,2,45.97,FAIL
15,8,5,12,13,77,3.1,0,7.2,7,4.98,MECH,2,48.03,FAIL
11,5,1,12,9,74,2.9,2,5.9,8,4.46,CSE,4,33.9,FAIL
4,7,3,5,13,67,3.2,2,5.6,5,5.16,CSE,2,28.24,FAIL
12,7,4,13,12,78,1.0,1,9.2,5,5.96,MECH,3,44.29,FAIL
12,14,2,15,15,82,4.1,2,4.3,8,4.42,MECH,4,44.38,FAIL
13,6,4,16,10,48,5.6,2,5.4,3,5.12,CSE,3,35.06,FAIL
12,9,6,12,11,66,2.8,2,9.2,3,4.54,MECH,2,38.14,FAIL
14,6,4,13,11,71,2.4,0,8.0,3,4.68,MECH,3,45.79,FAIL
15,11,7,12,15,78,7.0,2,6.5,5,5.89,MECH,4,46.41,FAIL
14,9,5,13,16,92,1.1,2,8.9,5,5.35,ECE,4,49.2,FAIL
9,6,5,6,4,63,0.0,2,7.7,4,4.08,ECE,3,24.32,FAIL
10,7,3,11,6,67,1.7,3,7.3,4,4.9,CSE,4,27.17,FAIL
13,8,3,19,11,67,0.9,2,7.3,4,5.23,MECH,3,45.01,FAIL
14,10,5,16,18,62,4.8,4,7.7,4,4.5,CSE,2,45.99,FAIL
14,7,2,17,15,69,3.3,4,7.8,3,6.15,MECH,4,38.04,FAIL
14,7,6,16,20,86,3.6,2,10.3,3,6.19,CSE,1,51.82,D
11,8,1,13,17,59,6.3,1,6.7,1,5.84,MECH,1,42.43,FAIL
14,9,3,15,9,81,2.6,0,6.8,5,5.13,CSE,3,50.0,D
10,8,5,12,13,49,5.6,2,5.1,1,5.97,MECH,1,35.0,FAIL
15,13,3,21,12,66,7.0,0,6.9,7,5.68,CSE,3,50.3,D
13,11,3,15,10,70,3.1,0,9.8,4,5.18,CSE,3,49.25,FAIL
20,10,3,20,12,100,5.5,3,8.5,5,6.41,MECH,2,53.48,D
16,11,5,11,9,70,3.5,2,6.2,4,4.71,CSE,4,44.34,FAIL
2,8,5,10,13,41,5.8,1,7.0,5,4.64,MECH,3,26.5,FAIL
9,5,3,7,11,45,0.9,4,5.1,8,4.45,MECH,2,21.48,FAIL
6,8,7,8,13,75,0.7,2,5.5,2,5.15,CSE,2,38.16,FAIL
18,9,4,19,12,84,3.2,1,7.2,2,5.94,MECH,2,54.34,D
14,7,2,16,12,80,2.2,1,6.3,5,5.6,CSE,3,46.77,FAIL
17,7,2,12,10,77,3.0,2,5.4,4,5.34,MECH,2,42.63,FAIL
15,10,4,12,18,92,3.6,2,7.7,6,5.06,ECE,3,50.56,D
10,9,5,19,16,66,5.4,2,6.9,6,5.94,MECH,4,48.06,FAIL
11,9,8,16,10,88,3.2,0,4.6,3,5.59,ECE,4,52.13,D
10,6,1,9,11,50,2.4,2,3.9,6,4.39,CSE,1,28.66,FAIL
14,7,3,15,9,61,3.3,2,6.1,3,4.98,ECE,2,40.35,FAIL
11,9,4,16,12,47,2.5,3,4.6,5,4.78,CSE,1,36.13,FAIL
14,7,4,11,15,70,2.1,1,4.2,3,5.76,ECE,1,42.75,FAIL
10,8,3,10,3,74,0.8,0,8.7,5,4.76,ECE,2,32.62,FAIL
18,6,4,14,21,76,4.1,1,6.9,5,5.77,MECH,3,50.48,D
13,7,2,14,16,75,2.9,2,6.6,3,5.25,MECH,1,42.48,FAIL
12,5,3,12,10,61,5.9,2,6.7,2,4.44,MECH,2,34.08,FAIL
11,10,1,5,10,72,1.1,1,5.3,7,3.71,CSE,4,35.62,FAIL
10,8,5,8,13,52,2.9,1,7.6,4,4.99,MECH,1,34.88,FAIL
17,11,7,18,12,95,7.6,0,6.8,7,6.35,MECH,4,56.61,D
14,5,4,17,14,70,2.1,1,5.9,4,5.16,CSE,2,44.18,FAIL
15,5,4,13,14,67,3.5,0,6.1,8,4.99,ECE,4,43.91,FAIL
19,12,5,19,19,98,1.6,2,5.2,3,6.68,CSE,2,62.5,C
9,7,2,11,7,56,1.3,2,6.4,8,4.39,MECH,3,26.51,FAIL
14,6,2,13,14,58,7.1,4,6.6,5,5.08,MECH,2,32.91,FAIL
10,5,3,9,15,58,4.3,3,6.4,6,4.69,ECE,1,30.48,FAIL
17,13,5,16,12,73,4.3,1,7.1,3,6.24,CSE,1,53.41,D
8,10,5,15,13,81,0.6,2,6.9,6,4.16,CSE,3,43.62,FAIL
16,11,5,12,13,86,4.7,2,7.3,7,5.97,ECE,3,48.16,FAIL
20,12,5,19,16,100,6.3,0,8.4,4,6.24,MECH,2,63.74,C
12,7,4,10,6,41,6.3,1,7.9,1,4.89,ECE,3,33.49,FAIL
15,7,5,15,7,84,5.3,1,8.4,3,5.17,MECH,3,43.49,FAIL
12,10,2,10,15,66,1.7,0,5.7,3,5.56,ECE,1,43.16,FAIL
6,7,1,12,15,66,4.6,1,6.2,6,4.5,ECE,2,38.32,FAIL
12,10,3,11,15,65,5.3,0,8.0,4,5.41,ECE,4,47.94,FAIL
10,5,5,13,6,61,0.4,0,8.0,4,4.19,ECE,2,36.01,FAIL
14,11,6,16,18,100,1.8,1,6.0,4,6.4,ECE,1,59.89,D
17,9,7,21,16,87,5.8,2,7.9,8,5.52,CSE,2,59.02,D
9,9,4,14,15,75,5.8,2,5.6,5,4.61,MECH,2,42.52,FAIL
7,10,4,10,14,95,0.9,0,7.7,5,5.08,ECE,2,47.18,FAIL
15,8,0,9,11,52,5.6,1,7.0,4,5.74,MECH,2,33.77,FAIL
10,11,0,15,11,55,4.2,0,4.9,5,4.13,ECE,2,39.91,FAIL
12,6,4,9,10,42,5.6,2,6.3,3,4.7,CSE,3,27.63,FAIL
11,9,4,10,13,64,2.7,2,10.3,6,5.65,CSE,3,39.2,FAIL
17,12,1,19,17,77,5.3,0,7.3,3,5.81,MECH,3,58.78,D
18,12,4,13,12,76,5.7,0,10.5,6,5.08,CSE,4,48.63,FAIL
17,9,6,16,15,77,3.3,1,4.8,4,5.15,ECE,2,50.45,D
9,8,4,12,11,53,4.0,1,8.1,7,4.62,ECE,1,36.28,FAIL
11,8,3,7,12,87,2.7,1,3.2,9,4.52,MECH,1,40.8,FAIL
17,13,1,18,16,78,7.3,0,7.0,5,6.16,MECH,3,55.7,D
20,11,5,11,16,85,3.8,1,7.9,8,5.3,ECE,1,50.83,D
6,8,2,6,9,46,2.2,4,8.3,7,4.28,MECH,1,20.54,FAIL
10,12,5,6,13,79,2.6,3,5.8,2,5.22,ECE,2,39.61,FAIL
15,9,5,9,18,57,4.3,1,8.6,5,5.57,ECE,3,42.29,FAIL
11,8,5,12,15,69,5.5,3,6.2,6,4.73,MECH,1,41.72,FAIL
13,8,4,11,14,83,1.3,0,6.8,6,3.82,ECE,2,45.86,FAIL
13,10,4,16,20,76,7.7,0,6.4,5,5.51,ECE,3,55.21,D
14,8,5,15,13,62,4.6,1,5.3,5,5.04,CSE,3,42.14,FAIL
12,8,3,9,21,75,4.9,2,9.4,5,5.35,MECH,2,43.3,FAIL
8,8,5,4,12,52,3.8,3,7.1,5,4.46,CSE,2,27.17,FAIL
16,11,4,23,11,92,4.0,0,8.6,3,5.73,ECE,3,63.11,C
9,7,7,13,12,71,3.7,0,8.6,5,5.25,ECE,3,43.26,FAIL
17,11,4,17,10,91,6.0,3,5.5,2,5.3,MECH,2,48.46,FAIL
13,12,5,9,17,67,4.0,1,8.8,4,5.65,MECH,3,47.03,FAIL
8,6,4,14,12,67,5.5,2,7.8,4,4.08,MECH,1,35.83,FAIL
13,11,1,15,11,63,3.1,1,5.4,4,5.08,MECH,2,43.32,FAIL
16,8,6,10,16,88,4.4,0,7.7,3,5.94,MECH,3,55.13,D
4,8,2,13,11,64,2.4,2,5.5,6,4.78,ECE,4,28.18,FAIL
14,6,4,16,12,84,6.4,1,9.4,4,5.07,ECE,3,46.57,FAIL
12,9,4,5,19,69,2.3,1,8.2,4,5.25,CSE,4,41.64,FAIL
11,6,2,11,11,45,3.4,3,6.9,2,4.54,ECE,1,29.4,FAIL
8,6,3,12,14,66,3.4,0,8.9,4,6.04,CSE,1,41.27,FAIL
12,6,5,12,11,57,3.3,1,4.6,7,4.5,ECE,2,36.81,FAIL
14,12,2,15,9,75,5.4,1,5.9,7,4.49,MECH,2,44.46,FAIL
7,8,4,11,5,57,3.4,0,6.6,6,3.78,MECH,4,32.22,FAIL
12,11,5,15,20,88,6.8,0,10.4,4,5.95,CSE,4,58.2,D
10,9,5,11,11,73,2.4,0,5.4,6,5.11,CSE,4,39.59,FAIL
14,11,5,15,7,72,4.3,1,4.4,4,5.61,CSE,3,46.37,FAIL
10,12,3,13,9,84,2.4,1,4.8,4,5.18,MECH,3,41.96,FAIL
11,10,6,11,17,89,4.8,2,8.4,4,5.87,CSE,2,46.31,FAIL
19,9,3,13,15,74,4.0,1,6.1,7,4.73,MECH,3,50.07,D
12,9,6,11,10,63,3.7,2,6.8,7,4.7,CSE,1,37.83,FAIL
12,9,4,13,17,48,6.4,0,8.1,5,5.69,MECH,1,41.47,FAIL
9,7,3,10,7,64,2.7,0,6.8,8,4.33,CSE,1,35.2,FAIL
12,12,4,13,18,65,5.2,1,7.3,6,5.42,CSE,3,49.14,FAIL
18,8,3,10,7,76,2.5,3,7.8,6,4.76,ECE,4,37.1,FAIL
16,6,4,16,15,69,4.2,0,6.4,5,5.57,MECH,3,49.38,FAIL
21,3,5,12,14,85,1.6,1,6.8,2,5.67,MECH,3,51.71,D
14,10,3,13,15,65,2.7,0,7.4,3,5.57,ECE,2,46.89,FAIL
12,9,3,13,9,74,3.8,1,8.3,5,6.23,CSE,3,42.13,FAIL
16,9,6,12,14,92,7.6,4,5.8,5,4.6,ECE,1,47.81,FAIL
15,10,6,13,17,80,4.2,1,2.5,6,5.15,MECH,3,49.14,FAIL
18,15,4,18,12,74,7.3,1,8.0,4,6.03,CSE,2,53.17,D
12,11,4,16,18,65,4.4,1,8.4,5,5.44,MECH,3,48.79,FAIL
18,8,6,14,6,65,3.2,4,7.3,5,5.06,ECE,1,38.22,FAIL
10,11,5,11,9,62,7.1,2,7.4,5,5.49,CSE,1,35.56,FAIL
14,7,6,13,11,66,4.9,0,6.2,5,5.23,ECE,4,44.19,FAIL
14,11,6,15,17,86,2.7,0,7.8,2,6.09,ECE,1,57.81,D
13,8,5,17,19,71,4.9,1,8.3,1,6.19,ECE,1,52.63,D
12,8,3,13,9,54,3.4,2,7.1,3,4.92,CSE,2,36.78,FAIL
18,10,3,12,15,100,0.0,1,10.7,4,5.58,ECE,4,53.81,D
16,8,3,16,19,79,5.9,2,4.7,3,5.51,MECH,4,54.03,D
13,7,4,14,14,53,6.2,2,7.2,5,4.87,ECE,1,37.17,FAIL
9,6,7,17,22,68,7.7,1,5.2,7,6.04,ECE,4,51.36,D
16,8,2,13,11,76,4.8,2,8.3,6,4.74,MECH,3,39.28,FAIL
14,12,5,13,19,100,3.5,3,4.6,6,5.68,MECH,3,53.18,D
14,12,1,11,10,58,5.7,1,5.0,7,5.05,CSE,2,36.41,FAIL
18,13,7,22,16,89,5.7,2,6.1,3,5.55,CSE,1,64.96,C
18,11,4,14,18,95,7.3,0,7.4,4,6.32,CSE,3,62.68,C
7,9,7,19,14,65,3.9,0,6.1,6,5.44,MECH,3,47.0,FAIL
17,8,5,18,9,70,3.7,4,6.1,4,4.92,MECH,1,41.22,FAIL
18,8,6,8,11,59,2.6,2,6.7,4,5.44,CSE,1,37.11,FAIL
16,11,2,12,11,71,5.1,2,6.6,9,5.4,CSE,1,40.11,FAIL
9,6,0,10,9,74,0.9,1,9.2,5,4.67,CSE,4,29.97,FAIL
17,12,4,12,14,84,5.6,1,8.0,9,4.74,MECH,1,49.93,FAIL
15,11,5,14,13,91,5.2,1,6.5,1,6.11,ECE,1,56.52,D
12,6,5,15,10,63,5.2,2,10.1,4,4.92,MECH,3,40.86,FAIL
12,5,5,9,10,45,4.3,2,7.7,6,3.17,CSE,4,28.58,FAIL
16,10,4,16,15,74,7.1,0,5.5,5,5.19,MECH,4,53.4,D
10,13,5,17,22,79,5.7,1,7.4,1,7.03,ECE,4,56.93,D
13,10,4,12,13,78,2.8,2,7.8,5,4.98,MECH,4,46.32,FAIL
15,7,4,9,17,70,2.8,4,6.0,10,4.54,CSE,1,36.56,FAIL
9,7,2,14,8,76,2.2,1,5.4,5,5.21,ECE,1,37.27,FAIL
19,14,2,19,10,97,5.1,1,7.1,6,5.68,ECE,4,54.79,D
7,8,4,9,11,80,2.0,2,6.5,4,4.94,CSE,3,33.84,FAIL
15,8,3,18,14,69,6.2,1,9.2,5,6.2,MECH,1,50.11,D
16,8,6,15,12,67,6.6,1,8.1,5,5.51,MECH,3,44.56,FAIL
11,4,0,8,10,72,2.2,2,6.0,7,4.59,ECE,4,26.71,FAIL
19,7,4,11,18,99,3.6,2,7.6,7,5.91,MECH,2,50.24,D
8,7,2,12,11,72,4.0,2,8.9,6,4.72,CSE,4,32.08,FAIL
15,7,3,11,15,74,5.8,1,4.9,5,4.57,ECE,2,46.24,FAIL
14,7,3,17,17,67,7.2,1,5.5,2,4.79,MECH,4,46.1,FAIL
11,11,6,13,16,91,0.6,1,7.0,2,5.69,ECE,2,55.29,D
16,12,9,13,14,100,3.4,1,7.1,5,5.54,ECE,2,57.72,D
14,7,2,13,13,81,3.5,1,6.9,7,5.47,ECE,1,44.67,FAIL
16,11,2,11,15,76,1.2,2,6.5,8,4.55,MECH,3,43.18,FAIL
14,8,3,13,17,75,3.0,2,6.5,3,4.56,CSE,1,48.66,FAIL
12,7,2,14,12,39,4.9,1,7.6,2,4.77,MECH,1,34.66,FAIL
13,8,5,11,17,86,3.4,1,8.7,7,5.77,ECE,2,46.02,FAIL
12,7,2,13,14,77,0.9,2,6.3,3,4.85,ECE,3,43.63,FAIL
17,17,7,15,17,81,9.7,1,10.7,2,7.31,ECE,2,58.92,D
13,6,4,16,13,64,4.5,1,9.9,4,5.22,ECE,2,40.82,FAIL
18,10,5,9,15,69,4.2,5,9.0,4,5.77,CSE,3,38.37,FAIL
9,5,3,14,14,68,1.8,0,7.9,8,3.7,CSE,2,41.31,FAIL
11,6,6,18,15,90,4.5,1,10.0,7,5.56,MECH,3,48.07,FAIL
14,5,5,10,9,69,3.7,0,6.6,4,4.91,CSE,3,40.92,FAIL
14,9,3,10,11,100,0.2,3,5.8,8,4.1,MECH,3,39.33,FAIL
18,5,5,8,13,81,1.9,2,6.2,5,5.54,ECE,3,44.96,FAIL
14,5,6,6,9,55,5.6,2,5.5,7,4.35,ECE,2,29.0,FAIL
14,11,2,13,17,73,7.9,1,7.2,8,4.99,ECE,1,44.17,FAIL
15,11,1,15,17,65,4.7,2,7.4,4,5.89,ECE,1,44.34,FAIL
13,8,5,15,4,42,6.2,1,7.3,6,4.83,ECE,2,33.68,FAIL
17,8,6,15,20,98,3.7,2,7.0,4,6.13,ECE,2,55.7,D
5,6,6,12,14,85,3.8,1,7.2,7,4.36,CSE,2,41.62,FAIL
13,7,5,11,15,82,6.2,0,9.6,5,5.49,MECH,3,46.78,FAIL
18,11,8,16,18,77,7.3,3,7.9,7,6.6,CSE,2,51.3,D
17,10,8,14,8,54,6.6,1,8.4,8,5.38,ECE,2,40.37,FAIL
9,6,5,12,9,67,1.9,1,7.3,6,4.18,CSE,4,34.45,FAIL
13,11,5,14,16,87,3.9,1,4.6,5,5.31,MECH,1,54.94,D
10,10,4,14,13,59,4.6,3,4.3,5,4.18,CSE,2,34.61,FAIL
11,8,4,12,11,37,3.5,1,10.1,1,5.78,CSE,2,38.3,FAIL
14,5,4,11,12,71,4.8,1,6.2,4,4.11,ECE,3,42.33,FAIL
12,9,5,16,14,72,5.6,0,6.1,7,5.21,MECH,4,48.74,FAIL
17,12,8,17,16,77,6.0,1,7.4,7,5.46,MECH,1,56.49,D
20,9,4,15,22,85,7.4,3,7.8,4,5.47,ECE,3,53.52,D
13,8,4,19,9,84,3.3,3,8.0,5,5.27,ECE,1,40.86,FAIL
12,11,4,14,10,78,1.3,5,9.7,5,5.39,ECE,2,37.84,FAIL
15,6,5,15,14,92,4.7,1,9.3,6,4.88,ECE,2,48.5,FAIL
10,8,4,11,13,52,7.8,3,5.8,9,4.05,MECH,3,30.75,FAIL
13,8,2,15,14,82,3.0,1,8.5,6,5.2,MECH,1,45.71,FAIL
10,9,5,17,11,84,5.4,1,6.4,4,5.19,CSE,3,49.03,FAIL
15,11,4,12,13,56,5.4,3,6.8,5,4.75,CSE,4,37.98,FAIL
16,6,3,11,12,52,4.4,3,5.4,8,4.32,MECH,3,30.15,FAIL
10,8,5,8,12,63,4.0,0,4.5,2,4.57,ECE,1,40.92,FAIL
7,10,5,9,10,65,2.2,3,7.0,4,4.85,CSE,4,34.36,FAIL
15,5,2,10,13,86,0.0,3,5.6,6,4.83,ECE,4,40.71,FAIL
10,9,6,12,15,65,1.8,2,8.4,8,4.97,CSE,1,42.21,FAIL
9,6,1,7,13,62,3.2,3,6.6,6,4.08,CSE,4,24.6,FAIL
13,6,3,7,10,65,6.2,1,7.5,4,5.12,ECE,4,33.13,FAIL
12,9,4,11,12,91,3.8,2,9.1,6,5.91,CSE,4,44.7,FAIL
13,7,4,13,13,75,3.0,2,4.8,6,4.01,CSE,3,42.56,FAIL
8,8,1,17,10,72,2.2,2,5.9,6,4.77,ECE,3,37.22,FAIL
10,8,8,17,10,73,5.3,0,7.3,5,5.37,CSE,3,46.64,FAIL
11,9,2,11,13,94,6.7,3,7.5,5,4.68,ECE,1,39.8,FAIL
14,6,7,11,12,63,6.1,3,8.7,3,5.36,CSE,4,35.98,FAIL
10,9,4,14,15,94,5.2,4,8.3,10,5.54,MECH,4,40.98,FAIL
18,5,4,7,11,78,1.0,0,7.1,5,4.8,CSE,2,41.38,FAIL
11,8,0,12,7,72,3.3,1,7.5,6,4.77,ECE,4,37.07,FAIL
12,10,7,19,19,100,7.9,1,7.5,5,6.31,MECH,4,58.51,D
10,13,4,10,15,59,6.2,3,4.8,7,5.24,MECH,3,38.58,FAIL
14,9,5,8,12,69,0.9,2,6.8,2,5.25,ECE,4,39.89,FAIL
16,4,1,14,13,56,3.9,1,7.4,2,4.78,CSE,4,42.11,FAIL
14,8,6,11,16,89,4.7,2,7.7,5,4.92,MECH,4,49.4,FAIL
15,11,2,12,11,100,2.5,0,5.6,9,5.23,ECE,4,46.64,FAIL
7,8,4,5,12,100,0.0,2,5.1,7,4.22,ECE,3,37.4,FAIL
19,7,2,18,16,93,4.2,0,6.6,3,5.49,CSE,4,58.8,D
14,7,7,17,14,72,2.4,0,10.0,6,5.24,ECE,2,52.67,D
14,10,5,12,17,69,2.4,2,5.8,4,5.44,CSE,3,44.87,FAIL
12,8,6,12,13,49,3.3,1,8.8,6,5.33,MECH,3,40.18,FAIL
17,11,4,17,16,100,3.7,0,9.4,6,5.83,CSE,4,62.65,C
11,8,4,15,16,82,4.0,1,7.1,7,4.89,MECH,3,48.6,FAIL
14,5,3,11,14,67,2.2,0,6.0,2,4.43,CSE,4,46.26,FAIL
19,9,5,15,17,94,3.6,0,7.8,2,6.9,ECE,2,59.97,D
10,8,2,9,14,60,0.5,1,7.3,5,4.35,ECE,4,35.69,FAIL
14,14,4,14,15,81,4.6,0,5.7,3,5.81,ECE,4,54.72,D
5,8,5,12,10,72,0.0,1,6.0,3,4.85,CSE,4,36.6,FAIL
8,11,6,10,16,84,3.4,1,7.7,6,5.04,ECE,2,43.7,FAIL
16,8,3,18,12,74,5.8,0,8.4,3,5.48,MECH,3,48.4,FAIL
11,5,3,14,13,53,1.9,2,6.5,10,3.26,ECE,3,30.85,FAIL
18,10,3,13,14,76,5.4,1,6.9,4,6.05,MECH,2,52.82,D
12,11,7,14,13,90,6.3,2,8.0,4,5.94,MECH,2,48.76,FAIL
19,8,2,9,10,74,0.0,2,6.7,6,5.28,MECH,2,41.62,FAIL
17,15,6,13,17,86,3.7,2,6.6,2,5.43,CSE,4,55.43,D
7,7,4,14,7,59,0.0,2,5.9,6,4.02,CSE,3,31.15,FAIL
12,10,3,10,10,74,3.8,1,5.8,6,4.38,CSE,4,37.5,FAIL
8,9,3,13,12,65,4.0,1,11.0,4,5.36,ECE,3,39.99,FAIL
9,3,3,10,3,86,0.0,2,6.7,6,4.17,MECH,3,26.54,FAIL
18,11,6,10,20,75,7.8,1,9.0,6,6.0,CSE,3,52.1,D
15,12,6,13,10,85,4.6,2,9.5,8,5.49,MECH,4,44.12,FAIL
19,12,8,14,18,91,2.3,2,6.7,10,5.52,CSE,3,55.68,D
11,10,7,20,19,85,6.9,3,7.6,3,5.3,MECH,3,53.06,D
13,6,5,8,15,79,0.4,3,7.2,2,5.76,ECE,1,38.76,FAIL
6,6,3,12,10,60,1.5,3,4.6,5,3.86,ECE,1,26.06,FAIL
16,5,3,12,11,74,0.0,0,4.7,1,5.04,CSE,2,45.75,FAIL
14,11,5,13,18,67,7.6,4,7.1,6,4.82,MECH,4,41.28,FAIL
13,10,6,10,20,69,4.7,2,6.4,5,5.22,MECH,3,48.65,FAIL
12,7,5,16,6,69,5.3,2,9.8,6,4.18,CSE,4,38.41,FAIL
9,9,4,13,14,60,4.6,0,6.6,4,4.71,ECE,2,44.8,FAIL
15,11,3,12,11,45,5.1,1,9.9,6,5.0,ECE,2,40.83,FAIL
14,10,4,13,20,64,4.2,1,6.3,6,5.73,ECE,2,47.47,FAIL
13,12,5,15,14,77,4.5,1,9.9,5,4.55,MECH,4,47.68,FAIL
14,6,6,10,10,54,4.2,0,7.8,2,5.2,MECH,2,38.99,FAIL
10,10,4,17,10,75,2.8,2,7.8,5,4.88,CSE,2,42.14,FAIL
19,6,6,20,13,100,3.9,1,6.2,9,4.25,ECE,3,58.82,D
19,13,6,13,8,90,4.5,0,7.9,5,5.1,ECE,3,54.55,D
16,12,4,20,12,99,4.2,1,9.5,5,5.74,CSE,4,60.65,C
11,7,3,10,8,80,1.0,0,6.8,8,4.86,ECE,1,39.64,FAIL
15,7,7,10,6,92,1.3,1,6.5,4,5.31,ECE,2,44.22,FAIL
16,7,5,10,14,64,6.2,1,6.6,7,4.36,MECH,3,44.17,FAIL
16,7,4,12,13,65,3.4,4,9.4,4,4.36,ECE,3,40.09,FAIL
12,7,2,10,13,33,5.2,0,8.3,7,4.66,CSE,2,32.04,FAIL
14,9,1,15,10,92,1.8,1,9.2,7,5.2,MECH,4,47.45,FAIL
16,9,5,16,17,98,1.1,0,7.5,4,6.25,CSE,3,61.8,C
6,10,4,10,11,66,2.3,1,7.1,4,4.75,ECE,1,36.12,FAIL
12,5,5,10,10,71,3.6,0,7.6,7,5.5,CSE,1,38.54,FAIL
14,10,4,13,12,63,2.7,5,8.6,1,5.64,CSE,4,36.03,FAIL
9,11,4,12,12,80,6.6,0,6.6,4,6.11,MECH,2,45.71,FAIL
16,10,5,16,10,91,4.4,1,9.1,6,5.9,ECE,3,51.13,D
11,10,6,15,11,48,7.7,2,7.5,4,5.52,ECE,3,39.8,FAIL
17,7,5,5,10,81,4.8,3,3.4,5,3.92,ECE,2,37.58,FAIL
10,6,1,15,14,70,0.0,2,8.3,1,5.03,CSE,4,42.54,FAIL
13,9,4,13,12,76,6.1,1,5.1,3,5.18,MECH,3,46.59,FAIL
13,8,3,15,16,81,1.0,1,8.3,6,5.62,MECH,4,45.69,FAIL
13,8,6,11,16,72,4.5,4,8.4,3,5.04,MECH,3,39.33,FAIL
15,10,4,11,13,73,2.5,3,7.5,2,5.18,ECE,2,45.43,FAIL
15,11,7,21,14,71,8.3,1,7.8,7,5.95,MECH,3,51.4,D
17,11,6,12,14,89,6.9,1,8.6,6,6.07,ECE,4,53.99,D
16,9,3,12,11,81,2.5,0,6.3,3,5.35,CSE,4,46.2,FAIL
14,9,3,15,17,78,3.7,1,8.2,5,5.91,CSE,3,48.09,FAIL
15,10,3,5,15,55,4.5,1,8.7,3,5.38,ECE,1,41.34,FAIL
12,10,4,11,13,69,5.7,0,9.6,5,5.29,CSE,1,43.79,FAIL
14,9,2,16,14,88,4.1,1,5.3,5,4.66,ECE,3,49.65,FAIL
17,6,5,9,8,75,2.0,0,7.6,3,5.46,MECH,3,45.2,FAIL
14,11,3,13,11,84,2.6,0,5.6,6,4.59,ECE,3,48.96,FAIL
9,11,2,16,16,100,4.0,1,5.5,7,5.23,ECE,2,49.16,FAIL
18,12,3,18,15,90,6.5,4,7.5,6,6.31,CSE,3,53.7,D
10,12,3,10,10,76,4.9,2,7.1,6,5.14,CSE,1,37.84,FAIL
9,9,5,13,9,67,2.5,1,8.7,2,5.1,ECE,3,38.09,FAIL
11,6,5,6,5,36,5.3,1,6.5,8,4.1,ECE,3,20.59,FAIL
10,7,3,12,9,72,3.2,1,6.8,5,4.91,CSE,3,39.13,FAIL
10,8,5,16,16,70,5.8,2,7.3,3,5.06,MECH,3,45.18,FAIL
18,12,5,15,22,80,9.1,0,5.7,5,6.66,ECE,1,61.67,C
10,10,0,14,17,72,3.3,5,5.9,6,4.58,ECE,4,34.15,FAIL
10,11,5,14,14,70,5.6,1,8.7,6,5.76,ECE,4,46.96,FAIL
11,3,3,12,9,48,2.5,5,6.2,3,4.09,CSE,1,25.5,FAIL
15,10,1,6,15,60,3.8,1,8.8,7,5.14,CSE,3,38.09,FAIL
17,9,7,18,10,82,4.1,2,7.9,5,5.53,MECH,4,52.4,D
12,9,6,9,12,100,3.6,1,4.7,6,5.33,ECE,1,48.65,FAIL
18,12,3,13,14,73,8.9,0,7.8,3,6.15,MECH,2,51.65,D
12,10,5,17,18,79,3.4,3,7.8,7,5.31,MECH,4,50.02,D
11,7,9,15,14,89,5.2,1,7.6,5,5.58,CSE,2,48.85,FAIL
7,7,3,8,13,62,0.1,2,6.8,7,4.16,ECE,1,30.96,FAIL
7,7,6,18,13,80,4.9,1,5.6,2,5.87,MECH,2,49.57,FAIL
10,10,3,13,10,63,6.3,1,9.0,2,5.19,CSE,1,38.81,FAIL
8,6,3,10,18,87,2.9,2,6.8,5,4.66,CSE,4,41.08,FAIL
11,7,6,14,11,77,0.0,2,5.7,8,4.4,CSE,4,41.51,FAIL
13,7,5,12,10,79,3.9,3,7.7,9,3.94,CSE,2,38.66,FAIL
6,6,5,7,6,63,4.0,4,5.9,3,4.22,CSE,3,20.67,FAIL
19,7,5,14,14,85,5.4,1,5.6,5,6.35,ECE,4,48.9,FAIL
17,10,7,16,24,100,8.0,0,6.4,5,6.92,CSE,1,69.45,C
8,7,3,7,10,59,3.2,2,6.0,6,4.32,MECH,1,28.27,FAIL
7,6,5,12,5,69,2.3,0,5.6,7,5.05,MECH,1,34.86,FAIL
11,8,4,13,12,78,1.7,2,8.2,3,5.82,ECE,4,40.95,FAIL
14,8,7,16,17,86,4.4,1,6.8,5,5.7,CSE,2,52.81,D
17,9,4,16,13,66,5.0,0,8.9,1,5.7,CSE,3,52.83,D
9,3,3,11,11,32,2.9,3,5.7,7,4.2,MECH,3,19.8,FAIL
15,10,2,19,18,95,5.6,1,4.4,4,6.04,MECH,2,58.95,D
17,10,7,17,15,86,4.9,0,7.2,3,6.09,CSE,2,57.98,D
11,7,1,11,8,48,4.1,1,9.8,6,4.09,MECH,3,27.06,FAIL
9,5,3,16,12,65,2.2,3,7.8,4,5.99,ECE,1,37.32,FAIL
16,11,3,18,16,98,3.0,1,11.8,8,6.93,CSE,2,57.27,D
10,6,2,9,7,96,0.0,4,7.5,3,4.43,ECE,2,34.04,FAIL
14,7,6,10,16,89,4.5,1,7.4,9,5.43,MECH,3,47.32,FAIL
12,12,3,11,12,72,4.1,0,3.8,7,5.65,CSE,4,45.68,FAIL
12,11,2,15,17,76,4.4,1,7.6,8,5.54,MECH,2,45.21,FAIL
19,11,2,14,19,73,5.0,0,7.3,3,6.02,MECH,2,53.69,D
13,8,6,14,12,91,4.8,3,6.4,9,4.45,CSE,3,45.06,FAIL
14,7,3,12,13,61,3.8,2,6.8,3,5.48,CSE,3,40.61,FAIL
12,11,4,10,11,62,4.1,4,6.9,5,5.08,ECE,2,34.73,FAIL
16,9,5,5,9,90,1.2,2,6.7,8,5.21,MECH,4,38.38,FAIL
12,6,5,8,10,74,2.8,0,10.1,6,4.74,CSE,1,41.58,FAIL
18,8,5,20,15,95,4.1,1,6.4,3,5.23,ECE,2,57.36,D
3,8,5,14,13,64,2.5,2,7.3,7,4.57,ECE,1,35.37,FAIL
14,8,2,11,19,74,5.7,3,6.4,6,5.05,ECE,4,41.74,FAIL
12,10,3,10,10,61,2.7,1,8.2,4,4.9,MECH,3,41.05,FAIL
15,9,6,12,11,75,4.4,2,7.3,2,5.34,ECE,3,45.15,FAIL
8,5,6,14,14,52,4.2,1,6.6,6,4.54,MECH,3,34.98,FAIL
10,12,7,15,4,67,5.5,1,4.1,5,4.62,MECH,3,41.38,FAIL
9,6,2,15,9,53,5.8,2,7.4,5,5.01,ECE,1,33.33,FAIL
16,7,5,11,18,85,5.4,2,6.5,2,5.12,MECH,2,51.07,D
15,8,5,18,10,85,0.0,1,6.9,4,5.26,ECE,3,48.18,FAIL
7,9,3,11,10,49,6.4,1,5.2,6,4.83,CSE,4,28.48,FAIL
16,8,6,18,16,95,7.1,1,9.1,9,5.17,MECH,4,52.5,D
14,12,8,17,18,100,3.0,1,8.3,5,6.37,ECE,3,61.45,C
18,7,3,8,13,75,4.5,0,9.1,8,4.77,MECH,3,41.21,FAIL
14,13,2,11,12,65,2.2,1,8.7,7,5.35,ECE,3,39.21,FAIL
13,10,5,14,13,100,0.1,0,7.9,5,5.47,CSE,1,54.09,D
11,5,3,9,11,55,2.5,2,5.3,3,5.15,CSE,1,29.39,FAIL
17,7,5,9,11,75,2.9,0,9.8,3,5.64,ECE,2,44.58,FAIL
13,10,4,12,10,77,3.3,3,5.6,6,5.21,MECH,1,37.52,FAIL
10,8,4,19,19,95,2.1,1,6.6,4,5.92,MECH,2,53.07,D
19,9,4,16,13,80,2.5,1,8.1,4,6.28,CSE,3,53.89,D
16,13,4,12,13,67,4.0,2,8.1,5,5.7,MECH,3,48.4,FAIL
10,9,3,12,14,60,2.5,1,7.9,5,5.03,MECH,2,36.64,FAIL
14,9,5,8,6,69,5.1,2,6.4,7,4.3,ECE,3,32.31,FAIL
9,11,3,11,6,59,5.4,3,6.1,4,3.87,MECH,4,30.36,FAIL
14,9,3,10,16,75,8.8,1,10.8,7,5.92,MECH,2,45.7,FAIL
13,9,6,10,13,66,6.3,1,6.9,6,4.85,MECH,1,39.75,FAIL
13,7,3,14,7,52,4.5,1,6.8,2,4.75,MECH,2,38.54,FAIL
15,8,7,12,8,93,2.8,1,5.9,6,5.17,ECE,4,47.34,FAIL
17,9,4,13,10,67,4.6,1,7.4,1,5.89,CSE,1,46.77,FAIL
13,7,2,11,13,55,4.7,0,7.3,3,4.82,MECH,3,37.25,FAIL
17,7,4,18,15,72,3.0,1,7.0,6,5.37,CSE,1,47.49,FAIL
20,9,4,3,15,76,5.6,1,7.6,5,5.49,ECE,1,47.49,FAIL
11,5,3,8,5,48,1.2,2,9.6,1,5.01,ECE,2,27.93,FAIL
14,11,4,22,11,79,3.5,1,6.1,3,6.29,CSE,3,55.39,D
13,7,3,17,13,59,5.1,3,7.1,1,5.52,CSE,2,38.54,FAIL
10,12,7,17,15,100,3.4,1,6.0,2,5.8,MECH,2,54.76,D
14,11,4,15,12,82,3.6,2,7.4,6,5.51,ECE,3,47.57,FAIL
12,10,8,13,13,69,3.7,0,6.1,4,5.96,CSE,1,50.64,D
9,6,5,7,12,63,2.3,1,6.2,5,4.67,ECE,3,36.66,FAIL
14,10,4,13,21,73,6.3,2,4.8,5,5.46,ECE,4,47.61,FAIL
7,8,5,12,16,84,2.0,2,7.1,5,5.09,MECH,3,43.47,FAIL
13,9,3,17,12,74,4.6,3,7.6,7,5.08,MECH,4,38.93,FAIL
14,6,6,14,13,71,4.8,2,9.8,5,5.27,MECH,1,44.04,FAIL
7,8,6,12,11,75,2.1,1,7.7,7,4.57,ECE,3,39.81,FAIL
18,10,5,12,13,65,4.1,2,6.3,1,6.22,MECH,2,46.54,FAIL
12,10,3,9,15,69,2.2,2,5.0,7,4.19,CSE,2,39.6,FAIL
15,5,4,6,15,43,6.8,1,5.2,2,4.27,MECH,1,36.28,FAIL
15,6,3,14,14,89,1.7,0,5.1,3,5.28,CSE,2,49.26,FAIL
15,11,2,10,19,79,2.7,2,9.8,4,6.02,ECE,4,48.73,FAIL
16,5,4,10,10,63,1.6,1,7.4,7,5.13,CSE,2,37.87,FAIL
17,12,2,16,15,100,1.3,2,6.1,3,4.88,ECE,2,55.29,D
22,13,4,17,20,76,7.2,0,5.6,4,6.14,MECH,2,62.51,C
14,10,5,15,16,59,5.1,2,5.7,3,6.13,CSE,1,47.53,FAIL
11,6,7,17,19,87,4.3,3,6.1,6,4.96,MECH,1,47.79,FAIL
10,8,3,15,15,80,2.7,1,9.0,6,5.17,CSE,1,46.13,FAIL
11,9,3,13,13,80,5.8,2,7.0,8,4.63,MECH,1,41.19,FAIL
14,8,5,6,9,68,2.4,1,4.8,10,5.08,CSE,2,32.79,FAIL
22,10,5,13,13,81,5.6,2,10.5,6,5.03,MECH,2,53.8,D
16,6,4,11,14,71,2.3,3,5.3,6,4.43,CSE,4,39.49,FAIL
14,11,2,14,17,83,2.7,3,6.1,3,5.71,ECE,3,45.62,FAIL
13,8,5,6,5,46,5.5,1,9.0,9,4.27,CSE,4,27.02,FAIL
11,10,1,14,11,68,5.7,1,7.6,5,4.85,ECE,1,39.09,FAIL
15,10,5,18,18,100,5.2,1,6.3,4,5.85,MECH,4,57.37,D
9,9,6,11,13,63,1.9,2,5.2,6,5.62,CSE,1,36.96,FAIL
9,3,4,13,9,65,3.1,2,5.5,4,4.73,MECH,1,35.26,FAIL
15,9,4,11,18,68,4.3,0,5.6,1,5.27,ECE,3,53.87,D
14,10,1,10,12,56,2.3,0,7.0,6,3.97,ECE,4,38.7,FAIL
15,9,3,17,18,41,6.7,2,7.3,8,4.8,MECH,1,39.64,FAIL
16,9,7,10,10,71,0.0,1,6.8,6,4.95,MECH,2,42.04,FAIL
14,9,3,9,7,77,2.4,0,6.9,5,4.74,CSE,4,43.66,FAIL
13,11,5,15,13,74,3.0,1,5.4,5,5.17,ECE,2,47.1,FAIL
9,6,2,10,17,72,0.0,3,7.4,5,4.4,MECH,2,34.29,FAIL
12,9,3,8,11,75,1.2,1,8.9,5,4.11,MECH,3,39.35,FAIL
11,11,2,13,18,90,5.3,2,6.8,5,5.87,CSE,1,46.4,FAIL
13,10,4,15,16,72,4.1,2,6.7,5,6.16,MECH,4,48.48,FAIL
11,11,3,13,9,66,7.1,1,7.1,8,4.54,ECE,2,39.82,FAIL
19,8,7,19,12,70,7.1,1,8.7,6,5.66,CSE,1,53.99,D
11,9,4,17,14,83,4.9,3,5.7,5,6.0,MECH,2,44.69,FAIL
18,6,4,18,15,96,4.6,0,9.2,6,5.77,MECH,3,55.72,D
13,6,5,11,14,65,4.1,5,7.6,6,4.28,CSE,3,32.22,FAIL
12,6,3,12,9,76,0.0,1,7.0,7,4.56,MECH,4,35.42,FAIL
12,9,4,14,7,80,1.2,0,8.8,3,6.08,MECH,4,45.99,FAIL
7,8,3,17,9,60,4.2,3,5.2,4,4.6,CSE,4,35.14,FAIL
16,11,3,16,13,75,5.2,1,7.8,3,5.75,ECE,2,51.01,D
13,4,3,6,15,53,4.6,2,7.6,7,4.17,ECE,4,29.99,FAIL
11,6,3,9,7,48,2.2,2,5.6,6,4.16,CSE,2,28.62,FAIL
15,8,3,16,6,80,5.9,1,7.7,2,6.11,ECE,2,42.41,FAIL
11,7,3,14,12,69,7.0,0,7.4,6,5.46,MECH,4,40.16,FAIL
12,10,6,16,14,78,5.9,1,6.7,8,4.95,ECE,2,48.12,FAIL
16,10,5,13,8,74,6.0,2,8.3,5,5.79,CSE,4,42.44,FAIL
9,9,4,12,13,60,2.9,1,6.1,6,4.92,CSE,1,40.69,FAIL
12,11,4,18,16,74,6.2,2,7.4,6,5.76,ECE,2,46.37,FAIL
8,7,4,8,12,56,4.3,4,6.8,2,5.0,MECH,2,29.4,FAIL
17,12,1,12,17,95,5.0,0,6.1,5,5.34,MECH,1,56.66,D
15,7,2,19,12,54,4.7,2,7.8,8,5.64,CSE,4,37.36,FAIL
17,6,5,12,11,72,3.8,0,6.7,4,5.25,ECE,3,47.8,FAIL
4,7,2,13,8,59,2.3,4,4.8,7,4.12,MECH,4,24.41,FAIL
16,9,4,16,11,83,3.8,4,4.3,5,4.34,CSE,3,43.68,FAIL
17,7,5,10,20,70,6.0,2,8.2,4,5.1,ECE,4,45.1,FAIL
15,6,2,9,9,67,3.1,1,5.2,5,4.43,ECE,3,35.58,FAIL
16,11,4,16,18,87,5.8,2,7.4,4,6.04,ECE,2,54.88,D
15,10,4,12,11,75,5.5,3,7.1,3,5.42,MECH,4,42.55,FAIL
14,7,4,15,14,82,3.4,1,6.4,4,5.33,MECH,2,48.93,FAIL
10,7,2,14,13,60,6.8,1,9.9,5,4.83,CSE,2,39.37,FAIL
9,6,4,13,2,53,3.3,1,7.3,5,5.42,CSE,2,31.37,FAIL
16,6,5,15,15,76,7.0,2,8.1,4,5.45,CSE,2,45.29,FAIL
13,12,4,15,11,70,4.9,0,7.4,5,5.37,MECH,4,48.37,FAIL
16,9,3,17,8,84,4.0,2,6.7,6,4.98,MECH,3,46.32,FAIL
11,10,4,16,13,73,2.2,1,7.0,3,4.99,MECH,1,46.75,FAIL
9,8,6,14,17,78,3.8,3,9.2,4,5.16,MECH,1,44.45,FAIL
8,6,5,9,12,50,3.6,1,8.6,1,5.37,ECE,2,34.64,FAIL
12,7,6,13,17,100,1.5,4,9.9,5,5.19,ECE,2,48.24,FAIL
15,7,3,15,20,72,3.6,0,7.3,5,5.29,MECH,4,53.39,D
11,7,5,16,13,85,2.4,1,5.7,6,4.92,MECH,4,45.88,FAIL
14,6,3,16,14,62,5.2,1,6.3,5,5.34,CSE,3,41.4,FAIL
10,9,1,15,16,79,6.6,1,5.2,6,5.71,CSE,4,41.97,FAIL
11,5,4,11,13,55,1.5,2,8.2,5,4.46,ECE,2,35.27,FAIL
16,12,6,18,14,81,7.4,2,6.1,4,5.96,ECE,3,55.78,D
16,9,6,16,15,69,3.7,2,2.4,3,4.58,CSE,4,51.81,D
14,8,2,12,17,75,2.0,3,10.7,4,6.09,CSE,1,41.02,FAIL
17,11,5,16,16,85,5.5,1,6.1,3,5.53,ECE,4,56.32,D
17,5,3,9,15,56,3.1,4,6.1,5,4.53,MECH,4,32.81,FAIL
13,6,6,16,16,64,3.8,0,9.5,4,5.09,ECE,4,49.01,FAIL
17,8,2,12,9,81,3.2,3,5.2,6,4.59,CSE,1,40.44,FAIL
17,11,5,17,17,100,2.4,0,8.7,5,6.68,CSE,1,62.66,C
12,9,4,11,17,72,5.4,1,6.1,6,5.39,ECE,1,42.06,FAIL
13,11,5,12,17,83,3.4,1,5.0,6,5.04,MECH,4,51.42,D
10,9,4,18,4,73,1.1,3,9.6,5,4.83,ECE,2,36.79,FAIL
16,13,5,19,17,100,5.1,1,8.4,5,6.53,ECE,3,62.78,C
8,5,2,10,13,48,1.6,1,8.4,6,4.14,CSE,1,32.5,FAIL
11,8,3,16,15,76,1.7,3,7.6,10,4.56,MECH,4,38.97,FAIL
17,7,6,19,10,50,6.4,2,7.9,3,6.4,CSE,2,42.94,FAIL
2,3,1,7,5,37,1.6,0,5.2,5,3.49,MECH,3,14.97,FAIL
13,9,3,10,13,79,0.0,3,7.2,3,5.28,CSE,2,39.24,FAIL
15,8,4,14,14,77,5.2,1,5.6,5,5.4,ECE,4,48.35,FAIL
17,7,1,12,12,70,3.4,3,4.9,4,5.19,MECH,3,38.61,FAIL
12,9,1,13,13,73,3.6,0,7.6,5,5.03,MECH,3,44.1,FAIL
18,8,2,16,14,100,3.4,0,8.7,5,5.5,MECH,4,53.84,D
11,11,4,21,12,71,4.5,2,6.4,4,5.34,CSE,2,47.18,FAIL
12,8,5,10,15,82,2.5,1,6.7,1,5.31,MECH,2,46.38,FAIL
13,7,3,8,14,65,7.0,2,5.3,8,3.74,ECE,1,36.25,FAIL
13,8,1,9,11,79,1.0,2,7.0,7,4.31,CSE,1,33.91,FAIL
13,9,6,4,17,71,4.9,2,8.1,5,5.2,ECE,3,41.96,FAIL
14,9,4,7,11,68,5.3,2,8.2,3,5.02,MECH,3,38.07,FAIL
14,8,4,11,15,100,2.5,2,7.8,5,5.67,MECH,1,49.15,FAIL
15,3,4,16,12,92,2.0,1,6.1,6,4.73,ECE,3,49.66,FAIL
14,6,3,10,10,77,6.0,0,6.0,7,5.18,ECE,4,42.36,FAIL
10,6,5,5,12,40,2.0,3,8.2,7,5.26,ECE,4,23.79,FAIL
16,9,4,10,16,69,2.8,2,8.2,7,5.48,ECE,1,42.23,FAIL
18,16,5,19,20,100,5.8,0,6.7,2,6.49,MECH,2,73.3,B
16,8,4,13,15,71,4.1,2,6.4,4,6.08,ECE,1,43.44,FAIL
20,7,4,12,8,91,0.4,0,8.8,7,5.02,MECH,2,47.28,FAIL
11,12,6,16,19,96,7.5,1,6.5,3,6.18,CSE,3,60.59,C
9,8,1,8,18,78,2.9,1,8.1,7,4.52,CSE,2,37.98,FAIL
9,8,3,9,12,62,3.2,2,6.8,9,5.07,CSE,3,29.31,FAIL
9,7,3,9,12,38,4.5,0,5.4,7,5.15,CSE,2,32.65,FAIL
20,6,4,18,20,85,5.3,2,9.4,6,6.16,CSE,4,54.97,D
8,11,4,12,16,62,7.9,3,7.2,4,6.28,ECE,3,40.71,FAIL
11,6,4,12,9,77,0.7,4,5.9,6,3.26,ECE,3,31.25,FAIL
10,6,3,16,14,56,5.7,0,4.9,2,6.29,MECH,1,43.37,FAIL
14,10,3,9,16,71,5.5,3,5.1,3,5.26,CSE,3,40.2,FAIL
16,11,4,16,18,75,3.7,1,6.4,4,6.4,CSE,2,56.34,D
19,12,7,16,10,79,5.6,1,9.9,5,6.63,MECH,3,52.9,D
13,8,4,18,15,58,5.9,3,6.1,4,5.5,ECE,2,41.13,FAIL
13,9,3,11,14,92,1.2,2,9.2,6,5.16,ECE,4,44.99,FAIL
8,8,4,16,12,66,7.5,1,6.8,7,5.32,CSE,4,40.36,FAIL
15,2,0,10,12,49,0.9,2,5.2,4,3.28,MECH,4,28.17,FAIL
13,8,4,7,14,73,1.7,2,6.3,5,5.28,MECH,3,35.85,FAIL
12,4,4,15,7,75,3.5,4,5.1,4,3.78,CSE,3,31.16,FAIL
18,10,5,13,17,77,7.8,3,5.7,5,5.45,ECE,1,50.87,D
15,10,5,17,19,95,3.4,1,5.7,6,6.07,CSE,3,60.32,C
14,7,3,12,10,71,3.9,1,4.1,7,5.0,ECE,1,40.41,FAIL
16,13,6,13,14,73,6.9,1,9.3,6,4.88,MECH,3,49.52,FAIL
6,6,3,8,10,58,3.4,1,7.3,6,4.06,ECE,4,26.73,FAIL
15,9,3,11,13,87,1.6,1,6.0,2,5.05,ECE,3,46.51,FAIL
20,8,3,15,13,77,3.2,2,7.3,3,5.42,CSE,2,51.66,D
20,12,4,19,14,68,6.7,2,5.7,3,5.93,CSE,3,54.2,D
15,6,3,7,12,46,4.1,1,3.0,6,4.45,ECE,3,33.07,FAIL
23,9,5,16,18,96,7.9,2,11.4,2,6.33,CSE,1,61.39,C
9,9,4,14,15,56,5.5,2,7.3,6,5.25,CSE,4,39.31,FAIL
10,5,4,13,15,66,2.7,1,6.1,6,5.04,MECH,4,39.79,FAIL
12,8,6,16,19,80,4.1,2,4.1,1,5.67,ECE,2,53.01,D
23,7,4,16,10,57,2.3,2,4.8,3,5.84,ECE,2,48.47,FAIL
12,6,3,6,15,52,2.7,2,9.5,7,5.0,CSE,2,32.42,FAIL
12,10,4,15,18,43,13.0,1,9.3,6,6.29,CSE,3,41.39,FAIL
14,11,5,20,18,85,6.0,0,8.1,3,6.92,ECE,3,59.57,D
15,10,3,14,15,66,5.7,0,5.3,3,5.71,CSE,4,51.52,D
11,9,4,12,15,100,2.8,3,9.3,1,5.9,ECE,2,47.59,FAIL
20,10,5,11,10,60,7.1,1,7.7,8,5.68,ECE,2,41.12,FAIL
16,7,5,13,16,61,6.2,2,8.0,5,5.1,MECH,2,41.08,FAIL
14,6,4,12,15,66,7.8,4,7.7,9,4.68,ECE,4,32.7,FAIL
12,7,10,21,16,78,7.7,2,4.7,5,5.06,ECE,4,52.77,D
8,7,4,11,7,67,1.0,0,5.2,6,5.03,ECE,2,32.33,FAIL
14,10,1,11,13,84,1.8,2,6.2,7,5.14,CSE,3,39.52,FAIL
12,7,4,15,13,60,2.0,2,8.0,8,4.98,MECH,1,39.4,FAIL
7,6,5,10,16,54,2.1,1,4.9,6,4.56,MECH,1,37.7,FAIL
11,7,3,14,12,48,4.6,2,6.7,5,4.81,ECE,2,31.75,FAIL
10,4,1,15,5,41,2.9,3,6.7,5,4.52,ECE,1,21.24,FAIL
18,7,2,20,17,67,8.1,0,8.2,3,6.18,ECE,3,52.27,D
21,8,4,16,18,70,7.8,3,8.0,4,5.49,CSE,2,51.11,D
5,5,2,13,10,65,4.0,0,5.5,5,4.21,ECE,4,35.62,FAIL
19,16,5,21,12,93,7.9,1,9.2,8,5.74,MECH,3,60.89,C
15,15,5,14,23,93,7.0,0,5.3,4,6.14,ECE,1,61.8,C
13,12,6,8,12,69,3.1,2,8.6,7,4.63,MECH,3,39.56,FAIL
10,4,4,16,8,48,0.0,0,6.2,5,5.14,MECH,2,33.1,FAIL
14,12,3,9,15,66,3.6,1,7.2,7,5.02,ECE,4,41.69,FAIL
8,6,3,19,9,66,2.7,0,7.3,6,4.85,MECH,2,37.87,FAIL
15,11,5,10,9,65,4.4,3,7.3,6,4.68,CSE,1,36.51,FAIL
13,9,4,10,12,64,4.2,0,8.0,7,5.37,CSE,2,41.62,FAIL
16,5,4,14,12,65,4.1,2,7.6,7,4.27,CSE,3,41.2,FAIL
18,12,6,9,12,69,5.0,2,8.2,7,5.29,MECH,1,43.58,FAIL
11,10,2,18,12,65,1.6,0,7.7,9,4.16,CSE,1,40.84,FAIL
16,7,6,19,15,78,4.8,2,5.1,8,4.94,CSE,1,50.63,D
16,10,4,18,13,80,3.1,1,7.4,6,5.38,ECE,1,52.82,D
15,4,0,7,11,61,4.4,2,6.2,4,4.42,MECH,2,28.65,FAIL
18,9,3,18,17,94,5.9,3,5.3,6,4.72,CSE,3,53.05,D
7,6,2,14,12,60,1.6,0,6.6,1,4.49,CSE,3,36.14,FAIL
12,6,5,12,8,50,3.4,3,7.3,7,4.91,ECE,2,29.89,FAIL
10,13,4,17,18,80,3.8,2,7.4,3,5.71,CSE,1,54.22,D
10,5,3,13,14,62,3.0,0,8.6,7,4.58,ECE,2,38.37,FAIL
14,10,7,12,14,79,5.8,1,9.0,9,6.3,MECH,3,47.13,FAIL
12,8,2,9,6,38,2.6,2,7.5,2,5.29,ECE,3,30.0,FAIL
15,8,4,15,16,95,2.9,1,7.8,5,6.08,MECH,2,54.55,D
13,7,4,9,14,85,2.6,1,7.1,3,5.08,MECH,1,47.24,FAIL
17,11,4,16,15,52,6.2,1,8.2,2,5.95,CSE,4,47.24,FAIL
14,10,4,15,15,52,3.0,2,7.7,5,4.88,CSE,3,42.39,FAIL
16,9,6,17,15,100,4.9,1,6.9,6,5.35,ECE,2,55.88,D
17,11,3,20,16,63,8.0,1,10.2,7,5.54,CSE,3,52.49,D
13,10,1,12,13,62,3.9,3,6.2,5,4.33,CSE,1,38.49,FAIL
18,7,4,12,10,41,6.2,0,9.2,2,4.96,MECH,1,39.03,FAIL
13,10,1,12,16,69,7.3,2,5.0,5,4.74,CSE,2,43.36,FAIL
13,9,5,16,20,71,6.1,1,8.2,2,6.29,MECH,4,53.59,D
16,7,6,7,14,85,4.0,1,9.2,2,5.89,ECE,1,44.94,FAIL
8,7,5,17,6,54,5.3,2,4.1,3,4.38,ECE,3,35.62,FAIL
9,6,3,11,8,52,1.4,0,7.2,7,4.5,ECE,4,31.88,FAIL
14,7,7,16,13,81,2.4,1,8.1,6,5.15,MECH,2,48.08,FAIL
13,9,2,18,10,90,2.8,1,7.4,6,5.81,CSE,3,45.44,FAIL
13,9,7,16,13,51,8.5,1,7.6,3,5.61,MECH,1,43.81,FAIL
12,9,3,10,13,91,2.4,1,7.2,4,4.72,MECH,3,45.84,FAIL
11,10,4,2,14,75,2.3,1,5.4,2,4.89,MECH,4,39.6,FAIL
10,10,4,19,16,91,1.9,2,10.6,8,4.74,CSE,3,52.12,D
17,9,6,14,15,73,5.1,0,6.2,9,5.12,MECH,4,49.05,FAIL
15,6,2,10,10,37,4.3,1,7.7,6,4.99,ECE,3,29.22,FAIL
16,11,7,12,12,72,6.2,3,6.0,6,4.46,CSE,3,46.14,FAIL
18,10,1,13,15,90,5.3,0,3.6,5,5.28,ECE,3,52.62,D
10,6,3,12,14,61,1.2,1,5.6,2,5.32,MECH,3,38.49,FAIL
11,7,4,10,12,69,2.4,2,4.8,3,4.09,MECH,2,35.68,FAIL
12,6,6,15,15,72,6.7,0,8.6,4,5.53,CSE,2,46.97,FAIL
9,5,1,8,13,31,3.6,1,6.1,4,4.29,CSE,1,28.41,FAIL
18,11,3,20,17,100,6.4,1,6.2,4,6.55,CSE,3,59.27,D
8,6,6,14,15,61,3.7,1,5.4,5,5.0,MECH,3,40.89,FAIL
14,10,5,12,12,82,2.1,0,7.1,3,5.7,MECH,1,52.01,D
11,10,1,13,9,73,3.4,1,5.9,9,4.89,CSE,1,39.87,FAIL
15,13,4,11,15,93,2.1,0,8.5,2,5.6,CSE,4,57.14,D
14,8,3,16,9,81,2.9,4,7.5,7,5.85,CSE,1,35.64,FAIL
14,8,6,18,12,71,4.4,1,6.1,4,4.86,ECE,3,49.09,FAIL
13,6,3,13,13,61,5.0,2,8.3,6,3.7,MECH,3,37.82,FAIL
7,8,3,11,13,86,0.8,1,7.0,6,4.04,MECH,2,39.32,FAIL
10,3,3,8,15,46,4.0,2,7.0,5,4.58,MECH,4,30.45,FAIL
11,8,7,15,11,84,2.8,1,4.8,3,5.06,MECH,2,48.09,FAIL
14,8,5,9,8,58,2.7,2,6.9,4,4.53,CSE,3,32.13,FAIL
20,9,6,15,17,93,4.3,2,7.5,5,5.73,CSE,2,59.37,D
14,8,5,16,12,77,2.9,1,9.0,5,5.91,MECH,4,48.54,FAIL
17,13,5,14,17,84,6.8,0,5.9,3,6.05,MECH,2,61.99,C
11,10,3,16,12,76,6.4,4,10.4,8,5.89,MECH,3,38.54,FAIL
13,10,5,9,11,48,6.4,3,7.8,1,4.91,MECH,4,36.14,FAIL
10,10,3,10,10,62,3.0,1,4.7,4,4.43,ECE,2,34.92,FAIL
18,10,2,12,14,85,2.1,3,5.7,3,5.58,MECH,2,43.88,FAIL
13,9,4,18,14,77,4.2,2,9.1,5,5.54,MECH,1,45.28,FAIL
13,13,5,16,16,92,3.7,1,8.9,7,5.74,MECH,1,53.14,D
10,4,6,12,15,81,2.8,2,7.0,2,5.78,CSE,1,42.85,FAIL
11,3,4,9,11,60,1.6,2,7.2,10,4.22,CSE,3,26.81,FAIL
11,10,3,16,12,63,3.9,2,5.3,5,5.57,CSE,1,40.63,FAIL
16,13,5,8,14,76,3.2,1,9.0,6,4.96,MECH,1,49.48,FAIL
12,8,0,8,14,40,5.4,3,5.5,2,4.42,MECH,3,29.44,FAIL
15,10,5,12,12,100,5.3,1,8.3,5,5.11,CSE,1,51.86,D
18,9,4,16,13,81,6.2,2,9.0,7,5.98,CSE,3,51.39,D
18,10,2,14,15,93,1.5,1,7.1,5,4.98,CSE,3,52.34,D
9,11,2,12,15,51,4.8,1,8.5,5,5.6,CSE,4,40.03,FAIL
13,11,7,15,14,93,2.5,2,9.8,5,5.79,ECE,3,54.33,D
20,10,5,10,16,100,1.6,0,7.4,2,5.57,MECH,4,61.79,C
8,9,4,8,10,55,3.1,3,6.7,2,4.44,MECH,2,29.61,FAIL
18,11,6,18,16,86,6.1,1,6.9,7,5.91,CSE,3,58.07,D
16,9,3,8,12,75,3.3,2,5.9,7,4.77,MECH,1,39.07,FAIL
13,10,6,12,13,51,7.1,1,5.9,7,4.95,MECH,3,38.15,FAIL
17,8,4,18,20,82,5.1,1,7.7,3,6.05,CSE,1,60.08,C
13,9,0,15,22,87,3.2,2,6.8,5,5.46,MECH,1,51.59,D
18,9,6,11,9,65,6.3,3,7.5,7,4.73,ECE,3,40.68,FAIL
14,8,0,18,14,92,4.9,2,4.8,3,5.9,CSE,1,47.29,FAIL
7,5,3,8,8,49,2.1,1,6.9,7,4.66,CSE,4,25.45,FAIL
17,8,5,14,18,52,7.7,1,8.5,4,5.65,CSE,4,45.62,FAIL
16,11,1,12,18,77,4.5,2,5.3,3,5.65,MECH,3,50.15,D
14,9,4,9,17,75,4.0,2,7.0,5,5.58,MECH,1,42.11,FAIL
11,7,3,11,10,64,2.3,3,4.2,3,4.49,ECE,2,33.55,FAIL
14,11,6,19,16,87,6.4,2,5.0,1,5.73,MECH,3,56.23,D
14,12,6,20,12,82,5.0,1,8.2,5,6.72,MECH,1,56.99,D
14,11,3,18,18,87,5.3,2,6.5,6,6.13,ECE,3,52.82,D
14,8,3,15,14,73,3.0,2,9.7,7,5.09,MECH,1,41.93,FAIL
15,10,3,18,14,84,5.7,2,7.6,6,5.9,MECH,4,46.91,FAIL
8,10,1,12,15,68,5.8,1,7.8,9,4.51,CSE,4,38.53,FAIL
12,8,3,10,13,100,2.7,2,5.4,8,4.77,MECH,1,42.7,FAIL
9,9,5,10,4,62,1.2,4,6.4,6,3.82,ECE,3,27.1,FAIL
18,9,6,19,20,100,5.2,0,5.9,6,5.78,ECE,2,65.48,C
12,7,4,14,16,75,0.9,0,5.4,7,4.61,CSE,2,48.39,FAIL
18,10,2,14,9,54,4.3,0,8.0,1,5.87,ECE,1,43.31,FAIL
12,14,2,16,16,95,3.1,0,8.3,4,5.62,MECH,4,54.19,D
18,7,6,12,21,76,6.4,2,7.6,1,6.54,CSE,2,52.2,D
16,11,6,19,10,87,3.2,0,5.8,6,5.46,CSE,2,57.86,D
19,13,6,18,12,93,6.2,1,7.5,4,7.22,MECH,4,62.66,C
12,8,5,7,13,80,3.0,3,4.1,10,5.22,CSE,1,33.42,FAIL
13,11,4,15,15,66,6.0,2,9.0,4,6.32,ECE,1,44.96,FAIL
17,9,6,18,21,89,8.1,1,5.1,5,6.23,ECE,2,63.44,C
6,6,2,13,18,75,1.9,2,5.3,4,4.42,ECE,2,37.88,FAIL
12,11,5,15,17,85,4.6,1,7.2,4,5.74,CSE,2,53.74,D
13,8,5,14,10,42,9.5,0,7.3,3,6.6,MECH,1,38.66,FAIL
16,10,6,13,16,81,4.1,0,6.9,2,5.89,ECE,2,58.03,D
14,7,5,12,12,65,4.1,0,5.3,1,4.85,ECE,1,47.15,FAIL
14,10,5,16,20,99,5.6,1,8.7,6,6.13,MECH,2,56.14,D
9,11,5,19,8,84,4.1,0,4.5,4,4.75,ECE,3,49.77,FAIL
6,4,2,9,13,78,0.6,1,4.8,9,3.79,CSE,4,31.5,FAIL
19,10,8,14,21,82,6.3,2,6.8,3,6.02,CSE,4,60.52,C
12,7,5,13,10,60,0.0,2,5.1,8,4.28,MECH,1,36.7,FAIL
16,10,5,14,18,99,3.2,2,8.8,8,5.07,CSE,1,54.95,D
20,9,4,19,18,100,6.4,2,5.2,8,5.25,CSE,4,59.9,D
18,9,4,12,6,80,3.3,0,9.3,5,4.75,CSE,1,48.53,FAIL
12,8,3,17,15,98,2.6,2,8.6,4,5.69,MECH,1,51.9,D
11,7,4,16,13,66,5.8,1,8.9,8,4.16,CSE,1,41.55,FAIL
14,11,0,16,9,63,2.3,1,9.8,3,5.08,CSE,1,44.74,FAIL
4,9,2,14,13,75,1.6,1,7.1,6,4.86,ECE,2,37.11,FAIL
12,8,4,6,8,81,4.5,0,5.5,5,4.37,ECE,3,41.28,FAIL
15,9,6,8,12,69,3.6,0,6.8,3,4.72,MECH,1,46.3,FAIL
11,6,4,13,14,83,1.5,4,6.2,6,4.84,ECE,4,39.51,FAIL
16,10,4,10,21,79,5.3,2,5.9,6,5.15,CSE,2,50.69,D
7,7,2,9,10,60,4.9,1,7.2,3,5.16,ECE,1,30.55,FAIL
14,8,3,16,16,82,3.3,2,6.5,6,5.26,MECH,4,50.37,D
12,8,1,11,10,87,3.4,3,5.9,1,4.84,MECH,3,37.6,FAIL
14,9,4,13,18,77,4.9,0,6.6,3,5.89,CSE,3,52.83,D
13,11,8,15,16,92,6.4,2,7.8,4,5.87,CSE,4,53.08,D
16,8,4,15,13,56,3.4,3,8.4,6,4.51,MECH,4,39.3,FAIL
13,8,4,16,10,82,5.3,2,4.6,7,4.13,MECH,3,43.59,FAIL
13,2,1,19,14,57,5.1,2,6.5,5,4.81,MECH,3,35.88,FAIL
19,7,6,16,11,58,5.8,3,6.8,6,5.22,ECE,2,42.11,FAIL
10,6,6,17,12,65,4.1,2,5.2,5,4.91,ECE,3,42.48,FAIL
11,8,4,9,8,60,2.2,5,6.8,6,4.66,ECE,1,27.96,FAIL
10,6,4,7,11,66,3.1,1,7.2,6,4.67,CSE,4,32.27,FAIL
11,8,3,15,14,71,4.7,2,7.8,4,5.37,CSE,2,40.14,FAIL
17,12,5,15,16,87,7.6,2,7.1,4,5.46,MECH,3,53.68,D
11,6,8,17,16,70,3.0,1,5.7,6,4.75,MECH,2,45.89,FAIL
17,8,3,10,10,51,5.6,3,10.0,9,4.58,CSE,4,33.07,FAIL
19,8,7,12,18,92,3.3,5,8.2,7,4.82,CSE,3,50.33,D
13,8,7,12,12,62,4.2,0,7.8,3,5.64,ECE,2,44.48,FAIL
10,7,5,14,19,74,7.0,3,8.5,3,5.12,CSE,1,42.86,FAIL
14,9,5,15,16,81,5.5,0,7.4,4,5.92,CSE,3,54.77,D
16,9,2,13,19,77,1.5,0,8.9,5,5.44,CSE,1,53.34,D
11,7,5,18,14,91,2.9,0,7.1,5,5.13,CSE,3,51.98,D
21,9,5,12,11,82,6.5,3,7.0,7,5.97,CSE,1,44.45,FAIL
13,12,3,14,11,62,4.3,2,8.0,8,4.5,CSE,4,39.62,FAIL
11,10,4,16,14,100,1.7,0,9.4,5,5.34,ECE,2,55.38,D
10,9,4,13,17,77,2.4,2,9.3,5,4.68,ECE,3,43.72,FAIL
12,8,5,15,9,72,5.4,0,7.9,6,5.32,ECE,2,46.28,FAIL
12,12,5,13,12,89,6.0,2,7.8,7,5.14,MECH,1,47.32,FAIL
10,11,6,9,14,78,4.0,1,8.0,6,4.89,ECE,4,44.86,FAIL
15,10,5,18,18,80,9.0,0,8.5,4,6.15,MECH,1,59.2,D
16,13,5,15,21,100,5.6,2,8.9,4,6.19,CSE,1,63.18,C
18,12,3,16,8,70,3.5,1,6.6,3,5.85,ECE,1,47.73,FAIL
14,4,4,12,11,70,2.4,2,9.0,5,5.56,CSE,4,37.31,FAIL
14,10,4,15,15,76,2.1,2,7.5,6,5.22,CSE,2,44.35,FAIL
16,8,1,18,15,91,4.7,1,8.0,6,5.53,CSE,3,50.54,D
8,9,4,13,13,52,3.0,2,9.1,7,4.43,CSE,2,33.11,FAIL
16,6,5,16,12,45,7.3,0,8.1,8,4.83,ECE,2,44.62,FAIL
13,11,8,14,18,66,6.9,1,8.4,2,5.55,CSE,3,52.34,D
10,4,2,14,9,50,5.3,3,6.4,6,4.36,CSE,2,25.13,FAIL
13,10,3,10,11,68,1.6,2,9.2,6,4.86,CSE,3,40.55,FAIL
20,8,5,11,13,82,2.7,3,8.0,5,4.85,MECH,4,45.54,FAIL
12,11,4,13,11,61,6.5,2,7.2,3,5.06,CSE,2,39.3,FAIL
6,6,2,15,12,53,2.9,3,8.7,8,4.97,ECE,3,30.17,FAIL
15,10,2,14,13,76,6.2,1,10.9,4,5.3,CSE,3,47.69,FAIL
17,13,5,17,15,87,4.9,1,5.2,1,5.28,CSE,2,60.38,C
11,8,5,9,13,49,4.1,0,5.8,5,5.22,CSE,2,36.68,FAIL
12,10,4,8,12,87,2.6,2,11.0,5,5.48,CSE,1,42.61,FAIL
11,11,5,13,16,87,3.8,2,7.6,9,5.77,MECH,1,48.29,FAIL
15,6,5,14,15,89,4.4,1,7.3,6,4.88,MECH,1,50.25,D
22,10,6,19,15,93,6.1,0,6.8,4,5.94,ECE,1,66.03,C
21,12,5,15,18,100,2.2,0,8.8,5,6.05,MECH,2,63.62,C
13,4,2,17,13,69,3.5,0,10.9,5,4.97,CSE,2,46.71,FAIL
13,11,5,16,17,76,4.1,1,6.0,9,5.58,CSE,1,51.41,D
14,7,3,12,17,68,5.3,0,6.9,6,4.93,ECE,4,44.28,FAIL
12,13,3,14,10,75,2.2,3,6.5,2,5.48,ECE,2,41.15,FAIL
12,10,3,10,19,97,1.4,3,8.1,5,5.1,ECE,4,49.53,FAIL
14,7,4,13,15,54,5.3,2,8.8,5,5.89,MECH,4,39.31,FAIL
15,9,3,11,12,62,1.0,2,9.4,3,5.16,MECH,1,39.21,FAIL
18,15,6,20,17,95,6.6,1,8.2,1,7.5,CSE,2,66.98,C
15,12,3,15,17,90,3.7,2,10.8,6,6.33,ECE,4,51.67,D
11,7,5,13,5,69,0.9,1,6.1,3,5.24,ECE,1,38.92,FAIL
15,11,3,8,9,87,3.0,0,5.7,7,4.53,CSE,4,43.77,FAIL
17,8,3,18,9,80,4.8,1,9.2,5,5.66,CSE,1,45.51,FAIL
11,12,2,15,14,97,2.9,1,7.2,4,5.48,CSE,4,48.49,FAIL
13,4,7,16,18,76,4.0,1,4.9,1,5.43,MECH,2,54.31,D
19,10,2,18,16,90,5.5,0,6.5,7,5.52,MECH,2,59.0,D
14,8,5,15,16,100,3.6,2,7.4,6,5.14,ECE,2,50.1,D
17,6,5,16,12,83,2.1,2,6.0,4,5.07,CSE,4,48.94,FAIL
15,11,3,14,13,75,3.4,1,5.5,3,5.14,CSE,2,51.16,D
20,5,5,16,9,85,6.8,2,6.7,8,4.93,MECH,2,47.04,FAIL
14,13,6,14,19,69,7.4,2,5.4,3,5.95,ECE,1,53.58,D
16,6,6,17,15,100,0.0,0,8.0,4,5.51,ECE,4,59.0,D
17,12,6,15,17,77,6.2,1,4.1,6,5.54,CSE,4,56.71,D
16,7,4,17,14,70,4.5,1,7.1,8,5.14,MECH,4,46.58,FAIL
13,4,3,9,11,62,5.8,3,7.8,5,4.4,ECE,4,28.61,FAIL
17,8,7,12,15,91,2.9,2,6.9,4,5.06,CSE,2,50.13,D
12,10,6,11,13,88,0.5,0,8.6,5,6.01,CSE,2,50.73,D
13,7,3,17,13,67,5.2,1,4.9,7,5.18,CSE,2,41.3,FAIL
7,8,4,13,15,83,2.1,1,5.9,7,4.02,MECH,4,40.77,FAIL
10,8,4,6,13,52,1.2,1,6.5,2,4.89,CSE,1,36.49,FAIL
9,11,4,9,10,77,1.4,2,8.1,5,4.62,MECH,4,37.7,FAIL
15,9,7,10,15,81,5.2,1,7.3,2,4.77,MECH,1,47.82,FAIL
20,14,5,20,20,100,4.3,0,10.2,7,6.68,CSE,2,69.51,C
15,10,4,16,8,63,5.6,0,5.8,6,4.98,CSE,2,43.63,FAIL
15,8,5,11,13,55,5.3,0,4.9,3,5.08,CSE,3,43.04,FAIL
11,9,2,4,11,61,3.2,3,9.7,8,4.17,MECH,4,24.88,FAIL
10,8,2,4,5,54,3.9,0,4.9,6,3.89,MECH,4,25.22,FAIL
10,8,6,17,11,95,3.0,1,8.0,5,4.78,CSE,3,49.29,FAIL
10,12,5,20,12,98,3.6,3,5.5,5,6.17,CSE,4,50.33,D
6,8,2,16,11,79,2.1,0,3.9,5,3.92,MECH,2,41.93,FAIL
15,12,5,16,17,93,4.8,0,6.4,4,6.52,CSE,4,58.34,D
17,13,5,8,10,77,6.2,1,8.3,4,5.25,CSE,1,47.33,FAIL
7,5,5,12,9,73,2.4,1,5.2,7,3.97,MECH,4,35.7,FAIL
12,10,6,13,14,70,6.6,1,7.9,4,5.58,ECE,4,49.31,FAIL
11,8,4,18,18,70,4.2,1,8.1,4,5.01,ECE,3,51.83,D
15,9,6,13,10,51,4.5,1,5.1,5,4.65,CSE,3,43.3,FAIL
10,6,5,11,10,78,0.6,6,6.7,8,4.08,MECH,2,25.74,FAIL
11,6,4,10,12,74,0.4,1,9.4,7,4.62,MECH,3,40.24,FAIL
15,9,3,18,19,86,4.3,2,8.0,4,5.28,MECH,1,52.57,D
19,11,7,12,15,76,5.6,3,6.6,7,5.62,CSE,2,47.13,FAIL
13,7,6,9,18,72,2.7,3,7.6,5,5.3,CSE,3,40.59,FAIL
9,4,3,15,10,61,7.3,1,6.0,3,5.58,CSE,1,33.06,FAIL
16,8,4,19,18,76,5.5,3,8.7,4,6.2,CSE,4,51.62,D
18,12,2,18,11,86,2.2,2,8.7,8,5.19,MECH,2,49.85,FAIL
13,10,2,7,11,57,4.1,2,7.2,9,4.57,MECH,2,32.06,FAIL
17,10,7,20,15,76,9.0,2,7.3,6,5.72,CSE,4,55.69,D
13,11,4,11,8,78,1.5,1,5.5,4,4.55,MECH,4,45.09,FAIL
7,7,3,15,15,64,5.1,1,5.0,5,4.56,ECE,3,36.81,FAIL
7,5,5,8,9,66,3.4,2,6.4,3,5.16,MECH,4,32.64,FAIL
18,9,6,14,13,78,5.4,1,6.9,4,6.04,CSE,3,53.02,D
18,11,6,16,13,57,6.5,2,8.6,4,5.72,MECH,2,49.45,FAIL
12,8,5,14,12,80,3.2,1,8.4,5,5.63,ECE,1,42.79,FAIL
13,9,5,12,13,61,6.2,3,7.3,5,4.69,ECE,1,35.64,FAIL
20,12,4,17,12,90,8.4,0,8.8,5,6.51,CSE,4,56.56,D
20,9,5,15,12,100,4.1,0,5.6,5,5.38,MECH,2,60.78,C
13,10,4,13,11,62,5.6,2,8.6,7,5.19,ECE,3,39.11,FAIL
16,11,1,10,11,83,2.8,1,5.8,5,5.37,CSE,1,42.62,FAIL
18,8,4,10,16,64,4.0,3,8.9,5,4.59,MECH,3,38.66,FAIL
14,11,2,16,13,90,3.6,2,7.0,5,5.54,ECE,4,47.37,FAIL
12,5,5,11,10,56,5.6,1,4.0,8,4.54,ECE,2,36.39,FAIL
13,14,5,18,17,82,6.4,0,8.1,4,6.35,MECH,3,60.69,C
8,7,3,11,15,61,3.8,0,8.2,6,4.67,CSE,4,38.35,FAIL
17,8,4,13,13,71,7.1,2,6.3,4,5.52,MECH,4,45.11,FAIL
17,11,3,17,14,59,7.1,3,6.4,6,5.2,CSE,3,45.2,FAIL
18,9,4,17,11,87,5.7,1,6.8,6,5.28,CSE,4,51.02,D
7,5,5,10,11,62,3.0,1,4.1,7,4.06,MECH,3,31.21,FAIL
12,8,2,15,12,83,2.8,0,3.5,4,4.67,CSE,2,47.27,FAIL
14,6,4,14,9,69,2.4,1,9.0,3,5.23,CSE,1,39.33,FAIL
9,9,8,14,10,73,5.9,3,5.8,3,6.35,MECH,2,37.81,FAIL
14,10,3,13,16,77,1.6,0,9.8,7,4.97,ECE,2,48.18,FAIL
19,11,4,14,16,63,5.4,0,9.1,9,5.19,ECE,2,51.05,D
16,8,5,14,14,78,1.8,2,9.4,7,5.04,ECE,1,45.74,FAIL
9,9,8,22,20,97,5.6,1,6.0,2,5.91,CSE,1,63.6,C
13,8,6,14,13,63,4.0,2,4.6,7,4.52,MECH,2,41.17,FAIL
18,7,5,19,14,92,6.7,1,5.4,3,6.31,ECE,4,58.34,D
17,13,6,13,17,97,6.3,2,6.3,4,5.94,CSE,4,57.51,D
13,8,4,21,18,62,6.9,2,3.4,5,4.88,CSE,3,49.54,FAIL
12,6,5,9,11,53,6.9,1,6.3,6,4.84,MECH,2,35.5,FAIL
6,12,4,11,12,79,4.3,1,6.7,5,4.8,CSE,3,38.51,FAIL
13,8,6,10,13,66,1.7,3,5.1,4,5.17,CSE,2,39.02,FAIL
15,8,1,13,18,100,1.9,0,5.4,7,4.86,CSE,4,50.44,D
11,12,5,10,14,75,0.0,1,6.7,4,5.51,CSE,3,43.33,FAIL
15,6,4,6,8,62,1.8,2,7.5,8,4.56,ECE,2,30.34,FAIL
8,10,0,17,13,57,4.1,2,5.7,2,5.74,ECE,3,39.22,FAIL
9,11,2,13,14,91,2.9,2,7.4,5,5.33,MECH,1,47.07,FAIL
12,6,6,6,14,66,3.6,2,7.2,3,4.84,CSE,3,38.58,FAIL
13,10,5,14,11,75,5.0,2,7.1,3,6.06,MECH,4,45.89,FAIL
17,9,5,15,10,89,3.4,1,6.0,4,5.13,CSE,3,53.49,D
10,4,6,7,11,67,1.8,2,5.0,8,4.92,MECH,1,32.98,FAIL
18,5,4,15,13,74,3.9,2,9.5,8,5.42,MECH,1,44.17,FAIL
11,4,7,14,11,74,2.2,1,7.9,7,5.6,MECH,2,38.45,FAIL
14,8,9,11,14,85,3.5,3,8.5,5,5.0,CSE,1,46.69,FAIL
10,9,7,17,16,83,6.7,1,6.9,5,6.18,CSE,1,51.78,D
11,6,4,17,17,71,3.5,1,6.8,8,4.37,MECH,1,43.79,FAIL
14,8,4,14,12,75,7.5,3,7.7,6,4.44,MECH,2,37.81,FAIL
18,10,5,13,11,69,6.9,1,4.2,5,5.62,MECH,1,47.45,FAIL
5,6,3,7,14,52,2.8,2,5.3,8,4.14,CSE,4,25.34,FAIL
12,7,4,18,11,78,1.8,2,5.8,7,5.16,ECE,2,39.84,FAIL
20,14,3,15,17,100,3.9,1,6.3,5,5.66,MECH,4,61.52,C
18,8,5,13,17,61,6.3,2,5.7,4,5.2,ECE,3,45.83,FAIL
11,11,4,16,18,63,3.0,0,7.5,4,5.74,CSE,1,48.55,FAIL
11,6,6,15,14,61,5.8,3,7.1,4,5.34,ECE,3,36.06,FAIL
10,13,6,11,12,85,6.4,2,9.1,6,5.59,ECE,3,43.91,FAIL
7,8,3,14,14,81,2.5,1,10.7,7,5.27,ECE,4,39.07,FAIL
11,14,2,11,12,72,2.6,1,5.1,2,5.17,MECH,1,46.6,FAIL
9,5,3,15,8,61,5.4,1,7.2,1,4.1,CSE,3,38.09,FAIL
20,7,3,11,17,76,4.3,2,7.2,3,5.73,ECE,4,48.52,FAIL
13,7,4,14,14,51,2.6,0,7.0,4,5.34,CSE,2,41.73,FAIL
12,7,3,7,17,77,3.3,1,5.4,7,4.77,CSE,1,39.2,FAIL
16,7,6,16,15,88,3.9,1,5.6,4,5.2,MECH,4,51.1,D
13,9,4,12,5,56,0.9,3,7.4,6,4.56,MECH,1,29.94,FAIL
17,11,6,10,19,52,5.5,1,5.6,6,5.56,MECH,3,49.97,FAIL
16,10,5,18,11,98,3.0,2,7.2,3,6.01,ECE,4,57.03,D
10,8,3,10,7,65,0.0,1,6.6,8,4.29,CSE,1,29.7,FAIL
15,12,6,8,13,92,4.0,1,7.2,4,5.46,MECH,4,48.51,FAIL
11,7,4,12,13,72,2.5,1,5.6,8,3.99,CSE,4,39.36,FAIL
13,9,6,13,14,72,7.4,2,7.2,5,5.61,ECE,2,46.45,FAIL
16,11,3,16,15,81,2.8,4,5.7,4,5.17,CSE,1,46.88,FAIL
9,9,4,14,6,61,1.8,1,7.2,3,3.92,MECH,2,33.91,FAIL
11,7,3,13,13,76,5.0,2,9.0,5,5.2,CSE,2,40.13,FAIL
12,11,7,9,15,69,2.7,1,7.4,10,5.04,MECH,2,43.19,FAIL
13,5,3,10,14,55,2.4,2,7.5,6,4.43,CSE,1,34.18,FAIL
8,9,5,15,15,80,5.0,2,8.2,6,4.22,MECH,2,46.0,FAIL
12,7,3,11,14,71,1.9,1,4.9,4,5.55,ECE,1,40.98,FAIL
9,8,3,12,9,72,1.1,2,9.6,6,4.5,ECE,3,32.4,FAIL
20,9,4,16,11,56,7.5,3,5.4,5,4.87,ECE,1,42.72,FAIL
17,16,3,20,19,98,5.2,0,8.3,5,6.49,ECE,1,65.45,C
18,6,0,15,14,88,3.5,3,8.1,6,5.04,ECE,1,41.12,FAIL
14,7,4,8,11,89,4.0,1,5.6,1,4.77,CSE,1,45.67,FAIL
15,8,1,13,17,70,5.0,1,8.5,5,5.49,CSE,3,45.31,FAIL
13,9,4,12,11,49,5.9,0,7.7,3,5.6,ECE,4,39.47,FAIL
14,9,4,15,19,100,2.5,2,9.8,5,5.56,ECE,3,51.45,D
14,5,0,6,12,74,4.7,2,7.3,4,5.34,ECE,3,33.19,FAIL
9,9,3,9,9,63,3.0,2,6.8,4,4.34,CSE,4,30.56,FAIL
13,11,4,13,11,81,3.6,1,6.2,2,5.0,CSE,1,48.08,FAIL
9,10,6,15,13,92,4.3,1,4.4,7,4.97,ECE,2,51.01,D
14,8,4,21,16,74,4.0,3,6.5,4,5.57,ECE,4,49.57,FAIL
12,11,3,18,16,94,5.5,3,6.6,4,5.87,MECH,3,49.82,FAIL
16,8,2,13,21,91,5.0,2,7.4,8,5.9,ECE,4,48.55,FAIL
12,9,3,8,11,58,1.0,2,4.9,6,5.01,CSE,1,32.32,FAIL
16,9,2,10,9,64,1.3,2,6.6,1,5.47,CSE,2,39.78,FAIL
14,7,4,11,13,89,3.3,2,7.9,8,4.39,ECE,3,39.97,FAIL
10,7,4,12,17,34,7.7,2,8.0,8,4.5,ECE,4,30.06,FAIL
10,10,4,9,12,72,2.3,4,4.2,8,4.8,CSE,1,32.26,FAIL
13,10,4,10,6,53,3.6,2,8.1,6,4.66,MECH,3,35.01,FAIL
11,7,2,10,9,67,2.9,2,6.6,3,4.28,MECH,4,36.55,FAIL
10,12,5,13,13,70,2.9,1,6.7,5,4.67,CSE,1,41.85,FAIL
12,10,1,10,6,69,4.4,4,3.5,2,3.95,MECH,3,31.17,FAIL
9,11,5,12,19,66,6.8,1,9.2,3,5.67,CSE,3,45.69,FAIL
12,7,4,10,11,58,4.9,3,7.3,3,4.87,MECH,1,30.69,FAIL
12,9,5,15,5,100,2.4,2,4.7,4,5.19,ECE,4,45.9,FAIL
19,13,5,17,27,100,9.5,0,7.6,5,7.04,CSE,1,72.65,B
17,7,2,13,15,57,4.2,2,7.5,4,4.36,ECE,1,41.33,FAIL
13,13,6,16,13,98,2.8,3,8.8,4,5.45,MECH,1,52.69,D
16,7,4,10,11,69,6.8,0,6.5,4,4.92,MECH,2,42.2,FAIL
16,10,5,17,13,76,3.1,3,7.0,8,5.36,CSE,4,46.11,FAIL
18,6,4,15,20,74,7.3,1,6.0,9,5.67,CSE,2,47.39,FAIL
13,9,8,10,12,65,2.3,0,7.9,4,5.15,ECE,3,46.67,FAIL
13,12,5,22,12,89,6.9,1,5.8,6,5.79,CSE,1,52.58,D
11,11,6,13,17,76,4.4,0,5.7,3,4.75,MECH,1,51.68,D
10,8,8,15,15,67,6.6,0,6.9,7,5.27,MECH,1,45.43,FAIL
12,7,6,13,9,55,7.8,3,5.2,4,4.64,CSE,4,34.99,FAIL
10,9,3,16,9,61,1.7,2,9.4,4,5.01,ECE,3,35.67,FAIL
9,10,4,17,12,50,6.6,1,9.9,9,4.74,ECE,4,36.95,FAIL
13,7,0,12,11,75,1.2,0,6.3,2,4.79,ECE,1,44.68,FAIL
9,3,0,11,14,57,1.9,0,4.9,1,4.79,CSE,1,37.4,FAIL
11,6,4,15,16,71,2.4,3,7.5,6,5.21,ECE,3,38.6,FAIL
12,11,4,16,18,95,5.0,1,6.3,4,6.65,ECE,2,53.59,D
16,8,3,17,19,92,4.1,0,8.8,4,6.12,MECH,4,57.86,D
14,11,4,12,15,74,3.7,2,5.8,10,5.67,ECE,3,40.78,FAIL
12,7,3,19,10,73,4.3,5,7.8,6,5.29,CSE,3,37.24,FAIL
19,11,4,21,18,100,5.2,2,7.2,5,6.76,MECH,3,59.7,D
15,12,6,20,14,82,5.3,1,6.0,4,5.74,CSE,3,55.88,D
16,10,2,13,18,70,6.2,2,7.4,6,5.43,MECH,2,48.63,FAIL
16,13,5,17,12,53,7.6,2,8.3,2,5.57,CSE,3,45.87,FAIL
16,12,5,15,15,80,4.0,0,7.1,4,5.58,MECH,3,55.19,D
19,7,6,15,12,87,3.0,3,7.1,5,5.55,CSE,1,48.93,FAIL
12,9,3,17,7,65,5.2,3,5.7,5,4.32,CSE,4,34.28,FAIL
10,9,2,10,13,79,1.7,1,8.7,5,5.52,ECE,1,42.62,FAIL
10,10,2,10,12,69,2.6,2,8.6,4,4.44,CSE,2,39.49,FAIL
13,10,4,13,17,72,6.0,0,6.4,7,5.48,MECH,2,50.62,D
8,6,5,6,13,37,3.8,3,6.8,2,5.0,CSE,2,26.44,FAIL
6,10,5,7,10,71,1.6,1,9.1,4,5.85,MECH,1,36.67,FAIL
13,7,3,12,12,89,1.0,2,5.3,4,4.62,ECE,4,45.72,FAIL
12,6,3,14,8,65,4.1,1,7.9,7,4.42,CSE,2,38.0,FAIL
21,10,6,15,13,75,6.3,0,6.2,4,6.07,MECH,4,58.88,D
19,9,6,11,14,63,6.3,4,9.7,6,4.88,CSE,1,43.53,FAIL
15,11,4,17,14,80,4.2,1,7.1,6,4.66,CSE,2,52.16,D
18,10,6,13,12,71,8.0,2,8.9,1,6.33,ECE,2,47.28,FAIL
9,4,4,6,13,60,3.8,3,5.9,5,4.75,MECH,4,26.17,FAIL
16,10,5,11,16,94,3.7,4,5.1,2,5.76,CSE,3,51.11,D
12,9,4,17,9,88,0.0,4,6.6,6,5.11,MECH,1,41.8,FAIL
13,9,2,12,12,65,3.1,1,7.4,4,5.32,ECE,3,39.81,FAIL
12,9,2,18,11,82,5.7,3,6.2,7,5.25,CSE,1,43.77,FAIL
17,12,4,20,10,83,7.1,1,8.1,5,5.89,CSE,3,56.73,D
9,9,3,8,17,84,2.3,2,6.7,3,5.32,MECH,4,43.46,FAIL
20,8,4,11,13,49,4.9,3,3.9,7,4.31,ECE,3,35.6,FAIL
20,6,4,18,15,90,6.1,3,7.8,3,5.35,CSE,1,49.93,FAIL
17,8,4,9,14,66,4.0,1,5.7,7,5.08,MECH,2,40.66,FAIL
7,7,3,7,8,69,0.0,1,6.5,6,4.96,CSE,2,32.61,FAIL
12,14,6,18,19,100,4.5,2,9.3,4,6.41,ECE,4,59.1,D
17,10,4,12,16,79,5.5,1,9.7,2,6.33,MECH,2,54.05,D
10,6,2,11,7,69,2.1,2,6.1,7,4.07,CSE,3,32.69,FAIL
14,4,0,11,10,41,3.5,3,7.9,6,3.75,ECE,3,22.38,FAIL
17,12,5,17,16,95,1.7,2,6.2,3,5.86,ECE,4,60.62,C
9,5,0,12,8,54,0.0,1,6.6,5,4.27,MECH,3,29.64,FAIL
17,7,4,17,8,59,6.1,2,6.1,7,4.95,MECH,2,40.2,FAIL
13,10,5,10,11,70,4.0,0,4.4,5,4.95,MECH,2,43.06,FAIL
18,12,5,22,21,96,7.2,2,7.1,5,6.17,MECH,4,62.23,C
19,10,5,14,18,86,5.7,0,7.4,7,5.81,ECE,1,59.03,D
10,5,3,9,13,72,3.3,3,6.0,8,4.62,CSE,3,29.63,FAIL
15,9,4,16,10,79,3.8,1,8.6,5,4.48,MECH,2,47.13,FAIL
16,11,4,16,12,65,5.1,0,6.3,2,5.74,MECH,2,49.89,FAIL
13,8,6,10,13,77,5.9,2,6.0,2,5.98,MECH,1,43.59,FAIL
19,9,4,16,14,76,4.6,1,7.8,4,4.83,CSE,1,52.02,D
14,10,3,16,16,89,6.2,1,4.7,3,5.15,ECE,2,54.06,D
11,8,5,16,19,89,3.4,1,8.4,2,6.29,ECE,1,54.84,D
11,8,4,12,9,82,2.0,1,6.4,9,5.2,MECH,2,38.45,FAIL
8,7,2,15,10,69,3.9,1,8.5,6,3.79,ECE,3,37.95,FAIL
16,7,6,20,13,86,4.4,1,8.9,4,5.99,ECE,1,54.77,D
17,9,7,14,12,73,1.6,0,8.0,5,4.86,ECE,3,49.84,FAIL
12,6,4,7,13,58,1.3,2,5.8,1,4.86,MECH,3,32.88,FAIL
18,7,5,9,11,68,4.9,0,5.1,7,4.87,MECH,4,42.47,FAIL
16,9,4,10,15,76,3.2,1,4.8,1,4.93,CSE,4,51.15,D
7,9,7,18,17,88,3.7,1,8.7,6,5.82,ECE,4,51.0,D
15,8,5,12,12,72,3.3,3,6.8,1,5.09,MECH,3,44.01,FAIL
12,9,3,16,17,56,7.0,0,6.1,4,5.6,ECE,4,48.56,FAIL
17,8,6,13,17,75,6.5,3,6.8,7,5.8,CSE,4,48.83,FAIL
12,7,4,16,10,76,1.5,1,8.6,2,4.95,ECE,2,42.38,FAIL
21,8,3,9,10,77,2.9,3,8.2,5,4.82,MECH,3,42.2,FAIL
17,10,7,15,18,88,5.7,0,7.7,6,5.71,CSE,2,61.01,C
18,12,3,16,15,90,5.2,4,8.0,6,6.4,MECH,4,51.94,D
15,9,4,14,14,66,3.9,3,7.3,5,4.74,ECE,1,42.18,FAIL
6,9,3,12,7,65,1.7,0,7.5,6,4.47,MECH,4,32.41,FAIL
15,5,1,16,15,59,2.6,1,7.3,4,5.01,ECE,3,39.89,FAIL
13,11,4,17,9,85,3.0,1,7.0,9,5.21,ECE,4,44.09,FAIL
15,10,5,14,12,96,4.6,1,8.1,2,6.38,CSE,3,51.8,D
17,11,4,15,13,70,7.4,2,7.5,7,5.4,CSE,4,43.88,FAIL
7,8,2,12,16,71,2.6,1,5.7,5,4.67,ECE,3,38.58,FAIL
17,8,7,13,18,97,1.9,2,7.8,6,5.53,CSE,2,55.62,D
11,10,0,7,13,82,3.8,1,7.4,7,3.56,MECH,2,39.06,FAIL
16,12,2,16,18,81,6.1,0,7.9,6,6.52,CSE,1,57.5,D
3,7,4,13,8,57,1.1,0,6.8,3,4.57,ECE,3,32.74,FAIL
19,15,6,17,12,85,6.9,1,8.2,4,6.08,ECE,4,61.01,C
15,7,2,15,18,61,3.7,1,6.9,2,6.22,MECH,2,47.69,FAIL
9,7,2,15,14,57,2.5,2,8.1,4,4.51,MECH,1,35.83,FAIL
10,9,5,10,10,69,0.8,2,6.3,6,5.69,ECE,3,33.52,FAIL
16,7,4,11,14,66,5.4,1,6.4,6,5.41,ECE,4,41.3,FAIL
14,7,5,12,13,71,3.7,1,7.9,6,5.3,ECE,4,42.7,FAIL
13,10,4,16,9,53,4.3,1,6.5,1,5.48,ECE,3,41.73,FAIL
11,8,3,16,9,89,2.2,3,10.3,4,5.27,MECH,3,39.75,FAIL
14,11,2,14,14,91,3.4,2,7.8,4,4.82,ECE,2,46.99,FAIL
10,5,3,14,9,45,3.0,2,7.0,2,4.21,MECH,2,32.61,FAIL
20,14,4,13,14,89,3.8,1,8.2,3,6.34,MECH,2,57.53,D
7,2,5,9,10,62,2.7,1,6.3,5,4.25,MECH,4,31.11,FAIL
9,9,5,12,11,87,0.9,1,8.4,8,4.08,CSE,2,42.36,FAIL
23,11,5,16,18,73,9.5,1,8.3,3,6.16,CSE,3,58.22,D
13,5,4,15,16,75,1.3,3,8.9,3,5.54,ECE,4,45.1,FAIL
14,8,4,19,16,72,4.4,0,6.3,4,5.24,ECE,2,50.33,D
16,5,3,13,15,93,0.5,2,5.2,6,5.14,CSE,4,48.3,FAIL
15,7,1,11,8,56,0.0,2,6.1,7,4.61,MECH,3,33.05,FAIL
11,8,5,17,12,84,4.2,2,6.6,5,5.65,ECE,4,48.38,FAIL
22,6,4,18,14,91,4.3,1,9.5,2,6.05,MECH,3,56.51,D
16,11,7,21,19,85,6.5,0,10.3,3,5.99,CSE,4,62.6,C
17,11,5,18,19,100,4.8,2,7.5,5,6.24,MECH,3,60.97,C
13,12,7,12,7,67,3.7,1,7.0,7,4.94,ECE,3,42.64,FAIL
17,10,6,9,15,89,2.1,2,6.5,9,4.37,ECE,1,49.28,FAIL
19,6,4,17,17,73,7.0,0,8.2,3,6.52,CSE,2,54.73,D
16,10,5,14,17,93,5.9,0,10.3,5,6.26,ECE,2,58.02,D
10,11,2,10,16,74,1.5,0,9.7,3,5.68,ECE,3,46.67,FAIL
12,5,3,14,14,69,4.1,2,8.7,3,5.27,CSE,1,37.75,FAIL
13,9,6,16,14,94,4.3,0,8.7,3,6.56,ECE,1,53.89,D
14,7,4,4,9,67,3.3,1,8.2,4,4.4,CSE,3,33.68,FAIL
12,8,3,21,14,53,5.5,1,6.9,3,6.0,CSE,3,43.44,FAIL
11,10,3,7,12,67,5.7,0,5.9,10,3.67,MECH,4,36.89,FAIL
17,9,5,12,15,84,3.6,2,7.0,4,4.75,ECE,4,52.29,D
17,10,4,11,22,95,3.4,2,7.6,7,5.54,ECE,2,54.19,D
16,8,7,14,18,76,7.0,5,4.8,4,5.22,CSE,1,47.73,FAIL
13,8,5,14,13,94,5.9,3,6.8,9,5.24,CSE,1,41.41,FAIL
12,7,1,9,11,54,4.1,0,5.8,6,4.32,ECE,2,32.93,FAIL
8,6,1,10,9,68,0.7,1,8.5,7,4.22,CSE,2,30.69,FAIL
15,6,4,10,14,70,4.7,1,6.2,4,5.38,ECE,3,42.81,FAIL
10,9,2,15,11,73,5.4,3,7.5,7,5.17,MECH,2,37.22,FAIL
15,8,1,13,7,76,0.0,1,5.9,6,4.96,ECE,3,37.85,FAIL
16,9,4,15,11,85,4.5,1,9.4,4,5.85,CSE,1,47.98,FAIL
12,10,5,13,4,68,3.2,2,4.4,3,4.7,CSE,3,38.68,FAIL
15,9,4,17,12,77,3.6,1,7.7,5,5.65,CSE,3,50.05,D
10,6,4,6,17,74,2.2,2,5.1,4,3.95,ECE,4,39.64,FAIL
10,8,5,14,8,61,3.7,0,6.2,7,3.32,ECE,3,36.68,FAIL
17,9,5,19,14,73,6.8,1,7.3,5,4.75,CSE,1,54.46,D
16,8,3,16,10,72,3.1,1,7.4,1,5.31,CSE,1,47.34,FAIL
16,7,4,13,12,72,5.9,1,7.3,6,5.52,ECE,3,42.97,FAIL
11,7,2,16,7,75,2.4,1,7.2,8,3.4,CSE,1,39.99,FAIL
14,11,5,18,13,76,5.5,2,6.0,2,5.61,MECH,2,51.88,D
15,7,4,7,12,68,4.0,3,6.8,9,4.47,CSE,4,33.88,FAIL
12,7,4,14,18,94,4.7,3,7.0,8,5.44,ECE,4,46.06,FAIL
16,9,3,12,15,57,4.0,1,7.3,4,4.03,MECH,1,45.35,FAIL
17,12,4,11,17,64,5.3,0,6.9,3,6.64,ECE,1,52.73,D
17,10,2,17,15,100,0.0,0,8.1,7,5.13,ECE,2,59.83,D
11,7,0,9,9,59,1.2,2,7.1,2,4.24,ECE,4,30.37,FAIL
12,9,5,9,18,54,4.8,1,7.3,4,5.09,MECH,2,44.81,FAIL
16,6,6,13,11,86,0.0,1,6.4,2,5.91,MECH,2,49.61,FAIL
4,4,3,7,8,43,2.9,1,5.4,5,3.64,ECE,4,19.58,FAIL
10,9,5,6,10,71,3.9,2,7.2,8,4.09,MECH,2,31.81,FAIL
14,10,7,15,18,100,2.3,0,8.8,6,5.52,CSE,2,59.9,D
6,8,2,9,9,51,2.6,4,7.7,7,4.41,CSE,4,18.97,FAIL
13,11,2,12,12,45,4.5,2,5.8,4,5.01,MECH,4,37.5,FAIL
17,6,5,10,17,52,6.0,0,8.2,5,5.86,CSE,3,45.38,FAIL
9,10,7,15,11,88,2.1,1,6.5,3,5.77,MECH,3,49.18,FAIL
12,8,3,21,15,91,2.8,0,8.1,5,4.81,CSE,3,56.05,D
11,6,6,7,12,67,2.5,1,6.4,4,4.37,ECE,2,39.96,FAIL
12,12,3,12,9,85,0.0,1,7.5,5,4.56,ECE,1,42.68,FAIL
18,7,5,17,14,95,4.3,2,6.2,5,5.96,CSE,2,55.53,D
16,11,5,17,17,100,5.9,2,6.3,4,6.26,MECH,2,55.26,D
17,9,5,14,15,71,6.0,0,4.7,9,5.38,ECE,1,50.73,D
9,6,1,9,13,40,2.3,2,7.8,9,4.25,MECH,1,26.1,FAIL
8,3,5,9,15,62,1.5,4,7.6,8,4.08,CSE,3,26.31,FAIL
13,6,1,17,10,68,4.0,2,7.6,9,4.64,CSE,2,39.04,FAIL
9,8,2,14,20,71,5.7,4,7.4,8,4.34,ECE,3,35.66,FAIL
13,6,6,12,12,72,4.3,1,5.9,5,5.38,ECE,3,44.93,FAIL
14,12,8,19,20,91,4.6,1,8.4,5,5.44,MECH,2,61.05,C
16,13,5,15,22,94,6.3,1,8.5,5,6.63,MECH,2,62.46,C
20,5,6,9,9,72,2.5,3,5.8,5,5.15,ECE,4,37.04,FAIL
20,10,7,15,12,91,3.6,1,7.8,3,6.72,ECE,2,59.32,D
17,11,6,20,16,80,7.3,4,8.3,6,5.96,CSE,1,49.52,FAIL
15,6,4,10,17,75,3.6,1,6.3,2,5.6,MECH,4,47.26,FAIL
14,5,6,12,13,88,1.5,1,6.6,5,5.02,CSE,2,48.9,FAIL
15,6,4,11,13,76,2.7,0,7.8,3,5.14,ECE,1,43.98,FAIL
19,15,5,17,15,100,2.1,0,4.7,5,5.11,CSE,3,67.64,C
15,10,1,9,8,53,4.7,0,5.4,5,5.19,ECE,2,36.43,FAIL
5,6,3,12,11,67,2.2,2,5.5,4,4.1,ECE,1,29.49,FAIL
16,6,3,10,11,73,4.5,1,4.3,2,5.29,MECH,1,45.18,FAIL
10,6,4,16,11,81,2.5,2,8.6,3,4.68,MECH,3,42.29,FAIL
11,11,3,14,9,94,0.0,2,4.0,6,4.87,CSE,3,43.21,FAIL
16,13,3,16,10,74,4.6,3,7.5,4,5.19,ECE,4,47.1,FAIL
6,6,4,12,13,53,4.3,0,8.2,6,5.08,MECH,1,32.1,FAIL
20,10,3,11,14,87,5.0,0,6.6,5,5.17,ECE,4,54.2,D
16,8,2,16,18,86,2.7,2,6.0,5,5.03,ECE,4,51.49,D
11,9,2,12,9,45,2.4,0,7.3,6,4.67,MECH,2,35.4,FAIL
16,7,4,12,16,74,4.8,0,7.0,4,5.46,ECE,4,49.89,FAIL
18,11,5,10,18,51,7.0,2,8.5,6,5.92,MECH,3,43.75,FAIL
12,5,3,12,12,65,4.0,2,3.1,4,4.47,MECH,2,38.28,FAIL
13,9,4,12,12,61,4.8,3,5.6,10,4.11,ECE,1,36.71,FAIL
12,8,4,18,19,87,3.4,3,7.8,3,6.27,MECH,2,48.35,FAIL
14,7,4,10,16,76,0.9,1,7.1,4,4.77,MECH,4,46.83,FAIL
14,7,1,14,14,55,5.9,4,8.1,4,5.06,CSE,3,36.45,FAIL
21,15,4,19,20,88,5.8,0,7.4,2,6.22,MECH,3,71.3,B
12,10,0,6,12,53,5.4,3,6.8,6,4.75,MECH,2,27.17,FAIL
14,8,2,6,10,79,3.6,1,6.5,4,5.15,MECH,1,37.06,FAIL
11,7,2,14,14,62,5.2,3,10.5,1,5.51,ECE,3,37.07,FAIL
15,12,6,16,13,69,5.8,0,9.3,6,6.13,CSE,2,51.31,D
18,4,6,14,20,82,7.2,2,7.7,4,5.86,CSE,3,51.74,D
17,11,6,10,14,82,6.0,1,7.1,5,5.33,MECH,2,47.94,FAIL
20,8,3,20,18,95,4.1,1,7.8,6,5.45,CSE,3,60.11,C
14,13,5,13,10,73,1.4,0,8.2,4,5.25,MECH,4,49.0,FAIL
15,15,4,16,12,79,4.3,2,7.6,4,6.22,MECH,4,49.02,FAIL
14,8,6,10,11,68,4.5,1,5.9,10,4.44,MECH,1,39.49,FAIL
13,9,4,14,11,77,5.4,1,9.7,1,5.67,CSE,4,47.64,FAIL
21,12,8,17,20,81,6.7,0,7.4,2,6.97,CSE,2,66.12,C
12,8,9,18,18,73,3.8,1,10.0,3,5.72,MECH,2,52.85,D
11,7,4,20,14,47,8.2,1,7.3,9,4.76,CSE,1,37.3,FAIL
9,8,6,10,16,79,0.5,2,6.6,4,4.96,CSE,2,42.52,FAIL
14,10,4,17,16,80,4.8,3,9.1,5,5.0,MECH,4,45.46,FAIL
14,8,6,17,10,64,2.4,3,7.5,4,4.92,MECH,4,41.5,FAIL
15,7,3,7,10,55,0.2,1,7.2,6,4.64,ECE,1,35.6,FAIL
16,9,6,14,16,97,3.6,0,5.2,5,6.02,MECH,2,59.48,D
11,6,4,8,16,82,1.1,0,8.0,6,4.8,MECH,1,40.54,FAIL
4,6,4,11,13,71,3.7,3,6.3,8,4.81,ECE,1,28.97,FAIL
13,10,2,10,9,57,4.1,1,6.3,6,5.32,MECH,4,36.95,FAIL
14,9,2,13,10,62,6.2,1,6.3,4,5.28,CSE,2,38.27,FAIL
14,9,6,10,13,94,1.0,0,7.7,6,5.54,CSE,1,50.32,D
18,10,5,16,14,77,5.8,3,4.7,10,4.95,CSE,2,47.8,FAIL
14,8,5,15,8,66,4.2,4,6.7,6,4.6,CSE,1,33.39,FAIL
13,10,4,13,18,82,6.1,2,8.5,5,5.3,ECE,1,49.78,FAIL
10,11,3,9,12,62,3.1,2,5.1,2,5.49,CSE,4,40.25,FAIL
8,9,3,12,14,97,1.3,2,7.3,6,3.91,ECE,2,41.45,FAIL
11,8,1,14,10,95,1.6,2,6.1,7,4.67,ECE,2,39.82,FAIL
11,6,2,8,13,68,1.4,2,6.4,6,3.88,MECH,2,30.32,FAIL
8,11,4,13,11,65,5.0,0,9.5,5,5.91,MECH,1,41.14,FAIL
11,8,3,10,10,35,7.0,0,4.5,10,4.72,CSE,1,29.89,FAIL
12,6,3,12,9,52,2.9,2,8.1,7,4.17,ECE,4,29.7,FAIL
11,6,6,14,13,54,5.3,1,6.3,7,6.07,ECE,2,39.68,FAIL
12,12,3,7,16,77,1.0,1,6.2,5,5.47,ECE,4,41.98,FAIL
10,6,5,20,14,70,4.4,2,5.3,5,5.08,MECH,2,45.15,FAIL
5,9,5,12,10,54,5.3,1,8.1,6,5.73,CSE,2,35.15,FAIL
8,11,3,13,8,70,1.1,3,6.7,5,4.4,MECH,1,33.9,FAIL
10,8,5,14,14,82,3.6,1,6.5,5,5.11,MECH,4,44.19,FAIL
17,10,4,14,14,82,5.4,1,7.2,6,5.69,CSE,2,52.99,D
10,7,2,11,9,46,0.0,1,6.7,4,3.86,CSE,2,31.93,FAIL
10,6,4,19,8,73,6.7,0,4.0,5,4.55,ECE,1,43.19,FAIL
15,4,4,8,18,54,4.7,0,6.3,5,4.33,ECE,1,42.16,FAIL
17,9,2,13,10,88,5.4,0,8.3,7,5.49,MECH,4,49.68,FAIL
13,9,4,19,13,86,3.2,1,4.7,4,5.44,CSE,1,51.83,D
11,7,4,16,8,61,0.6,1,5.4,1,4.57,CSE,1,43.25,FAIL
9,10,4,13,8,63,5.1,1,6.4,4,4.32,ECE,3,36.62,FAIL
5,6,4,17,15,68,3.8,2,5.9,6,5.07,MECH,2,37.05,FAIL
11,7,4,10,10,41,4.1,2,7.0,7,4.96,ECE,2,27.79,FAIL
10,12,5,9,11,80,6.2,0,5.4,4,5.18,MECH,1,43.92,FAIL
14,9,2,15,13,70,5.5,2,6.4,6,5.98,CSE,3,44.68,FAIL
18,15,8,21,19,89,7.8,0,6.9,7,6.2,ECE,1,67.67,C
5,7,7,9,14,58,4.3,5,8.0,7,4.28,ECE,3,23.67,FAIL
12,6,6,17,17,65,2.6,1,8.9,3,4.9,MECH,3,48.83,FAIL
13,7,3,15,12,52,3.6,3,6.6,4,4.61,ECE,3,35.88,FAIL
6,9,3,13,11,59,4.8,0,9.8,6,5.09,MECH,4,38.45,FAIL
13,6,5,19,9,57,6.0,4,6.7,8,3.55,CSE,2,36.38,FAIL
18,9,4,12,14,89,1.1,3,8.2,5,4.88,MECH,3,49.08,FAIL
12,8,5,8,16,64,4.0,1,9.9,5,5.01,CSE,1,38.1,FAIL
19,14,4,16,11,76,7.2,1,7.2,2,6.91,MECH,3,56.98,D
10,9,5,14,12,69,3.5,0,4.9,4,5.03,MECH,4,46.01,FAIL
15,8,4,10,8,55,5.9,1,7.1,4,4.77,ECE,4,38.62,FAIL
15,8,6,11,13,72,5.0,1,6.1,5,4.96,MECH,2,42.95,FAIL
17,12,6,17,21,83,5.9,1,6.6,2,6.09,CSE,1,62.72,C
12,7,4,14,6,56,2.4,0,10.0,4,4.84,MECH,3,38.91,FAIL
14,8,7,14,8,87,2.4,1,5.2,3,4.97,ECE,4,50.09,D
11,6,3,11,16,62,4.0,2,7.5,7,4.52,MECH,2,35.48,FAIL
8,9,6,10,12,67,0.9,1,5.7,3,4.98,MECH,4,42.32,FAIL
12,7,5,11,13,82,3.5,1,6.5,4,4.65,MECH,1,46.44,FAIL
12,7,5,11,15,65,4.5,2,8.1,6,4.53,MECH,1,36.79,FAIL
11,11,9,11,20,75,7.6,0,7.5,4,5.34,ECE,1,55.11,D
11,10,0,10,13,70,4.8,1,6.7,10,4.12,MECH,3,38.37,FAIL
13,10,2,14,13,76,5.3,2,6.0,7,4.69,ECE,1,40.43,FAIL
11,10,5,9,6,39,6.3,1,7.5,5,5.27,MECH,2,31.07,FAIL
12,8,5,5,8,47,2.1,1,9.6,6,5.08,CSE,1,29.55,FAIL
16,10,5,13,9,84,3.7,2,5.6,1,5.74,CSE,2,50.44,D
16,12,7,14,18,90,8.9,3,9.9,7,6.31,CSE,3,50.38,D
12,11,2,10,16,61,3.8,3,8.8,6,4.65,MECH,2,38.39,FAIL
16,8,7,16,12,71,6.2,0,9.1,5,4.57,CSE,3,50.05,D
12,8,7,17,16,79,5.9,1,7.5,6,5.55,ECE,2,47.98,FAIL
8,3,6,13,16,85,1.0,2,8.8,6,5.26,CSE,1,41.9,FAIL
8,11,1,12,12,44,4.6,4,5.5,4,4.28,MECH,1,25.52,FAIL
13,11,5,17,11,61,4.3,1,6.0,6,4.23,ECE,1,45.08,FAIL
11,6,4,11,8,70,4.7,3,8.1,7,4.46,MECH,1,29.27,FAIL
10,11,8,11,16,85,2.5,2,7.4,6,5.25,MECH,4,48.0,FAIL
18,12,5,16,18,100,1.8,4,6.8,4,5.54,CSE,1,55.87,D
9,10,3,11,13,71,3.0,0,3.2,6,5.13,CSE,3,44.24,FAIL
10,8,4,7,9,53,3.8,1,6.3,8,3.99,MECH,4,27.89,FAIL
17,8,2,14,17,81,6.4,1,5.2,7,5.1,MECH,1,49.28,FAIL
20,12,7,19,19,94,7.6,1,7.7,3,6.33,ECE,4,65.49,C
16,10,4,16,19,76,6.8,2,6.7,6,5.18,CSE,3,53.83,D
11,9,4,9,12,61,5.7,3,6.1,6,5.37,CSE,4,35.21,FAIL
16,10,5,16,17,89,2.0,2,11.0,7,6.05,ECE,3,51.69,D
13,11,4,9,14,84,3.2,0,8.6,5,4.9,CSE,3,51.05,D
13,10,6,8,12,59,4.4,1,8.6,4,4.97,MECH,2,42.33,FAIL
19,12,4,19,13,80,2.7,1,10.3,2,6.45,CSE,3,59.61,D
12,12,6,11,18,89,5.2,5,8.2,4,6.03,ECE,3,43.95,FAIL
16,11,6,8,20,92,5.4,1,5.8,7,5.48,CSE,3,55.89,D
14,11,4,15,8,74,5.1,2,5.7,5,5.35,ECE,2,42.79,FAIL
18,7,3,13,15,69,6.1,1,8.4,5,5.82,MECH,4,45.85,FAIL
19,9,1,12,15,93,2.2,2,3.9,8,4.93,CSE,2,46.21,FAIL
18,10,6,17,10,56,5.9,1,6.9,7,4.97,CSE,1,49.19,FAIL
15,9,2,16,14,81,2.6,2,3.7,4,4.94,MECH,2,50.34,D
9,8,6,14,12,54,2.1,3,7.1,7,5.04,ECE,2,33.95,FAIL
15,12,4,16,18,90,5.1,0,8.3,2,5.95,MECH,3,63.22,C
16,12,6,16,13,71,6.4,1,7.4,6,5.37,CSE,3,53.39,D
13,9,5,15,13,94,5.0,3,8.4,6,6.52,CSE,3,44.07,FAIL
14,10,7,13,14,82,4.0,0,9.9,7,5.61,MECH,2,53.03,D
10,6,4,12,16,56,4.6,1,6.8,6,4.76,MECH,4,40.6,FAIL
13,13,6,18,19,96,4.3,1,11.2,5,6.4,ECE,4,60.61,C
15,11,3,19,10,98,1.7,3,7.3,5,5.53,CSE,3,51.59,D
14,6,5,15,12,88,1.5,2,8.4,10,4.43,MECH,3,41.31,FAIL
14,8,5,14,12,63,3.8,1,6.1,5,4.98,CSE,2,46.01,FAIL
13,5,4,12,14,70,4.2,0,9.4,6,4.87,MECH,3,45.07,FAIL
15,12,7,15,15,77,4.0,3,8.6,1,6.72,CSE,4,49.97,FAIL
12,8,5,15,13,64,5.4,1,9.2,3,5.7,ECE,1,42.19,FAIL
17,7,6,15,13,100,3.6,1,7.1,6,5.09,ECE,4,53.31,D
12,8,5,11,21,77,5.1,1,5.1,2,5.3,MECH,4,50.91,D
8,8,5,9,5,34,3.7,1,7.7,6,4.7,ECE,3,24.19,FAIL
16,10,5,15,15,80,7.6,1,4.5,4,5.06,ECE,3,51.46,D
12,9,8,17,16,69,4.2,1,6.5,3,6.63,MECH,1,48.68,FAIL
15,10,4,15,17,73,8.7,3,7.3,4,5.16,CSE,2,44.28,FAIL
12,9,4,20,13,69,4.7,0,10.6,8,5.7,ECE,4,46.36,FAIL
12,7,3,12,12,87,3.6,1,7.5,6,5.09,MECH,3,44.59,FAIL
13,5,4,14,15,91,2.2,1,7.2,3,5.13,ECE,1,51.13,D
14,8,3,12,11,79,1.1,0,6.9,7,4.98,ECE,2,42.07,FAIL
11,8,6,12,9,69,2.0,3,5.0,7,4.22,ECE,1,36.25,FAIL
15,9,7,14,17,74,2.2,0,7.1,4,5.88,ECE,2,52.64,D
15,12,4,12,9,75,4.8,0,7.2,7,4.42,CSE,2,43.98,FAIL
13,6,6,13,9,62,2.9,0,5.5,7,4.76,CSE,1,39.61,FAIL
13,9,4,11,15,83,4.4,1,5.2,7,4.9,ECE,3,47.28,FAIL
17,11,6,12,18,81,6.6,0,6.3,4,5.83,CSE,1,57.14,D
15,11,7,19,15,98,3.8,1,7.1,3,6.11,ECE,4,58.62,D
18,10,5,16,18,93,8.2,2,6.3,2,5.46,CSE,4,56.13,D
14,7,2,16,12,64,1.6,0,5.4,4,4.76,ECE,2,43.56,FAIL
17,10,5,15,14,87,3.7,2,7.4,4,6.1,CSE,3,53.05,D
8,9,2,8,9,60,2.9,1,7.8,4,5.19,ECE,3,30.8,FAIL
14,8,5,16,18,85,5.9,2,7.2,5,5.48,MECH,2,48.8,FAIL
11,1,3,3,6,67,0.0,0,6.2,8,3.45,MECH,4,26.01,FAIL
5,6,4,6,19,59,1.1,1,7.9,4,4.98,ECE,3,37.39,FAIL
16,13,6,15,13,79,3.8,0,6.7,5,6.17,ECE,4,56.73,D
13,10,4,13,17,34,7.1,0,5.2,1,5.34,ECE,4,44.44,FAIL
20,4,5,12,15,48,4.5,1,8.6,9,5.07,ECE,4,38.26,FAIL
14,10,6,10,12,72,1.3,1,7.5,2,5.63,MECH,1,48.64,FAIL
12,8,5,10,15,76,1.6,0,6.8,4,4.81,MECH,3,47.14,FAIL
18,9,6,22,17,69,7.3,2,4.6,6,5.22,MECH,4,51.84,D
10,5,2,8,10,51,2.8,0,5.9,5,4.89,MECH,3,29.26,FAIL
10,5,3,8,5,62,2.1,0,10.0,8,3.93,MECH,3,27.27,FAIL
16,9,5,20,11,80,7.0,1,4.7,6,5.69,ECE,4,51.69,D
18,14,9,14,18,83,6.0,1,6.6,5,6.22,CSE,3,57.78,D
12,11,1,14,14,74,6.5,4,7.0,7,5.29,ECE,1,36.47,FAIL
17,8,6,14,15,92,2.1,1,7.5,7,5.56,MECH,1,51.71,D
10,6,4,10,15,80,0.9,1,4.8,4,4.54,ECE,1,39.56,FAIL
18,8,5,16,11,63,4.3,0,7.3,7,4.85,ECE,3,50.68,D
8,7,2,16,15,70,4.7,2,4.5,5,4.81,MECH,2,40.91,FAIL
10,8,4,15,10,53,4.7,0,7.1,5,5.11,MECH,1,40.49,FAIL
9,9,7,19,15,73,7.0,2,6.0,5,5.39,CSE,3,48.32,FAIL
20,8,2,11,12,91,0.5,3,5.7,4,4.23,ECE,2,48.0,FAIL
11,6,6,19,12,85,5.7,2,8.3,4,5.49,MECH,1,48.16,FAIL
17,11,4,16,15,96,1.8,1,6.6,7,6.08,ECE,3,56.75,D
17,9,7,12,17,70,5.7,1,7.7,2,5.98,ECE,4,50.53,D
11,11,5,15,15,95,3.1,1,7.8,3,4.71,MECH,3,54.3,D
15,13,5,12,18,72,2.4,0,8.9,6,5.63,MECH,3,52.52,D
10,6,3,9,12,97,2.8,2,5.2,5,4.73,ECE,1,42.39,FAIL
10,8,4,8,17,74,1.1,1,8.4,7,5.22,CSE,3,41.9,FAIL
10,9,4,12,16,85,4.1,1,7.0,6,5.97,ECE,2,43.6,FAIL
17,11,3,20,13,97,2.5,1,6.4,2,5.74,ECE,3,57.1,D
7,4,4,5,13,72,5.6,1,5.3,5,4.67,CSE,3,31.49,FAIL
15,8,1,13,12,78,5.3,2,7.9,6,5.06,CSE,4,38.34,FAIL
17,10,6,19,18,94,7.4,1,5.6,5,6.18,CSE,1,61.47,C
18,12,3,13,8,73,4.7,3,7.8,4,4.86,MECH,1,42.44,FAIL
12,12,3,11,16,55,5.0,4,9.9,4,5.03,MECH,1,34.57,FAIL
20,11,3,15,16,100,6.8,2,8.5,4,6.55,MECH,1,57.79,D
14,6,4,17,12,67,2.7,0,9.1,2,5.09,MECH,3,48.8,FAIL
13,7,7,12,17,77,1.0,2,5.9,2,5.78,ECE,1,49.4,FAIL
18,9,4,11,12,92,4.4,1,8.1,6,5.09,ECE,2,51.3,D
10,3,5,7,10,65,1.2,1,5.3,3,3.05,ECE,4,33.61,FAIL
17,10,5,15,17,59,8.9,0,6.6,6,4.99,CSE,4,50.75,D
13,10,5,14,16,78,6.9,0,9.6,4,6.16,CSE,1,49.81,FAIL
16,10,7,16,15,48,8.3,0,6.1,2,5.84,MECH,1,52.68,D
15,9,1,13,17,70,4.1,0,8.7,4,5.19,ECE,2,47.2,FAIL
10,12,4,15,10,78,5.1,4,8.5,9,5.02,CSE,1,37.01,FAIL
12,10,3,17,16,70,3.1,2,8.6,5,5.15,MECH,3,47.82,FAIL
8,9,5,8,8,51,5.8,2,5.1,6,5.54,CSE,2,28.79,FAIL
10,10,3,13,13,98,1.6,0,7.8,5,5.64,MECH,4,52.22,D
11,3,5,9,17,76,0.0,0,6.8,2,4.76,MECH,2,47.16,FAIL
21,11,2,14,19,96,2.4,1,8.6,8,6.32,CSE,1,55.6,D
17,8,4,11,11,71,1.1,2,4.5,5,4.52,MECH,3,42.59,FAIL
12,8,3,13,19,61,7.0,4,7.6,2,4.62,MECH,3,37.27,FAIL
12,13,5,10,12,79,7.6,3,7.3,4,5.18,ECE,4,40.03,FAIL
14,4,2,8,13,71,1.2,3,4.0,5,4.77,CSE,2,32.56,FAIL
5,6,2,15,11,57,6.6,1,5.7,6,4.05,MECH,2,32.96,FAIL
15,10,8,12,17,97,5.9,0,4.3,4,5.95,ECE,4,61.55,C
7,6,5,11,11,65,0.9,1,5.9,10,3.62,CSE,3,34.18,FAIL
11,6,2,6,14,47,3.2,0,7.8,3,5.42,ECE,4,33.12,FAIL
19,7,5,10,15,94,2.8,2,7.3,6,5.47,CSE,4,47.49,FAIL
5,8,5,14,15,67,5.5,3,7.3,1,4.84,CSE,1,38.42,FAIL
12,10,3,16,16,65,1.5,1,5.4,5,5.01,CSE,3,48.44,FAIL
13,9,4,15,13,48,3.8,3,8.7,6,5.4,MECH,2,33.75,FAIL
14,8,5,13,17,100,2.6,0,7.0,3,5.09,CSE,3,55.2,D
12,6,4,9,12,55,4.9,2,7.1,8,4.24,ECE,4,29.92,FAIL
15,7,4,15,12,75,3.6,1,8.4,6,5.46,MECH,4,46.06,FAIL
15,7,5,9,15,88,2.9,1,5.5,4,5.63,ECE,1,47.41,FAIL
9,11,4,17,17,81,3.6,2,7.3,6,6.38,CSE,4,48.15,FAIL
14,8,5,15,11,74,8.1,0,7.6,4,6.3,CSE,3,47.6,FAIL
17,9,2,17,13,49,3.2,1,6.2,8,5.4,MECH,3,42.12,FAIL
7,11,2,12,13,62,1.9,2,8.0,7,4.6,ECE,1,35.13,FAIL
15,10,5,14,15,77,5.2,1,7.7,6,5.57,MECH,1,50.44,D
9,9,1,12,9,63,3.7,3,6.8,6,4.53,CSE,1,30.38,FAIL
14,9,1,11,14,78,1.2,3,6.8,2,4.93,MECH,4,42.48,FAIL
16,10,5,18,15,85,8.5,0,7.8,8,5.81,ECE,4,53.03,D
16,10,4,11,19,89,3.3,1,8.2,5,5.23,CSE,4,53.16,D
10,6,1,12,12,56,3.2,2,7.1,7,3.27,ECE,3,30.89,FAIL
14,9,7,14,16,100,4.3,1,8.7,6,5.47,CSE,2,52.52,D
10,6,4,19,16,86,7.5,1,8.0,7,6.3,CSE,4,48.72,FAIL
9,5,2,14,7,74,0.6,0,4.3,3,4.75,CSE,1,40.26,FAIL
11,8,4,16,21,91,4.6,3,4.9,3,5.62,CSE,3,52.26,D
13,12,7,19,15,100,8.2,1,8.8,9,5.62,CSE,4,55.88,D
14,5,6,11,17,53,4.3,0,6.6,2,5.23,ECE,4,42.35,FAIL
19,12,3,15,7,71,1.5,2,7.2,3,5.88,MECH,2,48.48,FAIL
3,10,4,6,10,39,2.8,2,8.7,5,5.2,ECE,2,25.9,FAIL
10,11,5,11,12,77,4.4,4,7.0,5,5.49,ECE,2,35.46,FAIL
16,9,3,14,12,80,6.7,2,7.1,4,5.32,ECE,3,47.84,FAIL
13,5,5,8,15,74,3.3,1,5.7,6,5.76,ECE,3,37.72,FAIL
15,11,2,14,19,65,5.7,3,7.6,7,5.6,CSE,4,44.29,FAIL
8,4,2,14,7,44,1.1,1,7.9,5,3.57,MECH,3,28.13,FAIL
15,9,2,9,12,80,1.1,3,6.1,4,4.09,CSE,1,39.99,FAIL
15,10,4,14,11,96,3.0,1,5.6,5,4.66,ECE,4,53.2,D
17,9,5,12,12,66,6.9,0,10.9,4,5.63,MECH,3,49.73,FAIL
18,7,7,18,9,81,4.1,2,6.9,2,6.09,MECH,3,49.93,FAIL
8,8,4,11,10,51,4.6,1,6.0,6,5.04,ECE,1,32.57,FAIL
16,6,3,14,14,81,4.6,1,8.1,7,5.48,MECH,2,46.72,FAIL
16,10,4,13,10,69,6.2,2,6.9,5,5.28,ECE,4,44.96,FAIL
13,10,1,13,19,63,2.8,1,5.4,1,6.24,CSE,3,45.14,FAIL
12,7,5,10,15,63,5.4,0,7.7,4,5.33,CSE,2,41.43,FAIL
10,4,2,12,13,69,2.3,1,5.7,7,4.5,MECH,1,33.42,FAIL
14,14,8,16,12,80,8.0,2,9.4,2,6.09,ECE,3,51.71,D
8,7,5,8,14,55,2.4,0,7.7,6,5.69,CSE,3,37.23,FAIL
19,8,4,7,17,69,2.2,1,6.6,4,5.28,MECH,2,45.84,FAIL
16,11,4,13,13,74,5.1,0,7.2,5,4.82,CSE,4,51.39,D
11,6,3,10,12,58,4.2,0,8.4,4,4.55,MECH,3,36.93,FAIL
11,8,4,11,14,100,4.7,1,7.3,3,5.17,ECE,4,50.09,D
14,12,4,15,14,62,4.5,2,10.2,8,4.97,CSE,1,44.85,FAIL
9,5,2,8,10,64,1.8,1,8.7,7,3.95,CSE,4,27.56,FAIL
12,11,5,15,12,60,7.2,1,7.7,6,4.7,MECH,1,42.32,FAIL
24,11,7,14,18,100,5.8,1,5.6,7,6.12,ECE,1,63.47,C
22,11,5,15,16,83,6.7,2,6.8,6,6.03,ECE,1,56.29,D
5,7,5,11,13,60,2.9,2,7.7,7,5.4,CSE,3,32.28,FAIL
15,9,2,13,14,91,4.8,0,5.8,4,4.88,CSE,4,51.08,D
13,12,4,14,16,78,4.4,1,8.9,8,4.7,CSE,3,46.8,FAIL
15,11,4,13,19,78,6.3,2,5.5,8,4.8,MECH,2,48.68,FAIL
13,7,3,17,16,69,6.3,2,6.0,6,6.01,CSE,3,47.01,FAIL
13,6,3,9,14,63,4.4,0,6.2,4,5.07,MECH,4,39.88,FAIL
11,10,6,12,13,80,1.0,1,8.1,3,6.14,MECH,4,49.6,FAIL
18,11,1,16,17,66,7.6,2,5.8,5,5.67,ECE,3,48.48,FAIL
18,12,4,18,11,100,5.1,1,4.3,8,5.21,ECE,2,53.14,D
17,8,3,12,13,55,2.8,0,8.6,3,5.32,MECH,3,46.66,FAIL
12,8,5,16,11,98,4.8,1,6.3,7,4.63,ECE,3,48.46,FAIL
11,5,4,7,14,73,1.0,4,5.4,4,3.7,CSE,4,34.49,FAIL
21,5,6,14,18,79,6.1,2,5.9,4,5.67,ECE,2,53.56,D
11,12,6,15,13,87,1.1,1,9.6,3,5.55,ECE,3,54.51,D
11,4,6,13,16,65,3.6,0,6.0,3,6.02,ECE,4,46.97,FAIL
14,8,4,12,19,87,4.5,2,6.8,6,4.71,MECH,4,46.29,FAIL
14,3,0,10,10,34,6.1,1,6.3,7,4.57,ECE,2,27.85,FAIL
11,7,5,9,14,64,4.2,0,5.2,5,5.17,ECE,4,41.96,FAIL
19,10,2,10,14,61,5.3,1,5.9,4,5.24,CSE,2,43.29,FAIL
10,4,4,10,14,56,3.9,1,5.0,3,5.37,CSE,1,37.49,FAIL
15,9,2,17,12,71,3.9,0,8.4,5,4.95,ECE,2,47.4,FAIL
13,11,3,13,17,80,4.2,2,7.2,4,5.87,ECE,2,45.25,FAIL
14,9,6,14,15,85,3.6,2,10.7,5,6.02,ECE,2,46.81,FAIL
15,14,3,15,13,78,0.6,2,5.9,4,5.43,CSE,3,48.4,FAIL
10,3,1,11,9,65,2.5,3,5.7,4,4.52,CSE,4,26.69,FAIL
9,5,2,12,17,80,4.5,1,9.3,5,5.01,MECH,1,42.3,FAIL
10,8,6,13,10,76,3.5,1,8.6,6,4.92,CSE,3,42.06,FAIL
16,8,4,11,9,89,3.7,1,7.6,7,4.77,CSE,3,46.61,FAIL
15,9,4,10,7,86,3.4,0,5.3,4,5.0,MECH,1,44.63,FAIL
15,10,3,15,15,75,2.3,3,9.6,6,4.99,CSE,2,45.14,FAIL
8,4,1,11,9,61,3.0,2,6.9,9,3.94,MECH,1,27.27,FAIL
9,5,3,6,10,65,3.4,1,6.4,6,4.77,CSE,3,32.41,FAIL
9,6,5,14,12,66,4.0,1,8.7,7,4.42,ECE,1,37.05,FAIL
11,11,3,13,10,70,4.8,1,7.0,4,5.26,MECH,1,44.75,FAIL
13,10,1,12,14,79,3.6,1,5.3,4,4.91,ECE,3,46.52,FAIL
9,8,5,16,20,85,1.9,1,7.1,5,5.1,MECH,2,51.69,D
15,7,4,9,14,74,1.2,1,5.8,5,4.91,CSE,4,42.97,FAIL
16,9,5,15,16,75,9.2,1,2.5,7,4.99,ECE,2,52.02,D
9,8,4,16,14,77,1.7,2,5.7,4,4.54,MECH,3,42.81,FAIL
11,8,1,11,19,67,3.0,3,6.2,5,4.51,MECH,1,35.54,FAIL
10,6,4,12,12,61,5.0,0,5.3,7,5.19,ECE,3,36.87,FAIL
12,5,4,17,11,48,4.7,2,7.9,5,5.49,ECE,1,34.56,FAIL
10,8,4,11,11,64,5.0,1,5.8,5,4.75,ECE,4,36.71,FAIL
20,10,4,16,9,82,3.1,1,7.7,5,5.23,MECH,1,49.32,FAIL
7,5,5,8,12,64,4.5,2,5.2,3,4.21,MECH,4,29.0,FAIL
10,10,5,16,14,71,4.1,4,8.4,3,5.39,CSE,4,41.63,FAIL
12,5,5,11,14,81,3.4,0,5.1,2,4.64,ECE,3,48.31,FAIL
14,9,4,16,10,82,4.5,2,3.5,5,4.82,MECH,2,45.04,FAIL
14,7,0,12,8,58,6.1,2,8.9,7,5.66,ECE,1,29.21,FAIL
16,4,4,15,7,89,4.0,2,5.7,7,4.41,CSE,3,38.0,FAIL
16,8,4,8,15,91,4.0,0,9.6,7,5.15,ECE,4,46.02,FAIL
9,5,3,12,13,58,6.1,2,7.8,8,4.46,CSE,3,33.96,FAIL
15,7,4,12,17,62,5.9,0,8.2,5,4.48,ECE,1,47.86,FAIL
19,12,6,15,21,92,7.2,0,8.6,5,6.54,MECH,3,62.52,C
15,8,5,11,7,72,0.5,2,7.2,8,4.57,MECH,2,35.87,FAIL
13,4,3,21,10,41,5.8,2,7.2,4,5.78,MECH,2,36.98,FAIL
15,9,3,9,13,54,5.2,3,8.9,3,4.83,CSE,2,34.31,FAIL
3,8,6,12,11,71,2.2,0,7.2,4,4.13,CSE,4,36.86,FAIL
11,7,1,11,16,57,4.5,1,5.9,4,5.38,ECE,4,37.61,FAIL
11,6,4,17,18,68,6.1,0,7.9,5,5.25,CSE,3,51.35,D
14,7,0,13,13,75,2.3,1,3.8,3,4.65,ECE,4,41.84,FAIL
15,14,5,16,17,96,4.9,1,9.0,6,6.59,ECE,3,58.21,D
17,11,5,15,11,70,5.7,1,9.0,4,5.72,ECE,2,46.94,FAIL
17,11,2,19,11,91,1.9,1,8.8,7,5.69,CSE,4,52.62,D
13,8,5,14,17,96,3.7,2,8.7,3,5.66,CSE,1,53.25,D
16,9,4,18,11,96,4.6,1,6.9,5,5.33,ECE,1,53.14,D
12,6,6,9,12,79,2.4,1,6.8,4,4.99,MECH,1,44.43,FAIL
10,5,4,11,6,45,2.2,3,5.2,5,4.54,ECE,4,25.79,FAIL
16,12,3,14,11,81,3.7,0,9.6,7,5.39,MECH,1,49.92,FAIL
15,9,5,19,15,90,5.6,1,6.3,6,5.78,MECH,2,54.3,D
7,6,6,12,11,73,5.3,2,7.5,5,4.09,MECH,2,37.22,FAIL
15,9,4,17,15,100,2.3,2,7.4,6,4.48,CSE,2,50.33,D
16,7,2,11,17,87,5.3,1,5.0,7,4.14,CSE,1,49.92,FAIL
7,8,2,9,12,83,2.3,0,4.4,6,4.61,ECE,2,39.57,FAIL
12,7,3,9,8,91,0.8,5,7.0,6,4.33,CSE,2,32.45,FAIL
12,10,6,16,13,80,3.3,2,6.3,6,5.88,CSE,2,49.66,FAIL
15,7,3,8,14,37,6.2,2,6.9,2,5.01,MECH,1,35.33,FAIL
17,7,3,7,11,67,5.3,1,8.6,4,5.58,ECE,2,36.55,FAIL
12,11,4,13,11,92,4.0,2,7.3,6,4.95,MECH,1,44.94,FAIL
7,11,4,12,7,62,3.2,5,8.1,4,4.51,ECE,1,25.51,FAIL
15,10,5,13,18,71,3.2,1,7.7,4,5.98,MECH,4,49.85,FAIL
10,6,1,10,6,59,4.2,0,6.5,6,5.66,MECH,2,33.4,FAIL
17,9,5,18,11,100,1.9,4,5.5,6,5.39,ECE,2,47.92,FAIL
13,9,5,16,10,100,3.3,2,7.4,6,4.54,CSE,3,46.25,FAIL
17,4,3,13,11,61,3.6,0,7.1,3,4.88,MECH,4,45.43,FAIL
18,7,6,17,11,77,1.3,1,8.4,2,5.5,MECH,4,50.07,D
16,4,4,8,11,64,2.3,0,6.8,7,4.45,ECE,4,38.33,FAIL
14,6,3,12,11,84,4.8,2,6.6,4,4.48,CSE,3,39.57,FAIL
13,11,6,19,13,82,4.0,2,6.7,3,6.45,CSE,4,53.72,D
9,9,1,14,12,87,3.4,1,5.6,3,5.01,CSE,2,42.96,FAIL
14,5,3,17,8,79,2.2,1,9.2,7,4.42,MECH,1,42.04,FAIL
20,11,5,12,21,100,7.2,2,8.7,5,6.25,ECE,2,60.21,C
12,7,4,6,15,59,2.3,3,5.2,6,4.99,CSE,4,30.52,FAIL
8,9,8,10,6,49,4.5,1,8.2,6,5.03,ECE,3,32.25,FAIL
8,3,3,13,12,69,3.0,2,4.2,5,4.03,MECH,3,34.67,FAIL
10,5,5,12,10,51,4.1,5,8.5,7,3.95,ECE,3,25.4,FAIL
8,10,5,10,11,52,4.9,1,6.0,3,3.87,MECH,4,35.67,FAIL
8,5,1,14,9,59,1.3,1,7.5,3,4.67,ECE,1,30.76,FAIL
9,5,6,13,9,61,4.0,1,4.1,3,4.6,CSE,1,39.39,FAIL
13,8,3,14,16,60,6.4,0,5.2,6,5.19,MECH,4,47.38,FAIL
15,13,5,19,18,82,7.5,1,7.7,6,5.42,ECE,2,59.35,D
11,9,8,13,14,67,3.7,1,5.9,4,5.5,ECE,1,47.65,FAIL
13,7,5,11,9,72,4.1,1,5.7,5,5.36,MECH,1,42.19,FAIL
17,11,4,16,17,88,8.4,2,9.1,8,5.57,ECE,4,53.92,D
16,9,5,11,13,63,6.3,1,10.3,4,5.88,MECH,4,45.66,FAIL
10,10,2,13,13,71,2.8,0,8.4,6,5.67,MECH,4,41.43,FAIL
11,8,5,10,13,80,2.8,2,5.4,4,4.61,MECH,3,42.48,FAIL
12,8,3,8,11,45,5.9,2,9.6,7,4.81,ECE,3,31.49,FAIL
9,5,0,7,11,39,2.0,3,4.7,6,3.78,CSE,2,22.71,FAIL
11,13,4,11,13,80,6.2,1,6.5,2,5.65,ECE,4,48.33,FAIL
14,10,4,17,18,82,4.7,0,7.1,4,5.94,ECE,3,58.05,D
20,10,6,20,17,100,5.0,0,9.9,1,6.96,CSE,2,67.39,C
12,11,2,16,16,77,3.5,2,8.4,7,5.32,ECE,1,47.23,FAIL
14,10,5,12,16,87,2.7,1,6.3,9,5.0,CSE,2,50.68,D
15,8,4,16,16,72,6.9,4,5.6,1,5.48,CSE,3,44.3,FAIL
13,2,4,11,13,79,3.5,2,8.5,2,5.84,CSE,3,37.09,FAIL
18,10,6,12,9,100,3.2,0,6.2,5,4.87,CSE,3,52.92,D
11,7,5,15,14,43,3.8,2,7.3,5,5.81,CSE,2,38.52,FAIL
14,10,7,18,14,81,4.4,0,4.9,4,5.94,ECE,1,58.73,D
14,13,4,16,16,100,1.9,1,7.9,2,6.31,CSE,2,57.76,D
18,7,5,15,16,79,2.9,1,7.7,6,5.32,ECE,4,54.11,D
19,7,5,14,12,99,2.8,0,5.1,7,5.36,MECH,3,54.24,D
15,5,5,15,12,65,5.7,0,8.5,10,4.03,ECE,4,45.62,FAIL
14,12,3,8,6,74,2.2,1,7.8,8,4.12,MECH,3,38.04,FAIL
8,10,1,12,12,75,0.5,2,8.1,2,4.62,MECH,3,36.61,FAIL
7,7,4,12,6,41,0.1,1,6.4,5,4.02,ECE,1,29.18,FAIL
7,2,5,8,3,57,1.1,2,7.3,6,4.27,MECH,1,20.1,FAIL
17,6,5,14,15,58,6.7,1,7.1,4,5.73,ECE,4,46.14,FAIL
20,10,2,15,21,87,4.0,2,6.8,7,4.75,ECE,1,53.81,D
18,11,8,19,16,88,5.0,1,7.3,6,6.03,ECE,2,61.93,C
19,8,4,11,11,79,5.1,3,8.9,7,5.01,CSE,3,39.15,FAIL
15,7,3,15,16,87,4.1,4,8.6,7,5.21,ECE,3,43.6,FAIL
14,11,6,16,12,72,3.9,3,5.2,6,5.3,MECH,2,42.35,FAIL
15,15,8,20,18,93,6.1,0,8.5,4,6.32,CSE,3,69.74,C
15,10,2,13,10,75,4.3,1,8.8,2,5.09,MECH,1,43.27,FAIL
18,9,6,15,11,75,6.8,1,6.8,5,6.08,ECE,3,49.03,FAIL
17,12,6,14,15,71,5.2,2,7.8,4,5.5,MECH,3,49.36,FAIL
12,8,4,10,10,85,2.8,1,7.7,4,4.35,CSE,1,43.65,FAIL
12,10,4,13,9,68,3.0,2,5.7,7,4.2,CSE,2,35.49,FAIL
13,8,4,13,16,89,2.5,2,6.4,8,4.75,ECE,1,43.97,FAIL
11,12,6,5,11,58,6.4,0,8.1,3,4.89,ECE,3,40.99,FAIL
15,7,2,13,14,58,3.2,1,6.3,5,5.37,MECH,2,39.48,FAIL
8,7,4,12,12,85,2.4,1,8.5,4,5.27,CSE,1,42.9,FAIL
9,11,8,15,18,73,4.6,0,9.0,6,5.58,CSE,2,50.27,D
12,9,3,18,19,68,3.8,0,8.7,1,5.71,CSE,2,54.71,D
12,11,3,14,18,88,4.6,0,10.0,2,6.49,MECH,2,55.08,D
19,8,5,15,13,65,7.8,0,6.9,5,6.31,MECH,3,47.65,FAIL
13,7,6,14,17,71,5.8,2,7.3,7,5.53,ECE,3,45.37,FAIL
19,10,5,13,17,95,4.1,3,7.5,5,6.55,CSE,2,53.29,D
18,10,4,14,15,98,1.2,2,6.9,6,5.55,MECH,2,52.16,D
15,8,5,16,14,98,3.0,1,7.8,5,5.69,MECH,4,55.57,D
14,11,8,12,12,70,5.4,1,4.4,8,4.9,CSE,2,45.6,FAIL
15,7,3,13,12,93,1.7,2,7.3,8,3.69,ECE,3,44.18,FAIL
17,13,7,19,20,60,8.3,3,4.9,3,5.22,CSE,2,57.89,D
5,5,4,9,12,61,4.0,1,5.6,7,4.52,MECH,2,31.1,FAIL
9,8,2,10,10,39,4.1,1,8.1,6,4.74,MECH,4,26.09,FAIL
16,10,7,13,12,100,2.7,1,6.7,10,4.99,CSE,2,53.66,D
14,9,4,19,12,62,5.0,3,8.0,3,5.54,MECH,4,41.6,FAIL
8,7,1,13,15,73,1.7,2,6.7,5,4.18,CSE,3,38.46,FAIL
9,11,5,17,12,61,8.3,2,8.7,3,5.04,CSE,2,44.87,FAIL
17,7,4,15,14,85,6.6,0,6.6,3,5.31,ECE,2,55.84,D
12,10,7,20,11,69,6.0,1,4.1,6,5.73,CSE,3,46.74,FAIL
9,4,3,12,11,55,1.2,2,7.3,5,3.86,ECE,3,30.35,FAIL
13,7,3,10,15,81,4.4,2,3.7,6,4.56,MECH,3,40.82,FAIL
12,9,5,9,16,53,6.4,3,4.8,6,4.81,CSE,1,35.45,FAIL
9,9,3,12,14,62,5.2,2,5.7,5,4.17,MECH,2,34.96,FAIL
8,3,3,10,8,43,2.0,1,5.5,5,3.73,CSE,3,26.56,FAIL
10,11,0,10,16,53,2.7,1,6.2,3,5.07,CSE,4,39.03,FAIL
18,10,2,10,17,77,3.1,2,5.4,4,4.87,MECH,4,49.14,FAIL
12,7,4,14,11,45,2.8,2,4.9,5,5.09,ECE,4,37.09,FAIL
20,6,2,13,13,52,7.1,4,9.3,5,4.52,CSE,3,34.96,FAIL
7,10,2,10,6,74,0.2,1,6.0,6,4.34,MECH,2,34.33,FAIL
11,9,5,10,13,66,5.3,2,3.7,6,4.55,CSE,1,38.47,FAIL
13,10,5,13,14,100,1.4,1,6.5,8,5.02,ECE,2,53.33,D
11,8,6,11,13,100,2.1,1,5.3,3,4.88,ECE,1,50.9,D
8,6,3,12,11,61,0.0,1,5.7,5,4.02,MECH,4,32.67,FAIL
13,8,3,17,12,83,2.9,2,8.1,3,5.93,MECH,2,45.25,FAIL
12,12,7,12,22,86,7.0,3,6.3,8,5.3,ECE,1,50.55,D
17,10,4,9,14,66,4.5,0,5.3,4,4.48,ECE,4,45.59,FAIL
11,7,2,15,13,52,1.6,2,7.7,7,5.36,CSE,3,34.28,FAIL
17,8,7,17,16,74,6.0,1,8.7,8,5.35,CSE,3,52.14,D
18,11,5,17,18,72,6.5,1,7.8,6,5.74,CSE,2,58.04,D
17,10,5,16,13,68,4.2,2,3.3,6,5.01,ECE,4,44.7,FAIL
13,8,5,13,14,81,8.1,1,5.3,5,5.64,CSE,1,48.92,FAIL
17,8,5,12,8,63,5.6,1,7.1,4,4.89,MECH,3,41.75,FAIL
13,13,5,18,16,57,5.4,3,6.6,4,5.19,MECH,3,49.03,FAIL
18,8,3,16,14,76,2.4,2,6.5,5,4.63,MECH,3,45.32,FAIL
16,10,4,16,10,80,5.3,3,5.5,9,5.11,ECE,4,43.22,FAIL
8,9,5,12,8,57,4.4,3,4.9,3,4.81,ECE,4,32.8,FAIL
20,10,5,18,11,88,5.0,2,10.0,5,6.42,ECE,3,56.31,D
13,7,3,9,8,48,2.6,1,7.0,6,3.83,MECH,4,31.57,FAIL
10,10,4,11,17,66,4.3,4,8.0,4,5.61,MECH,3,39.87,FAIL
15,10,3,10,8,71,2.4,3,7.0,6,5.13,MECH,1,38.72,FAIL
15,3,1,17,11,65,0.0,1,7.1,2,4.7,ECE,1,40.24,FAIL
15,10,5,12,9,66,6.0,3,6.9,8,5.34,MECH,3,40.16,FAIL
11,9,3,17,9,100,1.0,2,5.3,7,5.17,MECH,1,43.22,FAIL
15,5,4,6,10,62,4.2,2,4.7,5,5.08,ECE,1,33.68,FAIL
19,10,5,15,22,100,4.7,0,7.6,3,6.34,CSE,2,66.74,C
13,10,5,14,12,81,4.7,0,7.3,7,5.27,ECE,1,46.48,FAIL
12,9,4,12,9,76,3.4,2,8.4,3,5.2,CSE,4,37.9,FAIL
16,9,5,12,13,82,4.5,1,8.1,3,5.42,MECH,4,50.18,D
13,10,4,19,14,100,4.9,0,5.8,5,5.59,ECE,4,57.0,D
14,8,4,14,12,60,5.5,1,8.7,8,5.38,ECE,2,38.17,FAIL
18,13,4,13,12,58,7.5,2,8.1,6,5.63,CSE,2,46.11,FAIL
18,10,3,12,12,63,4.5,1,8.0,4,5.74,ECE,3,42.91,FAIL
14,11,3,11,16,75,4.1,1,10.4,2,6.42,MECH,2,50.54,D
5,4,2,7,10,49,2.2,3,10.1,5,4.65,CSE,2,17.58,FAIL
13,9,5,12,12,75,4.9,1,8.0,6,6.3,MECH,4,45.29,FAIL
19,10,3,15,18,100,5.3,0,7.8,5,5.9,CSE,1,63.05,C
10,8,5,22,19,77,3.6,1,8.6,9,4.71,CSE,3,53.69,D
17,8,3,12,15,70,5.1,3,6.1,5,5.33,MECH,1,43.67,FAIL
11,7,4,12,17,65,3.4,1,6.1,1,5.5,MECH,3,42.63,FAIL
13,9,6,13,13,88,5.3,1,8.0,4,5.47,CSE,2,49.44,FAIL
12,6,2,14,13,62,5.8,2,5.7,6,4.87,CSE,1,35.86,FAIL
19,12,7,12,13,100,5.8,0,7.9,6,5.69,ECE,3,58.75,D
11,12,4,13,9,100,4.2,2,7.2,5,5.82,ECE,2,47.64,FAIL
14,10,6,16,11,78,1.9,1,5.7,4,5.39,CSE,3,51.74,D
14,10,5,14,12,74,2.8,1,7.0,1,5.31,CSE,4,49.91,FAIL
13,12,2,17,13,90,5.2,0,9.0,5,6.14,MECH,3,50.58,D
18,8,5,19,16,91,8.9,0,7.1,4,5.56,CSE,3,57.96,D
12,11,3,13,9,62,3.3,1,7.1,5,5.33,CSE,2,38.95,FAIL
9,10,6,9,18,67,4.9,0,7.5,6,4.88,MECH,4,47.52,FAIL
10,3,3,12,7,55,2.9,3,7.7,7,4.3,MECH,1,25.46,FAIL
10,7,1,15,11,81,2.1,1,6.5,3,5.43,ECE,3,43.85,FAIL
12,7,6,10,12,84,2.6,2,7.5,2,5.81,MECH,1,42.89,FAIL
12,7,4,10,12,54,0.0,1,5.4,4,4.18,MECH,1,39.39,FAIL
13,8,5,15,16,68,6.7,1,5.8,4,4.94,CSE,1,46.27,FAIL
12,6,3,11,9,54,0.0,2,6.0,3,4.16,CSE,2,34.81,FAIL
11,11,1,14,10,61,3.5,2,7.7,8,4.68,CSE,2,33.57,FAIL
10,11,6,14,5,83,1.6,0,7.2,5,5.34,ECE,1,46.12,FAIL
12,5,3,13,7,63,2.2,2,6.8,9,3.93,ECE,3,31.87,FAIL
16,10,7,11,14,70,6.8,0,8.0,5,5.24,CSE,3,47.84,FAIL
8,11,4,17,11,50,4.4,0,7.6,3,5.15,MECH,4,44.55,FAIL
16,6,4,7,16,77,2.1,2,6.6,3,5.13,MECH,2,44.53,FAIL
17,10,1,15,14,74,2.8,1,5.4,7,4.76,MECH,3,49.5,FAIL
11,6,2,7,8,64,2.5,1,5.8,3,3.56,MECH,2,30.53,FAIL
13,6,6,16,14,72,3.9,1,4.8,6,4.66,ECE,2,43.93,FAIL
21,13,6,17,10,77,4.3,1,7.2,4,5.85,MECH,4,55.83,D
16,8,5,12,15,62,7.8,2,5.7,3,5.19,MECH,3,46.38,FAIL
10,6,4,8,12,52,0.2,0,6.3,8,4.15,ECE,2,34.86,FAIL
20,9,5,13,16,100,3.9,2,6.8,4,5.17,ECE,2,57.14,D
16,10,3,14,10,65,3.4,0,8.6,3,4.51,ECE,3,49.74,FAIL
10,12,3,11,17,73,5.9,1,8.4,5,5.76,ECE,2,46.33,FAIL
14,8,4,14,10,90,4.7,2,6.9,4,5.66,MECH,3,47.73,FAIL
17,10,5,17,12,100,5.2,1,8.9,9,5.47,ECE,2,53.9,D
16,8,2,6,9,56,4.7,3,4.0,7,4.83,MECH,4,30.78,FAIL
10,11,4,9,8,81,2.1,2,9.8,4,5.33,MECH,4,39.31,FAIL
16,8,4,17,17,64,6.4,1,8.0,4,5.18,CSE,2,47.42,FAIL
12,12,4,8,18,66,5.6,0,7.2,1,5.28,MECH,3,47.94,FAIL
15,10,1,10,12,64,5.8,0,5.7,5,4.6,CSE,2,44.24,FAIL
12,7,3,19,17,58,6.5,2,6.3,4,5.45,ECE,3,43.53,FAIL
7,10,4,15,11,74,4.8,0,7.9,5,5.23,MECH,1,42.39,FAIL
9,11,1,18,13,52,7.0,0,7.9,1,6.19,CSE,1,41.73,FAIL
10,7,6,11,12,89,4.8,0,8.0,5,4.2,MECH,4,43.9,FAIL
11,9,6,9,10,75,3.6,0,5.9,8,5.21,ECE,4,38.95,FAIL
14,9,6,14,15,81,4.0,1,5.6,5,5.37,ECE,2,52.95,D
11,5,4,14,13,68,4.0,3,7.3,3,5.24,MECH,4,35.23,FAIL
11,1,2,6,10,69,3.0,3,8.2,5,4.43,ECE,4,25.24,FAIL
13,13,5,14,15,79,7.3,2,7.0,5,4.86,MECH,4,50.96,D
12,8,6,10,15,57,4.6,2,9.2,9,5.12,CSE,2,36.86,FAIL
16,9,2,13,12,69,4.2,0,7.0,4,5.34,ECE,1,45.94,FAIL
13,6,8,16,20,62,4.8,4,7.0,3,5.35,CSE,3,47.33,FAIL
17,9,6,15,18,61,10.0,0,8.0,5,5.73,ECE,1,55.42,D
12,11,1,14,11,43,1.7,0,8.8,5,4.89,MECH,2,40.83,FAIL
13,14,3,13,13,95,2.3,1,5.0,6,4.8,MECH,1,51.27,D
5,3,2,13,16,64,1.2,2,5.3,7,4.11,ECE,2,31.71,FAIL
15,9,4,16,15,92,3.5,0,6.5,9,4.96,ECE,1,51.32,D
14,14,4,18,15,91,4.5,2,11.7,4,6.05,ECE,4,57.67,D
15,8,0,13,9,55,3.1,1,6.6,4,5.43,CSE,2,35.11,FAIL
15,8,1,16,12,58,2.9,2,6.8,1,4.49,MECH,1,39.82,FAIL
13,9,4,15,16,100,4.3,2,7.9,6,4.75,MECH,3,53.82,D
15,10,5,17,20,100,3.0,3,8.5,3,5.19,CSE,1,56.29,D
16,12,6,9,13,74,4.6,2,7.3,7,5.44,ECE,1,47.4,FAIL
13,11,4,17,16,78,6.2,1,8.7,4,5.78,CSE,3,54.89,D
11,5,4,14,10,65,5.4,5,5.2,8,3.9,ECE,1,30.76,FAIL
11,9,5,14,17,81,5.8,1,5.9,2,5.78,MECH,1,53.0,D
16,10,3,17,15,64,6.2,1,8.7,7,5.07,ECE,4,48.58,FAIL
16,7,4,8,9,44,4.6,0,7.0,7,4.74,CSE,2,31.9,FAIL
12,6,4,9,12,55,3.7,0,5.1,6,4.87,CSE,2,38.9,FAIL
12,7,8,16,15,75,2.5,0,5.0,3,6.27,CSE,2,55.03,D
11,5,5,11,11,58,3.2,2,5.8,6,3.95,ECE,3,35.05,FAIL
7,6,1,10,14,73,3.0,1,7.0,5,4.12,ECE,2,36.34,FAIL
13,10,6,10,18,58,5.5,1,7.7,1,5.83,MECH,4,45.33,FAIL
12,7,2,16,9,63,4.7,0,6.5,8,5.2,MECH,4,41.89,FAIL
13,10,7,10,17,87,5.4,1,7.6,4,5.15,ECE,1,48.76,FAIL
11,7,3,12,8,78,1.7,1,6.3,8,3.98,MECH,4,36.38,FAIL
17,12,5,13,17,74,6.9,1,8.8,5,5.91,CSE,4,52.15,D
16,9,7,16,16,88,3.1,1,10.8,7,6.4,CSE,2,56.89,D
15,11,4,12,10,82,1.8,1,6.4,3,4.77,MECH,2,45.22,FAIL
16,6,6,20,20,96,3.1,1,7.7,5,5.64,MECH,2,58.01,D
13,9,3,18,13,68,9.0,0,7.6,5,4.79,ECE,1,47.06,FAIL
12,7,2,12,15,68,3.2,1,7.2,4,5.0,MECH,3,41.01,FAIL
11,6,4,15,12,55,3.3,0,8.0,3,4.97,ECE,3,41.94,FAIL
13,5,5,9,9,68,3.6,0,7.7,1,6.23,ECE,1,42.67,FAIL
16,12,4,14,14,89,3.7,1,6.3,3,5.23,CSE,2,53.88,D
8,11,7,14,17,94,2.4,0,9.0,6,5.84,MECH,3,52.41,D
15,11,5,9,14,89,4.3,2,7.3,2,5.47,ECE,2,46.23,FAIL
13,7,3,11,10,48,6.2,1,6.4,3,5.12,CSE,4,34.25,FAIL
19,11,5,21,19,91,4.6,1,10.7,2,7.31,MECH,4,64.8,C
14,6,2,11,10,47,1.8,2,6.8,5,5.25,CSE,4,32.89,FAIL
16,10,6,18,16,88,3.3,1,7.4,3,6.6,MECH,3,57.2,D
15,10,3,9,8,69,2.9,1,7.3,7,4.98,MECH,2,39.94,FAIL
16,8,5,11,18,85,4.1,2,6.8,6,5.2,CSE,4,47.66,FAIL
14,7,6,13,18,55,6.7,1,7.7,5,5.34,ECE,2,42.19,FAIL
11,10,5,16,13,92,3.7,0,5.7,6,5.52,MECH,1,49.89,FAIL
15,8,4,14,10,53,3.8,2,7.9,3,5.22,CSE,3,37.38,FAIL
14,10,4,14,21,64,7.6,2,4.4,3,5.02,CSE,1,48.51,FAIL
11,11,6,10,13,60,5.8,1,5.1,6,4.45,ECE,4,38.3,FAIL
8,7,4,10,9,48,5.1,3,9.7,7,4.59,CSE,3,27.43,FAIL
9,12,6,14,17,76,7.9,1,5.1,6,5.96,ECE,1,47.27,FAIL
22,11,4,14,17,100,5.0,1,4.1,4,6.22,MECH,1,62.94,C
16,12,3,13,19,100,0.0,1,5.2,4,6.71,ECE,2,58.71,D
12,13,7,17,22,76,5.7,3,9.6,3,6.11,ECE,3,57.27,D
8,6,5,12,12,91,0.8,2,4.3,7,4.27,CSE,1,38.74,FAIL
13,13,3,16,16,78,4.9,3,5.6,1,5.4,MECH,1,50.78,D
15,8,5,11,11,82,0.6,0,4.8,1,5.02,CSE,4,48.46,FAIL
16,7,6,14,10,69,3.1,0,6.6,1,6.09,ECE,4,50.2,D
16,7,4,9,14,77,3.3,0,6.3,1,5.87,ECE,4,47.71,FAIL
9,11,3,14,6,83,2.5,2,6.3,8,4.12,MECH,4,39.81,FAIL
12,11,7,13,20,66,3.3,1,9.8,7,4.99,CSE,1,52.37,D
14,11,6,14,16,73,6.1,1,5.2,3,4.72,MECH,1,54.52,D
13,7,3,16,14,74,2.6,1,6.8,5,5.28,CSE,1,46.86,FAIL
16,9,3,19,9,87,5.1,2,7.5,8,4.98,MECH,3,45.16,FAIL
15,3,3,8,10,59,2.1,3,5.5,6,4.09,ECE,3,30.79,FAIL
12,7,4,15,7,74,3.6,1,7.7,9,3.87,ECE,3,36.5,FAIL
15,11,6,20,19,100,4.6,0,6.4,5,6.1,CSE,2,66.3,C
11,13,3,14,19,92,2.0,1,7.6,4,6.06,CSE,4,57.23,D
14,8,3,10,14,95,1.4,1,6.8,3,5.11,ECE,1,47.49,FAIL
11,8,1,14,8,75,5.0,1,3.9,5,4.94,CSE,2,35.6,FAIL
16,10,6,18,10,79,6.2,2,9.0,7,5.33,MECH,2,50.23,D
16,11,5,11,10,90,3.8,2,10.1,5,5.68,ECE,4,48.87,FAIL
19,13,4,11,12,98,3.1,0,6.7,4,5.22,MECH,1,55.23,D
10,5,2,11,6,45,4.3,1,5.7,8,3.67,MECH,1,25.84,FAIL
14,8,4,13,11,55,4.1,1,9.3,6,5.63,ECE,2,38.81,FAIL
12,9,5,16,18,94,4.5,0,9.8,5,4.62,ECE,1,53.36,D
7,7,2,12,9,70,0.0,0,6.7,3,5.04,ECE,1,38.65,FAIL
15,6,2,13,9,64,1.9,1,6.7,4,4.94,MECH,2,37.74,FAIL
15,7,2,12,12,56,2.3,1,6.9,6,5.33,CSE,2,40.87,FAIL
11,6,0,13,14,66,4.3,2,4.5,3,4.9,MECH,4,38.98,FAIL
6,6,6,14,15,53,4.4,2,6.6,3,4.8,CSE,2,38.27,FAIL
20,8,6,12,22,100,5.3,0,9.6,4,5.81,MECH,3,64.83,C
17,9,3,14,12,74,4.5,2,6.7,5,5.41,CSE,2,45.13,FAIL
10,6,4,9,10,74,1.4,0,5.4,8,4.05,CSE,3,34.99,FAIL
18,9,3,14,9,83,6.9,1,7.7,3,5.45,ECE,3,48.62,FAIL
15,10,6,17,12,89,6.5,2,6.0,5,5.34,ECE,3,49.06,FAIL
13,3,7,15,12,89,1.5,1,6.9,4,4.79,ECE,3,49.87,FAIL
9,9,6,16,12,91,4.7,2,5.1,5,4.91,CSE,3,44.2,FAIL
15,8,0,14,9,65,2.8,3,5.4,8,4.45,CSE,3,30.83,FAIL
8,11,2,14,10,70,4.3,0,8.1,5,5.16,ECE,2,38.59,FAIL
21,12,3,12,19,86,6.1,1,7.2,3,6.19,MECH,4,60.29,C
20,12,4,14,10,67,8.3,0,5.8,7,5.33,CSE,4,49.37,FAIL
5,6,4,14,17,74,5.5,1,7.2,7,4.6,CSE,1,37.98,FAIL
17,10,6,13,9,80,4.6,0,6.1,3,4.44,ECE,1,52.79,D
13,9,2,16,18,86,3.3,2,5.8,3,4.9,CSE,4,50.51,D
13,7,4,13,8,48,4.4,1,8.7,6,5.17,ECE,4,35.07,FAIL
12,11,1,17,13,85,6.7,0,8.2,5,6.24,ECE,3,50.84,D
13,15,3,11,14,71,3.9,0,7.0,4,5.71,CSE,2,51.91,D
10,9,2,13,14,85,2.2,1,7.2,7,5.43,MECH,3,42.59,FAIL
11,9,1,17,16,86,0.8,0,7.0,4,5.67,ECE,3,53.89,D
20,12,6,15,13,99,5.0,2,7.7,6,5.99,ECE,2,54.6,D
19,10,4,19,15,95,4.5,3,5.8,7,6.25,CSE,3,54.73,D
17,8,5,10,15,95,2.7,1,8.3,4,5.82,ECE,4,52.99,D
17,15,4,16,20,96,6.1,1,7.5,1,7.34,MECH,2,65.53,C
11,6,6,8,14,79,3.2,3,6.6,4,4.93,MECH,1,40.38,FAIL
8,8,2,6,15,75,3.7,1,6.3,5,4.78,CSE,4,34.77,FAIL
16,9,6,9,18,88,4.0,1,8.3,7,5.29,CSE,4,52.29,D
20,7,6,13,14,85,3.3,3,6.8,4,5.39,MECH,2,48.7,FAIL
17,5,4,17,17,70,4.5,3,6.0,8,4.6,CSE,4,42.66,FAIL
16,10,5,11,15,81,6.3,0,6.4,2,6.12,CSE,1,50.5,D
14,9,2,12,12,74,1.7,2,8.2,5,4.97,ECE,2,38.89,FAIL
13,10,1,11,13,62,5.0,2,4.6,5,4.52,MECH,1,36.45,FAIL
17,8,5,15,15,94,4.3,2,6.5,8,5.08,MECH,4,51.52,D
20,8,5,14,17,75,4.3,2,8.6,2,6.32,MECH,4,55.41,D
15,14,5,15,18,100,5.7,2,6.7,6,5.95,MECH,2,56.42,D
8,6,2,3,6,50,4.1,2,7.4,5,3.93,CSE,2,17.69,FAIL
13,9,3,16,9,66,5.0,2,8.6,8,5.77,CSE,4,37.69,FAIL
15,12,2,18,16,75,5.4,0,8.3,3,5.94,MECH,3,58.47,D
17,6,6,14,12,92,3.0,2,6.3,6,5.57,CSE,3,49.77,FAIL
15,8,4,15,17,80,4.6,2,6.8,3,6.04,CSE,1,47.78,FAIL
12,12,3,10,9,79,3.5,2,8.4,5,5.86,CSE,3,38.07,FAIL
9,6,4,10,11,58,3.7,6,8.4,4,4.61,CSE,1,24.84,FAIL
7,6,2,12,9,57,3.4,2,6.9,4,4.32,ECE,4,27.57,FAIL
16,10,4,14,18,79,4.9,1,6.9,1,7.0,CSE,1,57.61,D
14,6,5,11,7,54,4.2,2,7.4,6,4.4,CSE,1,34.32,FAIL
15,8,3,20,16,67,4.8,2,9.1,3,5.73,MECH,2,46.35,FAIL
17,11,3,16,19,82,4.0,1,8.6,3,6.52,ECE,4,55.64,D
7,9,0,7,12,60,0.8,1,8.0,2,4.69,ECE,1,30.98,FAIL
12,8,5,24,16,99,4.1,1,5.4,3,5.55,MECH,3,61.55,C
16,9,4,17,18,93,4.1,1,6.6,6,5.91,CSE,1,55.7,D
15,8,6,9,14,51,4.5,0,6.7,6,4.76,MECH,1,40.73,FAIL
14,11,3,12,6,61,2.8,2,9.1,6,5.13,CSE,4,36.94,FAIL
7,5,4,4,12,40,1.6,3,6.6,3,4.34,ECE,4,23.83,FAIL
20,7,3,10,17,63,5.2,3,8.9,5,5.05,CSE,4,44.86,FAIL
8,5,5,16,16,86,3.5,1,6.1,4,5.21,ECE,2,48.72,FAIL
14,7,6,10,9,68,4.3,2,6.3,7,5.44,ECE,2,38.03,FAIL
14,7,3,9,10,81,3.4,2,7.7,6,5.09,CSE,1,37.1,FAIL
11,5,3,15,5,52,4.0,1,9.4,4,5.29,CSE,4,32.53,FAIL
14,9,4,19,16,86,3.1,0,6.7,7,4.61,ECE,3,55.36,D
12,7,4,14,16,66,2.1,2,3.2,6,5.33,CSE,4,41.75,FAIL
10,12,6,19,16,75,4.9,1,4.7,2,5.55,ECE,4,56.82,D
13,9,3,10,16,73,2.8,1,7.4,2,5.54,MECH,4,47.25,FAIL
13,10,5,14,12,55,4.3,1,4.8,2,5.4,MECH,1,41.38,FAIL
14,7,4,15,13,57,4.8,3,5.7,8,4.29,MECH,3,37.34,FAIL
19,8,7,14,15,89,2.8,1,7.0,3,6.14,ECE,1,57.62,D
8,8,4,7,11,80,1.6,3,3.3,9,3.49,MECH,4,29.95,FAIL
22,9,3,17,18,90,8.9,2,6.4,3,5.96,MECH,1,56.33,D
11,11,5,14,15,79,2.9,7,5.3,3,4.79,MECH,1,36.36,FAIL
11,6,4,11,9,77,5.2,3,4.8,7,4.03,MECH,4,31.29,FAIL
11,9,3,13,9,49,7.9,1,5.8,7,4.58,CSE,4,34.8,FAIL
8,10,5,10,18,70,5.6,4,5.4,6,5.03,ECE,1,36.55,FAIL
11,6,3,13,15,74,3.4,1,7.7,6,4.54,CSE,4,44.78,FAIL
19,12,4,17,17,100,3.9,2,8.8,3,5.45,MECH,4,63.27,C
14,12,3,14,13,85,2.3,3,6.5,7,4.96,ECE,4,46.79,FAIL
17,9,6,14,13,98,5.8,0,6.1,5,5.75,CSE,1,57.17,D
16,8,4,10,16,83,5.1,3,6.4,4,5.43,MECH,4,42.53,FAIL
14,7,3,11,8,64,3.0,4,5.3,5,4.06,MECH,3,29.98,FAIL
9,9,4,10,14,76,1.9,3,5.1,7,4.38,ECE,1,35.87,FAIL
14,10,4,16,7,78,1.4,3,4.5,6,4.26,CSE,2,42.05,FAIL
14,8,3,18,14,60,6.0,1,5.0,1,5.41,CSE,2,48.85,FAIL
10,8,6,7,15,69,4.2,1,9.4,7,4.88,CSE,1,40.53,FAIL
14,8,5,12,14,71,4.4,2,6.0,7,4.87,MECH,3,44.66,FAIL
13,8,7,11,16,99,2.4,0,2.6,4,4.48,CSE,3,53.94,D
5,4,1,4,5,43,1.1,4,6.1,5,3.42,CSE,4,8.54,FAIL
13,8,5,16,18,93,5.9,0,4.6,5,5.84,CSE,4,58.3,D
12,10,2,11,12,60,4.1,1,7.1,1,5.72,CSE,1,43.8,FAIL
11,8,2,10,13,54,5.8,0,6.9,4,4.91,ECE,1,39.31,FAIL
18,13,6,12,9,92,3.2,0,7.1,4,5.58,CSE,3,53.67,D
13,11,4,18,17,85,3.5,2,6.9,5,5.13,CSE,2,52.11,D
16,10,4,16,14,93,5.4,1,6.4,4,6.35,MECH,2,54.02,D
18,7,6,14,16,87,5.5,1,4.8,6,5.2,MECH,1,53.79,D
20,14,6,20,20,100,5.6,0,6.9,3,5.84,MECH,1,73.26,B
12,6,1,13,21,83,3.4,1,8.5,7,5.73,ECE,4,45.53,FAIL
10,8,6,14,16,72,5.2,3,9.7,6,5.09,CSE,2,43.81,FAIL
16,9,5,12,16,80,6.2,0,6.6,8,5.32,CSE,2,50.81,D
13,8,3,12,16,93,3.8,2,6.8,8,4.7,CSE,4,47.14,FAIL
10,6,2,12,10,63,3.0,1,7.8,8,4.95,ECE,3,35.53,FAIL
18,8,5,16,15,65,6.7,3,9.2,3,6.17,MECH,1,48.98,FAIL
10,6,3,13,14,70,2.7,0,6.3,6,4.13,ECE,2,42.3,FAIL
16,7,3,14,10,43,5.3,0,8.0,4,4.21,ECE,3,38.29,FAIL
13,9,4,13,7,77,3.9,0,5.8,10,4.75,CSE,4,41.88,FAIL
11,5,4,13,14,46,0.3,2,7.5,6,5.09,ECE,1,34.46,FAIL
22,9,5,13,17,75,6.3,3,8.5,8,5.79,MECH,1,48.35,FAIL
13,5,6,14,8,87,0.0,3,5.1,6,4.56,CSE,2,39.48,FAIL
8,7,0,8,7,67,0.0,2,6.2,1,4.45,CSE,2,29.17,FAIL
13,10,4,14,17,100,5.1,0,8.4,3,5.57,CSE,4,54.2,D
11,9,6,16,24,53,5.1,0,7.9,4,5.44,CSE,3,53.34,D
16,9,8,9,15,92,2.7,3,8.6,4,6.11,CSE,1,45.91,FAIL
17,7,6,16,12,85,4.3,2,8.3,6,5.15,MECH,4,47.85,FAIL
4,5,3,9,3,49,0.0,2,6.5,6,3.91,ECE,1,18.56,FAIL
17,13,7,18,19,100,5.4,1,10.3,1,6.63,CSE,4,68.29,C
19,8,6,20,17,74,4.5,0,7.2,5,6.17,CSE,4,57.08,D
12,6,3,8,11,61,3.9,3,2.4,4,4.6,CSE,4,33.51,FAIL
14,4,4,7,10,53,4.0,2,6.6,8,3.95,ECE,2,25.98,FAIL
8,6,2,16,12,71,5.0,1,6.3,6,4.51,MECH,1,35.87,FAIL
12,7,4,12,10,73,3.9,1,8.2,5,4.82,ECE,2,37.98,FAIL
13,6,3,16,9,76,0.3,2,6.3,5,5.33,ECE,4,37.99,FAIL
18,12,6,18,8,70,8.4,0,8.6,2,6.38,CSE,1,54.85,D
13,10,4,16,12,84,6.4,0,7.8,6,5.5,MECH,3,52.19,D
10,8,3,8,10,69,1.4,1,5.5,4,3.25,ECE,4,37.08,FAIL
11,9,1,9,7,45,3.3,0,6.8,3,4.29,MECH,1,30.28,FAIL
12,8,3,18,14,72,3.5,1,5.8,8,4.85,CSE,1,47.38,FAIL
13,3,5,10,6,39,6.2,2,7.3,6,4.86,ECE,3,23.47,FAIL
13,8,1,15,13,80,0.0,3,5.8,4,4.96,MECH,1,41.93,FAIL
9,9,3,8,9,60,3.0,2,7.1,4,4.22,MECH,3,31.46,FAIL
11,9,6,9,9,77,0.5,2,6.6,6,4.76,ECE,4,38.39,FAIL
10,10,6,14,18,94,3.4,3,6.8,6,4.91,MECH,2,46.89,FAIL
7,7,4,11,5,60,3.1,3,10.1,5,5.11,CSE,1,26.57,FAIL
15,7,6,17,16,90,4.2,2,6.5,3,5.3,MECH,3,52.4,D
7,10,3,12,15,68,2.8,0,4.1,3,5.36,ECE,2,44.52,FAIL
15,10,6,14,14,100,2.5,1,8.5,4,5.93,ECE,2,54.93,D
15,10,6,10,9,69,5.2,1,8.5,5,5.32,MECH,3,39.84,FAIL
13,7,4,20,13,62,4.9,5,4.0,5,5.45,MECH,2,37.31,FAIL
21,13,6,10,13,85,5.1,1,5.9,5,5.25,ECE,3,51.88,D
13,8,2,21,15,68,3.6,2,7.7,5,4.38,CSE,1,47.85,FAIL
11,7,2,14,14,62,2.9,2,7.8,9,5.01,ECE,1,34.34,FAIL
14,6,5,14,12,67,3.8,2,7.0,7,4.95,ECE,2,38.0,FAIL
9,6,8,9,10,74,5.0,0,7.0,7,4.96,CSE,1,41.27,FAIL
15,9,4,14,12,95,0.0,0,5.6,6,4.54,ECE,2,52.36,D
9,6,5,6,11,45,4.8,3,3.4,5,4.61,MECH,4,27.57,FAIL
18,9,0,14,14,75,4.6,2,10.1,6,5.9,ECE,2,43.69,FAIL
15,8,5,17,13,84,4.1,2,5.5,5,4.87,CSE,1,47.41,FAIL
15,7,3,9,12,77,3.7,1,7.3,7,5.33,MECH,3,39.17,FAIL
12,8,7,15,9,94,0.0,0,6.8,3,5.39,MECH,2,54.29,D
9,8,5,11,11,73,3.1,0,8.3,6,4.69,MECH,1,42.85,FAIL
12,8,5,17,15,72,7.6,1,7.2,5,5.61,MECH,1,49.33,FAIL
9,10,4,10,15,83,4.0,1,7.2,1,5.53,MECH,1,44.13,FAIL
12,6,6,17,13,76,3.4,3,3.0,5,5.38,ECE,1,39.95,FAIL
11,7,6,15,7,69,4.0,4,5.7,2,4.94,MECH,4,34.6,FAIL
19,11,4,13,13,82,4.7,1,8.1,4,6.41,CSE,4,55.1,D
10,9,6,11,17,65,5.3,2,8.0,5,5.33,ECE,1,40.81,FAIL
18,4,5,15,13,65,3.5,3,5.6,2,4.24,CSE,1,43.87,FAIL
8,2,4,10,11,67,4.8,3,4.6,5,3.82,MECH,4,27.74,FAIL
14,12,7,14,17,95,7.4,1,7.2,5,5.94,CSE,2,54.49,D
6,8,4,12,7,26,6.0,1,2.6,7,4.52,CSE,4,22.87,FAIL
17,12,4,19,14,80,8.7,0,5.3,4,6.45,ECE,2,60.44,C
12,8,5,11,11,75,2.7,3,9.6,6,5.29,MECH,1,40.15,FAIL
12,8,4,17,12,49,7.4,3,9.2,5,4.96,MECH,3,34.07,FAIL
14,8,2,13,11,79,2.4,0,7.7,4,5.06,ECE,4,45.27,FAIL
18,11,3,18,15,82,4.7,0,7.5,2,5.88,CSE,1,57.6,D
12,10,2,18,15,83,5.5,1,4.1,5,5.81,MECH,4,47.84,FAIL
9,7,0,5,10,35,3.0,1,5.9,6,4.35,ECE,3,20.15,FAIL
19,13,4,20,10,95,4.2,0,6.6,3,6.27,MECH,2,63.3,C
10,7,6,17,21,63,5.8,2,5.9,5,5.42,MECH,3,49.62,FAIL
22,9,2,15,15,85,2.6,0,6.5,5,5.65,ECE,4,55.99,D
21,8,3,7,13,86,7.3,1,8.9,7,4.7,ECE,4,45.2,FAIL
10,6,6,10,9,61,1.2,4,6.2,5,4.06,MECH,1,30.04,FAIL
12,10,3,13,15,84,7.9,2,6.5,6,5.18,CSE,1,44.6,FAIL
10,7,4,9,12,69,6.0,1,8.1,5,4.85,MECH,2,38.23,FAIL
11,3,4,10,8,43,3.8,3,4.9,4,4.45,ECE,4,26.43,FAIL
15,6,4,7,13,92,3.2,3,5.7,3,4.8,ECE,1,40.19,FAIL
5,8,3,11,14,63,3.0,0,5.9,4,4.36,CSE,2,34.94,FAIL
9,6,2,15,12,62,3.7,0,7.1,6,4.77,MECH,3,39.19,FAIL
12,7,3,13,12,68,3.9,1,6.5,5,4.21,MECH,4,42.01,FAIL
10,9,5,18,17,79,6.5,3,6.5,8,5.01,CSE,3,45.4,FAIL
15,12,3,15,18,74,7.9,2,6.0,7,5.69,MECH,2,48.89,FAIL
14,8,6,14,18,83,4.4,0,5.4,7,4.44,ECE,3,55.66,D
11,8,1,9,7,54,2.3,1,7.9,1,5.48,ECE,3,34.94,FAIL
8,5,4,5,8,63,2.9,2,6.5,8,4.09,MECH,1,25.93,FAIL
13,8,2,10,11,73,3.6,1,7.9,6,5.25,CSE,3,39.53,FAIL
15,7,5,11,8,100,1.9,2,5.3,6,4.62,MECH,1,41.78,FAIL
9,7,2,9,9,73,1.6,1,6.0,7,4.8,MECH,1,31.6,FAIL
18,11,6,21,19,91,8.2,1,6.7,5,5.86,MECH,1,66.28,C
15,9,6,14,18,75,4.6,1,6.8,3,5.7,MECH,4,54.73,D
13,6,5,17,12,67,2.3,4,8.1,8,4.39,MECH,1,39.3,FAIL
15,10,4,19,20,71,5.6,3,6.4,3,5.74,MECH,4,53.38,D
13,8,6,10,10,72,1.6,3,8.1,3,5.59,MECH,3,40.07,FAIL
13,8,4,16,15,84,1.8,3,7.6,5,5.22,ECE,1,47.35,FAIL
13,7,4,17,16,95,2.4,0,6.8,4,5.26,ECE,1,57.76,D
17,11,6,14,16,80,7.3,3,5.6,5,5.46,ECE,1,51.25,D
14,9,2,14,14,92,3.5,1,8.1,5,4.97,ECE,2,48.66,FAIL
11,5,2,7,8,60,0.0,3,5.6,8,4.07,MECH,1,21.35,FAIL
16,7,5,22,17,68,6.4,1,7.0,6,5.59,MECH,1,53.94,D
11,13,3,18,15,64,3.4,0,6.9,3,5.88,ECE,2,53.45,D
12,2,4,12,14,79,0.3,1,6.7,4,5.56,CSE,2,39.31,FAIL
12,6,6,16,13,69,3.4,1,6.4,4,4.57,MECH,4,45.63,FAIL
15,9,3,14,15,85,5.0,2,5.8,4,5.63,CSE,3,45.83,FAIL
13,10,5,15,15,61,4.8,2,4.6,4,4.81,MECH,1,45.51,FAIL
17,10,4,18,15,75,7.6,2,9.1,3,6.68,ECE,2,55.12,D
13,9,4,12,13,85,2.3,1,6.3,6,4.66,CSE,1,44.7,FAIL
10,7,4,8,11,44,4.1,2,6.8,4,5.11,CSE,4,27.67,FAIL
17,13,6,13,14,100,2.6,2,6.8,3,5.21,CSE,1,57.97,D
12,8,4,13,11,70,0.9,0,8.6,6,4.74,CSE,2,43.31,FAIL
11,6,4,11,9,44,5.8,1,9.9,7,4.46,CSE,2,30.59,FAIL
11,10,4,12,20,77,4.9,3,7.2,5,4.4,MECH,1,46.34,FAIL
13,8,3,17,16,75,4.6,2,6.8,9,4.41,ECE,1,45.06,FAIL
13,12,5,13,16,73,4.9,1,5.3,9,4.58,ECE,2,50.0,D
10,12,2,14,16,89,2.6,0,4.8,6,5.72,CSE,1,50.11,D
9,8,3,10,15,86,2.0,0,4.3,4,4.46,MECH,3,44.0,FAIL
17,8,4,14,16,79,4.1,1,5.8,6,4.78,CSE,4,51.4,D
15,8,5,16,13,81,6.3,1,3.9,3,4.79,ECE,2,52.69,D
14,13,6,17,16,73,7.2,1,8.6,3,6.51,ECE,1,53.15,D
16,14,6,18,14,100,5.6,0,7.6,2,6.03,CSE,3,66.5,C
9,7,3,9,13,52,4.1,0,6.6,4,4.66,CSE,2,36.04,FAIL
13,10,6,11,9,77,4.5,2,8.7,3,5.5,ECE,3,43.18,FAIL
15,9,4,11,13,75,4.0,1,5.4,6,3.99,MECH,3,44.49,FAIL
12,10,4,13,11,87,1.9,2,5.8,4,4.43,CSE,3,43.14,FAIL
13,6,6,14,6,62,4.0,1,4.1,6,4.09,ECE,2,39.65,FAIL
15,7,4,17,11,48,1.3,1,8.2,6,4.67,CSE,1,43.29,FAIL
10,12,7,13,10,77,3.8,1,5.8,7,3.64,MECH,1,45.38,FAIL
12,11,2,10,17,79,7.3,0,7.0,4,6.07,MECH,2,46.84,FAIL
18,12,7,20,15,97,5.6,4,8.5,6,6.07,CSE,1,58.46,D
7,7,5,11,5,55,2.2,2,9.1,6,3.79,ECE,4,26.01,FAIL
14,10,3,12,14,92,3.9,1,7.0,8,5.07,MECH,3,45.55,FAIL
16,8,5,18,13,100,2.3,0,7.6,7,5.93,CSE,4,56.36,D
17,11,4,13,6,69,3.9,2,5.6,8,4.1,CSE,1,41.2,FAIL
14,9,3,12,16,55,6.1,2,9.5,2,5.35,ECE,1,40.72,FAIL
14,11,4,16,14,68,5.3,0,6.8,4,6.7,CSE,4,48.29,FAIL
18,11,10,13,16,75,9.0,1,7.1,7,5.8,CSE,4,57.45,D
17,12,5,14,8,83,6.4,1,6.4,6,5.38,ECE,3,46.52,FAIL
16,7,5,9,11,66,4.4,1,8.8,5,5.01,MECH,3,38.8,FAIL
14,8,6,18,19,98,5.4,2,7.3,4,6.15,ECE,2,58.78,D
16,8,4,13,6,58,3.6,0,8.1,7,5.07,MECH,4,40.28,FAIL
16,7,1,12,8,48,1.7,2,7.5,1,3.77,MECH,2,33.1,FAIL
18,9,6,17,12,91,6.6,1,6.7,7,4.51,MECH,4,56.0,D
15,6,3,9,13,40,6.0,0,8.4,5,4.41,CSE,1,35.65,FAIL
12,9,2,14,11,71,3.5,3,7.5,4,5.15,ECE,4,35.27,FAIL
21,8,5,17,17,100,4.5,1,5.6,6,5.56,MECH,4,59.06,D
12,11,5,11,15,74,6.5,2,5.5,4,4.61,MECH,3,44.62,FAIL
13,8,6,15,12,58,5.7,1,7.2,5,5.0,MECH,1,43.65,FAIL
10,9,2,11,13,74,1.1,1,8.4,5,4.92,ECE,2,41.91,FAIL
11,6,4,11,12,74,4.5,1,9.5,6,4.97,MECH,4,37.06,FAIL
13,11,3,12,14,77,3.7,2,4.3,5,4.67,ECE,2,45.88,FAIL
12,11,4,10,13,84,6.2,2,7.0,1,5.72,ECE,2,45.54,FAIL
12,10,5,9,11,59,6.1,2,7.7,2,5.75,MECH,4,35.35,FAIL
14,9,5,19,14,100,6.6,1,7.4,3,6.28,CSE,1,56.98,D
16,6,4,10,12,78,1.8,2,8.5,6,4.47,MECH,3,39.15,FAIL
19,10,3,10,18,85,2.4,1,8.0,6,5.7,CSE,3,50.43,D
20,6,3,7,15,65,6.2,4,5.5,8,4.16,MECH,4,34.03,FAIL
13,7,4,9,12,94,2.8,2,5.5,3,4.63,ECE,2,43.74,FAIL
11,8,4,8,10,71,1.0,1,7.5,8,4.37,ECE,3,36.08,FAIL
17,9,5,9,17,79,5.1,1,8.5,1,5.84,MECH,3,53.86,D
8,8,3,13,15,61,2.9,1,7.2,5,4.84,MECH,1,41.5,FAIL
10,7,3,14,6,60,7.6,1,4.6,5,4.52,ECE,3,34.6,FAIL
10,11,7,13,13,85,4.6,0,5.4,5,5.77,MECH,3,48.13,FAIL
17,7,5,18,15,68,4.3,1,8.0,4,6.17,MECH,1,48.56,FAIL
9,9,2,10,12,62,3.3,3,6.5,5,4.79,MECH,4,29.33,FAIL
18,14,2,15,15,65,7.2,0,7.2,3,5.78,CSE,2,54.15,D
12,7,6,17,19,85,4.7,1,8.6,7,4.4,MECH,1,51.98,D
11,6,2,10,9,65,3.2,2,5.2,5,4.51,ECE,2,30.54,FAIL
11,10,4,14,10,73,2.4,0,6.4,6,4.46,MECH,3,46.18,FAIL
13,8,2,15,10,75,3.9,3,6.2,4,4.78,MECH,1,37.06,FAIL
8,4,3,8,5,46,2.0,2,7.5,4,4.2,ECE,4,24.02,FAIL
15,9,4,11,10,52,6.1,2,8.2,6,4.75,MECH,2,33.1,FAIL
9,7,4,6,7,80,0.4,1,4.8,8,3.6,ECE,3,32.91,FAIL
13,7,4,4,11,63,3.7,0,7.0,2,5.0,MECH,1,39.68,FAIL
16,9,5,13,18,90,5.2,0,8.3,2,5.58,CSE,4,59.72,D
12,12,3,16,13,89,4.7,2,4.2,6,5.59,ECE,1,48.07,FAIL
18,7,4,10,16,85,2.6,3,6.9,4,5.49,MECH,1,44.57,FAIL
14,8,5,18,19,100,5.3,2,5.2,5,5.85,CSE,2,55.76,D
15,7,4,11,12,73,2.2,1,6.0,5,5.35,ECE,2,43.24,FAIL
15,10,4,16,14,84,4.0,4,3.2,6,4.5,ECE,3,48.09,FAIL
9,9,3,11,16,66,5.3,2,9.1,4,5.63,MECH,3,42.0,FAIL
17,10,3,17,16,100,4.9,1,6.5,3,6.5,CSE,2,60.55,C
16,9,7,11,14,100,2.6,0,5.8,3,5.16,CSE,4,57.85,D
12,10,5,7,14,75,6.4,1,7.5,5,4.54,CSE,1,39.6,FAIL
13,12,8,13,15,80,4.2,1,5.4,2,5.14,CSE,3,52.72,D
17,11,6,13,16,95,5.5,1,5.3,5,6.1,CSE,1,54.42,D
13,13,5,14,17,72,7.1,1,9.3,5,5.29,CSE,2,54.17,D
15,11,3,15,13,65,6.2,3,9.7,4,5.42,CSE,1,43.21,FAIL
15,9,7,11,17,88,6.2,2,6.1,5,5.26,MECH,4,49.82,FAIL
14,11,2,17,15,76,4.4,2,8.6,2,5.64,ECE,2,47.55,FAIL
11,10,5,10,12,77,5.6,1,7.5,3,5.18,ECE,4,45.82,FAIL
13,10,4,9,15,62,4.4,1,4.9,3,4.25,ECE,3,45.83,FAIL
2,7,5,7,12,49,1.6,0,5.6,7,3.82,MECH,3,28.81,FAIL
14,9,4,14,10,78,4.6,1,9.3,10,4.94,CSE,4,40.87,FAIL
16,9,5,17,18,88,4.5,0,4.9,3,6.08,CSE,1,59.11,D
12,10,2,16,13,71,5.2,1,10.4,5,5.65,CSE,2,47.94,FAIL
10,6,2,12,17,96,3.7,0,6.1,4,5.03,ECE,3,50.31,D
13,7,4,13,15,64,2.5,1,9.4,5,4.67,ECE,3,42.92,FAIL
12,6,6,16,15,59,5.3,0,6.5,4,5.46,MECH,1,47.4,FAIL
12,8,4,10,15,73,1.4,0,8.2,6,4.66,CSE,3,42.93,FAIL
9,11,4,9,16,73,6.9,3,9.1,6,5.1,CSE,4,38.12,FAIL
16,10,5,14,14,86,3.5,2,9.1,3,5.82,CSE,1,51.65,D
14,7,4,15,5,63,4.5,2,6.1,6,4.45,ECE,3,37.7,FAIL
16,10,6,22,13,95,5.1,1,5.7,1,6.26,ECE,1,60.21,C
14,13,4,10,15,100,5.2,2,6.9,4,6.12,CSE,3,53.01,D
12,9,4,11,12,74,1.2,2,5.0,4,4.17,ECE,1,40.54,FAIL
16,9,4,18,13,93,5.6,3,7.4,5,6.71,CSE,3,49.13,FAIL
15,8,5,16,8,59,4.6,1,5.8,4,4.87,MECH,3,41.28,FAIL
12,9,2,13,11,91,2.7,3,8.6,4,4.29,ECE,4,43.31,FAIL
8,9,4,15,13,90,2.5,4,6.1,4,5.53,CSE,2,38.24,FAIL
5,5,4,11,12,87,3.3,0,4.4,5,3.82,ECE,1,40.73,FAIL
11,4,2,10,17,74,1.4,1,9.1,6,5.5,CSE,2,40.32,FAIL
13,8,2,10,10,30,7.4,1,7.3,5,4.8,MECH,2,27.88,FAIL
13,6,8,15,14,65,7.0,2,7.0,4,5.41,MECH,1,42.05,FAIL
14,7,5,9,15,65,4.9,0,8.6,7,5.05,CSE,4,41.42,FAIL
10,9,4,15,9,60,3.6,2,8.3,8,4.93,CSE,3,34.05,FAIL
19,9,5,14,16,76,3.6,3,5.9,2,5.09,MECH,4,49.14,FAIL
13,8,2,9,10,68,5.5,0,6.3,5,5.15,CSE,1,40.92,FAIL
15,11,5,15,13,62,7.5,0,5.3,4,5.34,ECE,2,51.37,D
6,6,5,7,6,59,2.9,7,4.8,7,2.84,MECH,4,12.54,FAIL
10,7,3,17,16,64,1.8,3,7.9,5,5.05,CSE,3,39.18,FAIL
19,14,8,12,17,91,7.1,2,7.6,5,6.32,MECH,4,60.71,C
11,8,3,10,10,65,0.4,1,8.1,6,4.75,ECE,4,35.54,FAIL
4,6,4,10,8,67,2.0,3,8.9,4,5.23,ECE,4,26.46,FAIL
15,5,2,15,17,68,3.5,3,8.2,8,5.57,MECH,2,39.19,FAIL
14,8,4,15,14,80,0.9,2,8.3,6,4.88,MECH,3,43.29,FAIL
17,8,5,10,12,81,6.2,1,3.9,7,5.06,MECH,1,44.12,FAIL
13,6,3,10,10,29,5.7,2,6.5,5,4.09,MECH,1,25.13,FAIL
13,8,3,18,14,90,2.9,0,8.4,5,4.51,MECH,2,55.66,D
24,6,5,19,17,96,6.6,0,5.2,7,5.76,MECH,1,61.32,C
14,8,3,18,11,59,6.9,2,7.1,6,4.85,MECH,1,42.83,FAIL
4,5,5,12,15,60,3.8,0,7.8,3,4.15,ECE,1,39.35,FAIL
13,7,4,8,11,68,3.1,0,7.7,5,4.94,CSE,1,41.8,FAIL
18,8,4,10,14,63,8.5,1,7.6,6,5.4,MECH,3,41.22,FAIL
10,10,6,13,17,78,5.4,0,7.9,5,5.38,ECE,1,50.71,D
10,8,3,9,13,45,4.5,1,7.3,6,4.63,ECE,1,35.63,FAIL
15,9,5,17,14,58,6.7,1,4.8,5,4.16,MECH,1,49.73,FAIL
15,6,6,23,23,98,4.6,1,7.8,1,6.67,ECE,4,64.04,C
12,11,1,14,10,61,3.0,1,7.4,2,5.31,ECE,1,44.1,FAIL
18,7,6,17,16,93,4.2,1,4.8,7,5.75,CSE,2,58.39,D
11,10,5,12,12,80,6.1,1,9.1,5,5.45,CSE,4,46.09,FAIL
9,4,3,11,7,47,0.0,0,7.8,5,4.41,MECH,3,31.38,FAIL
9,8,4,8,10,84,3.4,3,4.9,5,4.13,CSE,2,36.33,FAIL
13,6,5,11,14,73,6.8,1,5.8,3,5.13,CSE,1,44.08,FAIL
12,10,3,16,13,68,3.0,2,6.2,4,4.22,CSE,4,45.06,FAIL
18,9,9,16,14,78,7.1,1,6.2,6,5.56,ECE,4,53.31,D
16,11,5,17,15,82,6.8,0,7.4,6,5.05,MECH,2,58.88,D
11,7,1,6,10,85,3.9,0,5.5,9,4.59,ECE,1,35.12,FAIL
18,13,2,13,12,92,2.9,2,8.7,4,5.64,ECE,1,53.36,D
15,6,5,11,9,81,3.4,1,8.6,8,4.86,MECH,1,37.97,FAIL
8,4,3,17,13,54,9.3,1,7.9,3,5.05,MECH,4,36.21,FAIL
18,13,7,19,15,67,7.7,2,7.1,6,6.21,ECE,1,53.91,D
16,8,5,19,16,100,4.3,0,8.4,5,5.89,MECH,4,58.52,D
15,10,5,15,12,85,2.8,2,6.6,5,6.01,MECH,3,46.82,FAIL
18,13,3,19,16,100,4.2,1,5.9,5,5.06,ECE,3,61.11,C
15,9,6,13,15,95,4.5,1,8.8,4,5.73,CSE,4,51.4,D
15,8,4,11,9,78,1.5,2,7.5,7,4.81,MECH,2,38.73,FAIL
19,11,3,20,15,79,4.2,1,6.0,3,6.13,MECH,4,60.33,C
16,10,3,16,16,74,6.6,0,6.4,6,6.14,ECE,2,53.76,D
9,8,5,12,8,48,0.4,3,5.9,7,3.66,MECH,2,30.69,FAIL
16,10,5,12,17,75,5.7,2,10.0,8,5.01,MECH,2,49.9,FAIL
17,9,4,16,17,93,6.7,1,7.0,7,5.66,ECE,3,57.17,D
15,10,3,16,20,66,2.9,1,7.2,6,5.36,CSE,1,53.48,D
13,11,5,20,15,81,7.4,0,8.1,4,5.98,ECE,2,58.72,D
12,9,5,14,14,87,2.6,2,5.2,3,5.42,ECE,2,48.34,FAIL
10,10,2,10,10,61,4.9,2,8.6,3,5.95,MECH,1,33.4,FAIL
18,10,4,10,12,68,3.4,2,6.1,3,5.57,MECH,3,44.72,FAIL
8,6,1,12,7,59,3.4,2,9.7,5,5.58,MECH,4,28.18,FAIL
16,10,4,13,13,62,2.8,3,6.5,4,5.16,ECE,4,39.01,FAIL
15,11,6,11,16,55,5.4,0,8.6,7,5.62,ECE,3,48.75,FAIL
9,6,2,13,11,61,5.7,1,3.3,4,4.26,CSE,3,36.66,FAIL
13,14,5,17,12,96,3.9,1,5.2,5,6.56,ECE,3,53.01,D
11,7,3,10,18,61,1.3,1,6.6,4,5.17,CSE,2,37.95,FAIL
13,10,3,8,12,76,4.8,0,4.0,2,5.25,CSE,1,42.41,FAIL
15,8,4,15,12,67,4.8,1,7.9,7,5.6,MECH,4,46.73,FAIL
8,11,2,9,17,92,3.6,0,7.5,6,5.27,ECE,3,49.38,FAIL
16,10,4,20,14,94,7.7,2,5.5,7,5.95,ECE,2,52.78,D
10,9,4,19,11,87,0.9,4,7.0,6,5.26,ECE,3,44.13,FAIL
16,3,4,13,15,79,0.0,1,8.2,3,5.54,CSE,4,45.84,FAIL
13,7,3,10,15,71,2.5,2,3.8,4,4.5,CSE,1,41.75,FAIL
11,7,6,17,12,57,5.4,2,5.1,6,5.17,CSE,3,36.93,FAIL
18,5,5,13,9,100,1.9,1,6.5,8,4.86,CSE,4,44.5,FAIL
10,9,6,12,14,63,2.0,0,7.0,6,5.0,ECE,3,42.37,FAIL
15,9,4,17,8,84,5.9,2,6.9,7,5.42,CSE,1,43.29,FAIL
15,6,3,12,16,90,4.9,2,8.3,4,4.95,MECH,3,45.66,FAIL
15,9,3,17,8,66,4.8,2,7.7,7,4.63,ECE,4,39.26,FAIL
17,13,8,20,15,90,5.6,3,8.0,4,6.34,ECE,2,59.78,D
18,8,3,20,14,86,3.1,4,4.9,5,4.96,CSE,3,51.21,D
15,8,6,18,13,100,3.2,2,7.2,4,6.33,CSE,4,51.01,D
9,4,2,11,11,67,5.6,1,6.5,7,4.41,ECE,1,31.19,FAIL
15,4,3,7,9,55,1.3,1,9.2,7,4.85,MECH,4,28.36,FAIL
10,5,3,11,10,67,0.0,3,7.3,2,4.85,ECE,2,33.42,FAIL
14,11,2,13,13,78,3.1,2,6.0,8,4.63,MECH,1,40.16,FAIL
15,8,5,17,13,75,5.9,1,8.3,10,4.49,CSE,4,44.81,FAIL
20,6,6,13,14,69,4.5,1,7.8,4,5.44,MECH,3,48.63,FAIL
10,6,5,9,14,46,5.7,3,5.8,5,4.21,ECE,3,27.22,FAIL
12,9,3,5,15,82,0.0,1,6.5,7,4.27,MECH,1,41.35,FAIL
13,11,3,15,17,100,4.6,3,6.5,5,5.66,CSE,2,52.49,D
13,10,5,13,16,81,5.3,2,8.8,5,5.5,CSE,4,50.31,D
11,8,5,12,8,84,1.3,2,7.3,9,5.19,CSE,4,39.01,FAIL
16,9,4,13,7,83,5.7,1,8.1,2,4.7,MECH,2,47.97,FAIL
17,9,6,14,13,80,3.8,2,6.3,3,5.33,CSE,2,52.78,D
19,11,5,15,22,88,10.1,2,7.5,6,6.02,ECE,4,58.12,D
10,8,3,10,12,80,0.0,1,9.0,2,5.31,MECH,4,42.51,FAIL
12,9,6,18,16,70,6.7,1,6.5,4,5.22,MECH,1,52.64,D
11,7,5,12,12,63,3.2,1,7.2,4,5.49,MECH,1,40.92,FAIL
11,6,5,12,11,71,0.8,0,5.0,7,4.19,ECE,3,40.72,FAIL
8,9,5,12,11,79,2.9,3,5.9,6,5.01,CSE,3,34.97,FAIL
13,8,3,13,16,70,4.6,2,6.5,2,5.87,MECH,1,43.77,FAIL
11,11,1,18,15,79,6.1,1,5.4,4,5.52,MECH,3,46.78,FAIL
17,12,2,14,13,81,7.4,3,9.0,4,5.43,ECE,3,47.49,FAIL
13,11,4,18,11,87,6.8,2,5.7,5,5.47,CSE,3,51.36,D
20,8,6,16,17,94,2.1,1,8.2,3,5.6,MECH,2,61.31,C
16,9,6,12,14,76,6.3,1,7.3,6,4.61,ECE,2,49.49,FAIL
11,8,3,8,12,55,4.8,1,7.0,4,4.65,ECE,2,37.14,FAIL
13,8,5,15,10,69,2.7,1,9.2,6,5.02,ECE,2,45.07,FAIL
16,12,2,12,16,75,3.6,1,3.6,5,5.83,MECH,1,50.21,D
8,5,5,10,8,47,2.6,1,6.7,3,4.83,MECH,4,27.24,FAIL
18,10,4,13,17,95,4.1,0,5.4,8,5.24,ECE,3,54.45,D
13,8,5,8,10,77,2.5,2,4.1,8,5.31,CSE,1,37.85,FAIL
10,6,5,13,9,80,1.9,2,5.2,6,5.07,MECH,1,38.23,FAIL
18,8,6,10,16,95,5.0,4,7.0,5,6.1,ECE,2,48.43,FAIL
10,10,2,15,15,65,5.3,0,5.9,3,5.06,MECH,1,47.19,FAIL
15,6,3,15,15,83,3.6,0,8.3,7,4.63,ECE,4,50.39,D
16,10,6,14,15,73,6.7,1,6.7,7,5.41,ECE,2,48.85,FAIL
12,10,5,11,18,72,3.5,0,6.5,3,6.14,MECH,2,53.05,D
16,7,2,15,14,63,3.4,1,6.5,4,5.7,MECH,4,46.06,FAIL
19,13,6,5,17,99,5.3,0,6.9,6,6.08,CSE,3,57.6,D
11,6,2,12,5,69,3.7,1,6.4,3,4.85,ECE,2,31.38,FAIL
15,7,2,17,10,85,4.2,2,5.7,4,4.63,ECE,3,45.61,FAIL
4,3,2,9,12,46,0.0,2,8.5,3,4.07,CSE,3,25.71,FAIL
17,12,5,13,12,92,4.0,1,6.1,3,5.77,MECH,2,54.52,D
8,10,2,9,12,90,0.3,2,6.4,4,4.87,CSE,2,40.45,FAIL
13,9,5,20,11,76,1.6,3,7.6,7,5.29,ECE,2,41.99,FAIL
13,12,2,10,8,71,1.3,1,7.5,1,4.5,CSE,3,43.55,FAIL
13,9,4,12,10,81,1.9,3,5.7,6,4.76,ECE,4,36.34,FAIL
19,11,5,13,14,100,2.9,1,8.1,6,5.19,MECH,2,57.29,D
9,9,6,8,7,48,3.0,1,7.8,7,4.93,ECE,2,29.73,FAIL
17,9,6,8,14,86,5.3,0,7.3,6,5.8,CSE,3,47.37,FAIL
5,8,3,10,10,61,4.4,2,6.4,4,4.6,ECE,4,31.15,FAIL
10,6,2,12,12,74,0.2,0,6.4,3,5.28,MECH,3,40.91,FAIL
11,5,2,8,14,71,4.2,2,6.7,7,4.1,MECH,1,35.22,FAIL
16,10,2,4,15,68,4.6,5,5.2,6,3.97,MECH,3,32.01,FAIL
12,6,4,13,13,74,3.3,2,6.9,4,4.77,CSE,2,42.73,FAIL
13,7,5,10,7,57,3.9,3,8.3,7,3.79,ECE,2,30.75,FAIL
12,13,5,20,19,90,4.4,1,8.3,4,5.73,CSE,2,59.1,D
11,4,3,11,13,48,5.5,0,6.4,5,4.76,MECH,4,32.14,FAIL
10,9,4,7,11,83,0.9,1,8.6,4,5.03,CSE,4,41.85,FAIL
10,9,7,17,12,70,3.5,0,9.9,6,5.5,CSE,4,46.7,FAIL
10,8,3,17,11,57,7.0,1,6.5,3,5.02,MECH,3,38.62,FAIL
13,10,5,10,17,78,6.8,2,8.0,4,5.17,CSE,2,45.08,FAIL
17,7,3,13,14,51,5.7,1,3.6,4,4.31,ECE,3,42.72,FAIL
12,9,4,17,14,75,5.1,2,5.1,6,4.45,MECH,4,45.29,FAIL
9,6,5,18,16,53,7.3,1,7.1,6,4.79,CSE,1,41.57,FAIL
15,12,7,21,16,81,7.8,0,5.5,3,6.16,CSE,2,61.39,C
14,5,3,12,18,61,3.7,1,10.1,6,4.22,ECE,1,44.5,FAIL
10,12,5,12,12,68,2.1,1,7.9,2,5.04,MECH,1,44.59,FAIL
18,9,5,12,8,79,3.5,4,8.4,9,5.44,ECE,4,39.15,FAIL
20,11,3,15,19,63,10.2,1,7.0,4,6.37,ECE,2,54.79,D
10,10,3,7,9,74,0.9,2,5.5,7,4.1,ECE,3,31.36,FAIL
10,6,7,14,15,52,3.1,2,6.2,5,5.66,CSE,1,35.9,FAIL
9,8,3,11,13,84,1.2,1,7.4,5,4.55,ECE,4,43.57,FAIL
16,7,4,14,14,100,4.2,3,6.0,3,5.72,MECH,1,47.99,FAIL
14,7,4,13,13,100,1.6,1,8.0,7,4.71,MECH,4,50.3,D
18,6,4,17,9,76,3.8,4,8.1,5,5.52,CSE,4,41.77,FAIL
15,11,2,16,12,86,0.1,0,7.0,6,6.25,CSE,2,51.4,D
12,9,0,7,14,48,5.2,2,4.3,5,5.47,MECH,1,28.72,FAIL
22,11,4,25,20,97,6.4,2,9.6,5,6.64,CSE,3,67.66,C
16,8,4,17,16,86,3.2,1,6.7,3,5.2,ECE,3,54.29,D
11,10,5,11,11,67,3.7,0,11.1,5,5.34,MECH,2,41.19,FAIL
16,10,4,16,19,93,3.7,0,8.0,4,6.29,CSE,2,61.22,C
16,7,4,13,14,71,4.4,0,6.7,4,5.61,CSE,3,46.57,FAIL
14,11,2,10,15,68,3.9,1,7.7,5,5.16,CSE,4,44.1,FAIL
11,9,2,13,18,82,5.5,3,4.0,6,5.2,MECH,3,43.16,FAIL
15,11,5,11,15,59,6.5,0,8.5,6,5.77,ECE,1,49.8,FAIL
13,10,6,18,13,90,2.4,0,10.9,5,6.34,ECE,2,57.98,D
10,11,4,5,13,59,3.4,0,3.9,6,3.64,CSE,2,38.06,FAIL
9,8,6,11,14,59,5.8,1,6.6,5,5.18,CSE,2,40.86,FAIL
8,3,5,8,12,61,1.2,3,6.8,5,4.84,ECE,1,29.13,FAIL
18,7,5,17,8,86,0.1,1,8.3,5,4.8,CSE,1,48.01,FAIL
13,10,3,16,17,65,4.5,1,10.2,7,5.83,MECH,3,49.56,FAIL
16,9,4,14,13,54,5.0,0,7.6,3,5.03,ECE,3,46.89,FAIL
13,10,4,17,9,65,2.6,0,10.2,4,5.91,ECE,1,45.92,FAIL
9,7,3,12,12,74,2.8,0,7.3,6,4.79,MECH,4,42.72,FAIL
8,11,4,11,11,57,2.5,1,7.7,2,5.15,MECH,1,40.83,FAIL
8,9,5,10,11,57,2.3,0,7.5,8,4.51,CSE,4,38.96,FAIL
24,12,7,16,17,100,5.4,2,8.8,6,6.79,CSE,3,62.88,C
10,6,3,13,11,62,1.6,1,6.4,7,4.75,MECH,1,37.11,FAIL
13,12,4,15,15,70,3.5,2,8.2,7,4.73,CSE,4,45.44,FAIL
13,9,4,13,11,69,2.2,1,5.2,6,4.44,ECE,4,41.29,FAIL
13,6,5,10,10,68,1.1,1,6.6,1,4.93,MECH,1,40.52,FAIL
18,13,7,13,15,84,5.7,0,6.0,5,5.52,MECH,3,58.0,D
12,9,4,20,17,89,3.0,0,7.1,5,4.9,ECE,4,55.64,D
10,12,4,12,16,70,4.4,0,6.5,3,5.27,ECE,3,48.55,FAIL
9,6,4,16,5,56,1.0,2,8.7,1,5.71,CSE,3,36.01,FAIL
10,9,6,14,11,94,2.5,0,5.7,6,5.83,MECH,4,51.54,D
11,11,5,12,7,73,5.5,1,4.4,3,4.52,ECE,4,40.28,FAIL
5,9,4,18,18,100,9.2,2,5.0,9,4.88,MECH,1,45.05,FAIL
10,4,2,12,11,41,0.0,2,8.5,6,3.78,CSE,1,27.75,FAIL
13,2,3,12,11,77,3.6,2,5.5,8,3.87,ECE,3,37.5,FAIL
12,11,4,13,16,100,4.8,0,7.6,5,5.23,MECH,1,52.61,D
8,10,3,19,9,69,2.8,1,6.6,7,4.87,MECH,3,43.15,FAIL
19,7,3,15,17,71,5.7,2,8.2,5,5.45,MECH,2,45.78,FAIL
14,8,3,10,9,79,2.3,1,6.7,7,3.98,CSE,2,38.2,FAIL
14,9,6,17,18,66,4.3,3,11.1,1,6.47,MECH,3,47.27,FAIL
10,5,5,9,10,70,3.0,2,9.8,7,4.85,MECH,2,35.46,FAIL
14,8,4,16,18,69,6.4,2,6.5,6,5.0,MECH,3,48.42,FAIL
8,7,6,9,8,65,2.6,1,6.3,5,5.28,MECH,2,34.13,FAIL
17,11,5,18,13,93,3.3,2,11.7,4,6.26,CSE,3,55.92,D
11,9,4,20,18,81,5.9,1,5.4,4,5.49,ECE,3,52.95,D
5,10,1,9,15,78,1.9,4,6.9,6,4.66,ECE,1,28.7,FAIL
12,8,5,15,14,87,4.1,1,7.0,7,5.55,ECE,4,46.57,FAIL
8,7,2,12,7,71,0.4,3,7.0,4,4.55,MECH,3,28.52,FAIL
16,8,5,14,3,63,1.8,2,4.4,2,4.62,MECH,1,41.07,FAIL
16,7,2,13,16,65,4.8,3,7.7,10,4.1,MECH,4,37.39,FAIL
9,7,6,13,14,75,2.0,0,5.5,6,5.28,ECE,2,46.63,FAIL
13,9,4,17,13,59,2.9,1,9.2,4,5.84,MECH,4,47.11,FAIL
11,9,2,13,11,67,5.0,3,4.8,7,4.86,ECE,1,33.4,FAIL
17,9,1,9,10,67,2.8,1,7.1,7,4.47,CSE,1,38.98,FAIL
11,7,6,13,19,100,5.6,2,3.7,6,5.94,ECE,3,51.22,D
11,7,2,13,7,33,4.4,5,3.8,4,4.49,ECE,2,18.96,FAIL
17,7,1,17,15,72,4.9,0,5.7,6,4.81,ECE,4,48.36,FAIL
16,14,8,18,19,100,6.5,1,6.0,7,6.28,MECH,1,61.64,C
14,11,6,10,19,76,4.6,0,9.2,2,5.62,ECE,4,56.11,D
18,12,3,13,17,86,7.1,0,6.9,5,5.16,ECE,2,59.39,D
11,8,2,19,17,76,5.8,2,8.9,6,5.52,MECH,1,47.56,FAIL
14,5,6,14,8,64,3.0,0,6.4,6,5.25,CSE,4,43.06,FAIL
7,10,2,7,11,41,6.6,1,7.9,5,4.99,ECE,3,27.99,FAIL
8,11,4,14,12,78,4.5,4,5.9,7,4.43,ECE,1,35.89,FAIL
14,3,4,11,12,63,3.2,1,5.8,5,4.55,MECH,1,39.96,FAIL
10,11,3,16,13,62,4.6,3,4.3,5,5.35,CSE,1,37.2,FAIL
15,10,3,13,17,67,6.2,1,7.5,6,5.42,ECE,3,46.7,FAIL
13,11,2,20,17,100,4.9,0,7.4,5,5.84,ECE,1,56.98,D
19,10,6,17,16,100,7.6,1,8.2,2,6.51,ECE,2,64.08,C
11,12,8,7,13,78,6.2,0,7.3,5,6.11,CSE,4,46.05,FAIL
18,9,3,13,19,68,5.0,2,10.0,5,6.0,MECH,3,49.24,FAIL
12,5,1,10,11,57,1.9,2,7.3,4,4.02,ECE,4,33.26,FAIL
13,5,6,15,15,82,3.6,1,8.5,5,5.91,ECE,4,46.31,FAIL
11,9,2,15,17,100,4.1,0,6.5,1,6.33,MECH,2,58.28,D
14,7,3,10,15,71,5.4,2,5.6,7,5.76,CSE,2,40.35,FAIL
10,3,4,14,10,39,5.3,0,8.1,7,4.52,CSE,2,32.82,FAIL
14,13,4,21,17,85,4.3,1,6.9,2,6.3,MECH,2,62.58,C
19,10,6,13,18,89,4.2,0,8.2,4,5.98,ECE,3,60.8,C
14,4,4,13,13,51,5.4,1,7.5,8,4.1,ECE,4,35.58,FAIL
15,7,4,15,13,77,2.3,1,5.8,3,5.63,CSE,1,47.67,FAIL
21,10,4,13,13,81,7.4,2,8.6,6,6.23,CSE,3,51.37,D
2,6,3,12,7,73,0.0,3,5.7,4,4.32,ECE,4,23.6,FAIL
13,11,4,23,17,63,6.9,1,7.9,6,5.47,MECH,2,54.87,D
15,10,5,13,15,90,3.9,2,8.9,5,6.74,CSE,4,50.03,D
16,9,6,18,14,68,6.0,1,6.4,4,5.13,CSE,3,51.38,D
11,8,5,12,10,52,4.7,1,8.7,6,5.28,MECH,2,35.32,FAIL
12,9,3,9,11,44,4.7,2,7.6,4,4.28,CSE,3,31.8,FAIL
15,13,6,20,19,93,5.1,2,8.3,1,5.96,ECE,3,62.78,C
14,10,6,14,20,84,5.6,1,5.7,3,6.07,CSE,3,55.91,D
16,7,3,14,9,76,3.3,3,7.3,3,5.5,CSE,2,40.51,FAIL
14,9,5,13,16,68,6.1,1,4.9,2,5.31,ECE,4,46.17,FAIL
14,2,4,10,10,67,1.8,3,9.6,6,5.78,MECH,1,28.95,FAIL
7,8,4,14,16,58,4.0,1,4.0,5,4.11,ECE,2,37.81,FAIL
15,6,6,15,19,68,5.7,1,6.5,6,5.05,CSE,3,49.57,FAIL
8,7,5,18,13,43,6.0,2,5.6,6,4.82,MECH,3,37.44,FAIL
17,9,2,12,12,63,4.9,3,8.0,7,4.56,ECE,4,37.58,FAIL
12,7,2,13,13,70,3.2,1,9.9,6,5.45,ECE,1,41.75,FAIL
15,10,8,15,21,84,5.8,4,8.0,3,6.44,CSE,1,51.53,D
16,9,7,12,13,74,2.7,0,11.4,6,5.31,ECE,1,46.91,FAIL
15,9,6,20,16,86,7.5,0,4.9,5,5.33,ECE,2,61.3,C
16,11,4,12,13,95,3.8,3,5.0,9,4.83,MECH,3,46.45,FAIL
10,9,3,12,11,90,0.9,3,5.7,5,3.66,CSE,2,37.61,FAIL
15,10,3,12,15,82,1.6,2,7.2,6,5.46,MECH,1,47.37,FAIL
13,7,4,9,15,75,4.1,3,5.5,5,5.19,ECE,4,40.7,FAIL
14,9,3,13,15,60,4.3,0,5.9,5,4.74,CSE,4,44.12,FAIL
19,9,5,11,16,86,7.9,0,7.9,5,5.17,ECE,4,54.02,D
10,10,3,16,15,100,1.9,3,5.1,4,5.91,CSE,3,45.46,FAIL
14,3,6,12,14,80,4.1,2,5.3,5,4.92,ECE,1,43.52,FAIL
20,12,5,13,15,100,1.9,3,6.4,6,5.56,CSE,1,55.68,D
13,10,4,10,9,52,3.0,3,6.5,4,4.67,CSE,4,33.35,FAIL
20,9,1,12,6,57,7.4,2,8.5,7,4.42,ECE,4,35.2,FAIL
11,6,2,13,11,87,1.7,2,5.6,6,5.57,ECE,2,40.21,FAIL
16,10,3,17,12,78,5.2,1,5.9,3,6.06,CSE,2,53.75,D
18,11,6,17,19,94,4.8,0,7.9,3,6.36,CSE,2,64.06,C
12,9,3,22,11,74,4.0,2,8.2,6,5.37,CSE,3,46.96,FAIL
9,13,2,9,17,61,5.0,3,9.1,4,4.79,CSE,3,39.43,FAIL
19,8,5,9,11,71,1.7,1,7.7,3,5.55,MECH,2,48.02,FAIL
18,8,4,13,16,52,7.3,0,7.2,8,5.98,MECH,1,46.11,FAIL
16,10,5,12,20,58,7.8,0,7.9,3,5.69,ECE,2,53.07,D
15,10,3,19,17,89,4.1,0,6.6,2,5.83,ECE,1,57.83,D
17,9,5,22,22,88,8.8,2,6.6,3,5.68,ECE,2,59.64,D
13,4,5,10,9,80,3.2,2,4.3,5,3.91,CSE,3,39.3,FAIL
16,9,5,13,15,49,4.8,1,8.3,5,4.74,CSE,4,45.52,FAIL
13,8,3,16,13,69,6.9,1,7.3,9,5.82,ECE,1,44.93,FAIL
13,6,3,11,16,56,3.1,1,8.2,3,5.71,MECH,3,38.14,FAIL
12,7,5,15,12,92,1.2,3,2.8,5,4.75,MECH,3,43.55,FAIL
8,4,3,13,11,66,0.8,1,6.9,7,4.63,CSE,4,34.84,FAIL
11,10,5,8,13,58,8.1,2,5.7,4,4.75,ECE,4,39.82,FAIL
14,10,6,9,12,75,2.9,1,9.3,6,5.26,ECE,3,43.14,FAIL
12,9,4,12,13,65,3.6,0,7.9,1,5.19,CSE,2,48.06,FAIL
14,10,3,13,15,97,1.8,1,7.4,9,5.03,MECH,4,52.27,D
15,9,6,13,8,63,5.9,4,6.4,7,4.81,MECH,2,34.56,FAIL
14,8,2,8,10,54,2.4,1,7.6,4,4.6,ECE,1,36.69,FAIL
18,10,3,7,12,42,3.0,0,5.6,7,4.59,MECH,4,35.78,FAIL
17,12,4,14,15,74,4.6,1,6.9,8,5.93,ECE,3,51.38,D
10,8,2,8,14,66,1.9,3,6.1,2,4.89,CSE,4,33.99,FAIL
16,7,4,16,8,53,3.6,1,10.4,4,5.88,MECH,3,37.92,FAIL
14,7,5,19,16,92,6.8,1,9.2,8,5.21,CSE,4,54.8,D
13,6,4,17,17,85,4.9,1,8.6,5,5.62,MECH,3,51.36,D
14,10,5,15,11,74,4.3,5,4.8,6,4.25,CSE,1,38.18,FAIL
20,9,4,14,14,95,4.4,6,8.3,5,5.64,ECE,4,43.64,FAIL
12,9,5,13,18,84,3.2,1,7.3,7,5.49,ECE,3,49.82,FAIL
16,8,3,17,7,62,8.0,2,8.8,6,6.1,MECH,2,37.45,FAIL
12,11,7,13,9,59,2.4,1,7.5,5,4.34,MECH,1,39.58,FAIL
13,7,4,17,14,87,4.4,1,7.0,1,6.13,CSE,2,52.05,D
10,10,2,16,17,80,4.2,2,7.4,6,5.9,CSE,2,43.85,FAIL
11,9,4,16,18,77,6.0,1,4.3,6,5.68,ECE,2,50.82,D
18,9,5,17,17,62,6.2,0,5.8,3,5.44,CSE,3,52.41,D
13,9,6,17,12,84,3.9,3,7.6,3,5.34,MECH,1,45.35,FAIL
10,6,5,11,13,63,4.6,1,8.7,6,4.77,MECH,3,39.11,FAIL
14,6,5,15,11,73,4.7,0,6.2,5,4.75,MECH,4,48.26,FAIL
17,13,5,7,17,96,0.0,2,6.9,1,5.51,MECH,1,52.65,D
6,6,5,5,11,65,0.8,1,4.6,3,4.15,CSE,2,29.14,FAIL
6,8,4,10,11,51,2.8,1,9.2,6,5.03,MECH,3,30.03,FAIL
16,4,2,10,12,59,2.9,0,8.7,6,4.93,MECH,4,35.88,FAIL
15,5,4,19,17,89,1.6,0,8.0,4,5.49,ECE,1,53.59,D
10,7,3,12,14,78,5.5,1,7.6,5,4.6,CSE,3,42.92,FAIL
12,11,6,15,13,73,4.0,1,9.3,3,5.61,MECH,1,50.36,D
8,7,5,12,11,67,3.6,2,5.8,8,4.34,MECH,4,36.47,FAIL
16,8,6,10,16,82,1.5,3,5.6,5,5.98,CSE,3,46.59,FAIL
15,8,2,12,8,62,3.9,1,8.6,4,4.55,ECE,2,36.42,FAIL
14,7,5,12,15,79,0.0,2,8.5,3,5.04,CSE,4,47.23,FAIL
13,11,3,17,7,64,3.7,0,5.2,2,5.25,CSE,1,46.38,FAIL
12,10,4,9,11,61,4.1,3,6.2,9,3.98,ECE,2,32.95,FAIL
12,8,6,16,13,65,4.5,2,9.5,5,6.29,MECH,2,42.87,FAIL
11,7,2,14,21,69,0.9,1,7.6,4,5.83,CSE,1,44.28,FAIL
13,8,5,10,6,74,4.4,0,8.2,5,4.93,MECH,3,42.74,FAIL
11,9,1,5,11,78,1.9,1,5.3,4,4.64,ECE,1,33.29,FAIL
9,5,2,9,7,19,2.4,1,8.0,5,5.06,MECH,4,20.27,FAIL
9,11,6,17,16,62,5.4,5,4.9,5,5.62,CSE,1,37.53,FAIL
17,10,6,15,18,69,8.0,1,4.0,5,5.1,ECE,3,51.5,D
13,13,6,19,16,97,4.1,1,8.1,2,6.29,MECH,2,61.31,C
4,4,2,8,2,58,2.4,1,9.2,7,3.99,MECH,4,17.1,FAIL
13,9,4,18,21,77,4.4,0,6.6,4,6.46,MECH,1,54.0,D
16,12,5,11,19,97,5.9,2,6.2,4,5.94,CSE,1,55.92,D
19,9,4,15,19,55,5.2,1,9.6,4,5.61,MECH,1,51.69,D
15,10,6,12,16,80,9.5,1,6.7,3,5.71,ECE,1,49.43,FAIL
11,6,3,12,11,62,2.6,1,6.9,6,4.1,CSE,1,34.04,FAIL
14,9,3,12,12,67,4.5,0,9.5,7,5.39,ECE,1,41.01,FAIL
11,13,4,18,9,62,7.1,0,6.5,4,6.35,ECE,4,49.27,FAIL
14,5,6,14,13,64,7.0,4,6.0,1,5.38,ECE,2,41.08,FAIL
12,8,4,16,10,100,0.1,2,8.2,3,5.05,CSE,1,46.62,FAIL
15,9,7,16,14,87,4.0,3,5.9,4,5.6,CSE,3,50.37,D
19,10,7,18,13,91,7.0,1,6.8,3,6.9,ECE,2,60.73,C
19,11,4,20,19,82,9.8,3,5.0,4,5.65,ECE,3,59.85,D
9,5,3,13,13,50,5.4,1,7.3,4,4.9,CSE,3,32.26,FAIL
16,8,4,19,8,80,3.3,1,7.1,5,5.66,MECH,1,49.8,FAIL
13,9,4,15,8,91,2.0,0,8.5,2,6.19,MECH,4,48.0,FAIL
12,9,6,14,12,62,8.4,2,8.3,6,5.39,ECE,3,43.59,FAIL
21,14,4,13,18,89,5.5,1,7.8,8,6.0,MECH,1,59.64,D
8,7,4,12,20,85,2.3,1,7.6,8,5.22,MECH,4,46.14,FAIL
14,7,5,15,12,100,3.6,2,6.9,4,5.75,ECE,2,47.66,FAIL
14,11,5,12,12,68,4.6,2,7.9,6,5.59,MECH,3,42.17,FAIL
11,0,5,15,9,58,5.1,4,5.3,6,5.12,CSE,4,24.69,FAIL
11,6,4,7,10,69,2.2,1,3.5,5,3.99,ECE,1,31.67,FAIL
12,10,4,13,15,96,2.8,1,8.7,5,6.39,ECE,4,49.25,FAIL
4,4,2,3,12,47,0.7,2,8.0,6,4.41,MECH,1,21.39,FAIL
10,8,4,10,8,43,6.1,1,6.8,7,5.31,MECH,3,29.09,FAIL
14,8,4,17,17,76,3.3,1,8.6,3,5.53,CSE,2,51.0,D
13,5,3,12,15,68,4.9,1,5.9,6,5.1,CSE,3,38.29,FAIL
17,11,4,12,13,75,6.8,2,5.9,8,5.35,CSE,4,43.11,FAIL
10,11,5,13,12,89,4.4,1,5.7,7,5.49,MECH,2,47.65,FAIL
12,7,6,14,13,66,3.8,2,7.9,8,5.56,MECH,2,39.69,FAIL
11,6,2,15,9,46,4.4,1,4.6,1,5.08,MECH,2,32.79,FAIL
12,14,3,18,14,100,4.1,1,5.8,6,5.49,CSE,1,55.62,D
14,10,5,10,9,60,6.5,1,7.4,6,5.66,ECE,2,41.42,FAIL
11,8,3,16,11,59,4.6,1,5.2,7,4.79,ECE,2,38.47,FAIL
18,14,4,20,15,91,2.9,0,6.0,3,6.97,MECH,3,62.0,C
15,6,4,15,14,69,6.1,3,3.7,4,5.26,ECE,3,40.08,FAIL
10,6,3,12,19,74,6.5,3,7.9,7,6.0,ECE,1,39.71,FAIL
18,9,7,11,13,82,1.3,2,6.0,3,5.55,MECH,1,49.18,FAIL
8,11,3,12,12,91,7.1,1,5.4,5,4.72,ECE,4,44.59,FAIL
8,5,4,11,7,69,4.7,1,5.1,5,4.63,ECE,3,34.27,FAIL
15,7,6,16,17,97,4.6,2,6.4,5,5.44,MECH,4,54.29,D
11,8,4,2,11,42,6.0,1,4.6,6,3.72,ECE,1,27.38,FAIL
13,7,3,10,14,86,2.9,1,9.9,3,5.58,ECE,1,47.21,FAIL
10,7,4,11,12,62,5.9,3,3.4,3,4.34,CSE,3,36.84,FAIL
14,9,2,17,16,95,3.2,1,6.3,5,4.9,CSE,3,53.55,D
14,10,4,11,13,77,1.1,2,7.2,3,5.21,MECH,1,46.87,FAIL
9,7,4,13,13,64,2.0,3,5.8,7,5.39,MECH,1,31.56,FAIL
11,10,6,17,18,84,5.1,1,7.3,3,5.09,CSE,1,53.33,D
9,5,4,10,12,88,2.1,2,5.8,7,4.3,CSE,1,37.18,FAIL
20,12,5,13,14,84,7.2,2,9.3,3,5.96,MECH,2,55.91,D
14,7,4,9,17,59,6.4,3,5.3,6,4.85,CSE,2,34.03,FAIL
15,6,2,12,11,67,6.7,3,3.5,2,4.56,ECE,4,39.29,FAIL
17,12,3,10,9,74,4.2,2,5.1,8,4.39,CSE,1,39.05,FAIL
15,12,6,18,14,74,4.5,2,7.6,7,4.71,MECH,4,53.07,D
14,9,4,14,15,86,1.6,1,6.8,4,5.37,MECH,2,50.08,D
17,11,5,15,10,44,6.0,2,8.1,3,5.37,MECH,1,40.78,FAIL
11,9,3,11,17,80,4.8,1,7.8,6,5.29,CSE,2,46.09,FAIL
13,9,5,13,14,70,5.1,1,6.0,2,5.27,MECH,4,48.51,FAIL
17,8,4,12,12,62,7.4,2,6.3,5,4.94,CSE,3,39.16,FAIL
5,6,1,12,12,63,2.8,2,6.4,3,4.99,MECH,2,32.07,FAIL
10,4,4,14,11,71,3.7,1,9.8,4,5.0,CSE,4,39.85,FAIL
13,6,5,9,10,20,4.7,0,8.0,4,5.18,ECE,4,28.32,FAIL
11,10,0,10,16,64,2.1,1,9.8,3,4.49,CSE,1,38.56,FAIL
13,8,4,15,10,61,3.6,1,8.3,8,4.39,ECE,2,37.23,FAIL
9,11,5,12,14,82,5.0,1,6.9,7,5.71,MECH,1,43.49,FAIL
9,8,7,14,9,62,3.3,1,5.5,2,4.82,MECH,1,42.75,FAIL
17,8,8,16,14,71,6.6,2,7.3,3,6.03,ECE,4,52.35,D
12,10,2,17,11,98,1.0,1,6.9,7,5.93,MECH,2,48.1,FAIL
19,10,7,15,15,89,6.2,1,6.9,7,5.98,CSE,1,57.97,D
16,8,4,18,13,88,5.3,3,6.7,2,5.3,ECE,3,47.33,FAIL
7,9,3,9,10,67,2.9,2,3.9,6,3.92,ECE,3,34.24,FAIL
14,6,3,14,10,83,2.2,1,8.9,6,5.13,MECH,2,42.46,FAIL
14,6,3,13,19,71,0.0,1,6.9,1,5.24,ECE,4,51.06,D
14,13,6,13,10,72,2.4,2,4.9,4,5.43,MECH,2,43.35,FAIL
16,11,1,18,13,81,6.1,0,7.7,5,5.26,CSE,4,53.64,D
7,8,3,15,13,66,3.9,2,5.7,5,4.64,CSE,1,39.32,FAIL
24,7,6,19,18,97,6.3,0,7.8,2,6.2,ECE,2,70.07,B
21,8,1,18,15,72,2.8,0,8.3,3,5.19,CSE,4,53.39,D
21,8,5,15,16,84,5.4,3,8.5,4,6.56,ECE,1,49.9,FAIL
15,9,3,14,12,96,2.6,1,6.8,4,5.48,ECE,2,51.83,D
13,9,5,15,18,90,2.1,1,6.4,4,5.38,CSE,3,51.8,D
11,6,4,11,9,53,3.8,2,6.1,5,5.11,CSE,4,29.87,FAIL
16,12,6,13,13,81,2.7,4,5.9,6,5.75,ECE,4,48.18,FAIL
15,10,0,8,12,87,0.9,0,7.0,9,4.65,MECH,3,43.54,FAIL
13,8,5,17,17,88,3.6,0,6.7,7,5.82,MECH,4,56.47,D
13,11,3,12,14,58,4.2,3,5.8,8,5.38,CSE,1,37.86,FAIL
17,7,6,13,12,65,6.5,1,5.3,4,5.19,MECH,3,46.05,FAIL
15,14,4,12,16,89,5.9,3,6.8,3,5.63,ECE,3,51.64,D
15,9,3,14,10,63,6.4,2,6.3,7,6.1,MECH,4,41.92,FAIL
18,9,4,15,21,70,5.4,1,5.3,5,5.68,CSE,1,56.99,D
19,13,6,12,13,98,4.7,0,8.2,6,5.79,MECH,4,61.39,C
15,8,5,13,16,74,1.5,1,9.7,3,5.67,ECE,1,47.71,FAIL
9,10,4,10,9,64,4.3,3,8.4,6,4.54,CSE,4,29.18,FAIL
10,6,3,13,15,61,5.2,0,5.9,5,5.53,CSE,1,42.22,FAIL
12,9,3,14,11,79,6.9,2,6.9,4,4.86,MECH,4,42.37,FAIL
12,10,5,10,16,55,5.4,0,9.3,4,5.84,ECE,4,46.73,FAIL
14,11,5,16,19,71,6.5,1,5.2,6,4.8,ECE,4,52.78,D
11,9,4,4,11,79,1.9,0,8.2,7,4.13,ECE,1,37.72,FAIL
13,9,6,14,15,94,3.3,1,4.8,4,4.39,MECH,1,51.7,D
14,10,3,18,17,85,4.9,2,9.5,6,5.42,MECH,3,49.04,FAIL
11,8,7,14,12,64,6.3,1,6.4,6,5.47,MECH,2,40.83,FAIL
13,10,5,10,17,92,3.7,1,10.3,6,5.06,MECH,1,49.93,FAIL
19,9,3,14,11,70,3.8,1,9.6,7,4.53,MECH,1,44.28,FAIL
14,6,3,7,18,56,5.4,1,6.8,9,4.34,MECH,3,39.2,FAIL
12,8,2,11,9,72,1.7,2,5.9,4,5.26,CSE,1,38.88,FAIL
13,13,4,21,18,96,7.2,2,7.3,8,6.23,ECE,4,57.52,D
10,13,4,12,10,77,2.2,1,6.7,5,5.07,ECE,2,41.6,FAIL
12,10,5,12,16,75,0.2,1,6.4,3,5.36,ECE,2,47.11,FAIL
20,11,4,20,23,99,4.0,1,4.5,4,5.89,MECH,3,69.5,C
13,9,7,8,14,53,7.4,2,6.2,6,4.81,ECE,2,38.66,FAIL
13,8,4,13,18,55,5.2,2,5.3,6,5.15,CSE,1,42.83,FAIL
15,8,3,11,14,50,5.5,1,7.8,3,4.54,MECH,3,39.12,FAIL
12,11,3,12,20,80,4.1,2,8.5,3,5.91,MECH,3,46.21,FAIL
17,10,3,11,15,77,3.7,1,8.1,4,4.84,ECE,1,45.82,FAIL
13,9,7,17,19,98,0.9,1,7.5,3,5.6,CSE,2,60.47,C
16,6,6,7,18,78,0.0,0,5.7,1,5.65,ECE,2,50.74,D
19,9,5,13,12,68,4.4,2,7.3,1,5.67,CSE,4,47.23,FAIL
12,8,5,13,14,75,6.6,2,8.2,4,5.74,ECE,4,45.29,FAIL
14,7,2,14,13,76,4.7,1,6.1,6,5.25,ECE,4,45.89,FAIL
14,9,0,11,10,49,5.2,3,7.2,6,5.1,ECE,4,32.41,FAIL
18,13,6,20,21,100,7.2,1,6.8,2,7.44,CSE,4,70.49,B
15,8,4,16,20,82,4.7,1,9.5,2,6.31,ECE,2,58.39,D
12,8,3,14,15,78,3.8,4,8.3,4,5.21,CSE,4,37.35,FAIL
8,9,5,13,12,84,2.4,1,7.9,5,5.17,MECH,1,42.06,FAIL
18,10,3,15,16,85,8.0,0,4.4,7,5.01,MECH,1,56.58,D
10,9,6,13,7,72,5.1,2,7.3,6,4.6,ECE,2,36.41,FAIL
3,5,6,10,6,65,2.1,3,6.8,4,3.64,ECE,2,27.35,FAIL
15,9,5,12,11,83,1.7,0,6.8,6,4.73,MECH,1,49.43,FAIL
16,9,4,17,16,80,6.5,3,4.7,3,4.89,MECH,4,46.97,FAIL
7,9,2,8,10,62,1.9,2,5.4,5,4.58,CSE,1,29.69,FAIL
20,13,5,23,18,96,7.7,3,6.9,5,5.82,ECE,2,61.06,C
12,13,4,8,10,79,0.0,0,8.7,8,4.11,CSE,2,45.48,FAIL
14,12,6,13,13,85,6.8,2,6.1,6,4.53,CSE,3,46.86,FAIL
15,11,6,10,12,95,5.0,0,6.4,3,5.7,MECH,2,51.23,D
12,8,6,12,14,75,4.2,1,9.7,3,4.83,CSE,1,47.42,FAIL
15,7,5,17,13,79,3.6,1,6.6,4,5.66,CSE,3,48.62,FAIL
15,9,7,14,18,87,7.8,1,6.8,2,6.32,MECH,1,57.2,D
16,9,4,17,11,64,5.4,0,6.8,5,5.03,MECH,2,49.8,FAIL
15,9,2,13,15,75,2.2,1,5.0,5,5.51,ECE,3,47.11,FAIL
11,13,5,7,12,76,0.6,0,7.9,6,4.8,CSE,2,44.67,FAIL
17,7,7,10,13,60,4.4,1,6.0,6,4.95,MECH,1,40.83,FAIL
15,9,5,17,14,100,4.0,1,7.0,5,6.04,MECH,1,52.7,D
15,7,2,8,7,53,1.0,2,7.7,2,4.51,ECE,1,33.56,FAIL
13,7,4,17,13,55,3.9,1,9.9,3,5.03,MECH,2,42.95,FAIL
17,10,4,12,10,94,2.9,1,5.0,4,5.37,CSE,3,48.48,FAIL
12,8,4,13,16,85,4.0,0,8.3,6,4.77,MECH,1,51.75,D
9,9,5,12,14,59,5.5,2,8.3,6,6.0,MECH,2,39.94,FAIL
17,11,4,19,13,84,7.0,2,6.0,5,5.74,MECH,2,55.5,D
12,9,4,11,11,97,5.8,0,7.9,10,5.36,CSE,4,44.22,FAIL
12,8,4,8,17,74,2.6,4,9.5,8,6.0,ECE,1,36.58,FAIL
15,11,4,13,8,100,4.7,2,5.9,7,4.93,ECE,3,46.68,FAIL
10,8,5,11,14,49,4.1,0,7.4,6,5.4,CSE,3,39.17,FAIL
13,7,5,8,14,85,1.3,2,7.6,6,5.44,ECE,3,40.97,FAIL
17,10,6,17,18,92,4.8,2,7.8,6,6.19,MECH,2,54.8,D
13,13,5,19,14,88,7.7,1,8.2,1,6.36,ECE,2,57.1,D
14,9,3,12,11,71,4.1,3,7.2,3,5.4,CSE,1,36.8,FAIL
9,6,2,9,12,70,0.8,0,7.8,5,4.62,CSE,4,38.45,FAIL
11,11,6,19,15,81,4.1,3,5.6,5,5.7,CSE,2,48.93,FAIL
7,10,3,10,16,87,1.6,0,7.2,5,5.36,ECE,1,43.53,FAIL
10,12,4,16,14,84,5.7,2,6.3,6,5.15,MECH,4,47.53,FAIL
15,12,7,14,19,90,5.0,1,5.2,1,5.6,ECE,3,57.55,D
12,10,3,12,12,59,3.7,0,6.2,6,4.67,MECH,3,39.14,FAIL
14,7,1,15,17,71,3.3,3,7.4,5,4.92,MECH,4,42.49,FAIL
18,7,4,14,18,60,3.6,0,7.7,5,5.65,CSE,4,48.02,FAIL
17,10,3,7,18,69,4.0,3,5.1,7,5.1,CSE,4,39.61,FAIL
17,11,3,17,12,90,2.5,1,5.6,3,5.77,MECH,1,55.44,D
16,8,4,6,16,76,1.2,2,8.1,5,5.11,MECH,3,42.01,FAIL
17,9,2,18,16,100,6.3,1,7.8,6,5.55,ECE,2,54.4,D
15,10,2,15,14,77,3.2,1,8.3,3,5.84,ECE,2,47.78,FAIL
18,9,3,12,15,75,4.3,2,9.1,1,4.82,ECE,3,51.03,D
15,7,5,16,13,76,4.6,1,7.8,3,5.67,MECH,1,50.29,D
13,9,3,9,7,65,4.6,1,6.4,5,4.62,ECE,3,34.6,FAIL
15,10,3,7,11,74,1.7,1,7.2,5,4.46,CSE,2,38.19,FAIL
12,6,4,15,19,91,0.6,0,9.5,5,5.14,CSE,1,55.14,D
13,10,6,13,12,76,2.8,2,11.1,4,5.56,MECH,3,47.26,FAIL
9,11,4,18,13,63,4.8,2,7.7,2,5.42,CSE,4,42.88,FAIL
11,11,4,11,13,61,2.5,1,7.8,5,5.22,ECE,2,41.12,FAIL
11,4,3,9,11,68,3.3,1,8.1,5,5.0,CSE,1,32.82,FAIL
15,12,4,24,15,76,8.3,1,7.0,6,5.61,ECE,2,56.42,D
15,7,4,8,13,92,0.3,2,8.7,4,4.67,ECE,4,41.18,FAIL
7,6,5,11,9,54,2.5,0,8.5,1,4.53,ECE,1,33.04,FAIL
20,15,5,16,20,70,7.8,1,7.5,1,6.17,MECH,1,60.28,C
8,10,3,16,20,77,3.9,0,6.5,4,5.6,MECH,2,48.76,FAIL
11,5,2,8,11,47,2.6,2,4.7,5,4.12,MECH,2,30.03,FAIL
17,11,6,14,13,62,6.3,1,8.1,5,5.82,ECE,2,48.81,FAIL
14,11,4,11,13,64,4.1,1,7.3,4,4.44,MECH,3,45.58,FAIL
16,8,2,18,9,63,3.3,0,5.9,2,5.26,CSE,2,45.63,FAIL
13,8,5,16,9,77,4.4,0,5.3,1,5.11,ECE,2,46.69,FAIL
15,8,3,9,11,72,2.7,0,8.0,6,4.52,CSE,4,43.46,FAIL
8,9,1,9,14,66,2.0,2,4.6,5,4.16,CSE,1,31.52,FAIL
12,8,4,14,18,81,3.8,0,7.4,4,5.4,CSE,4,51.43,D
22,12,4,13,17,100,2.0,1,8.3,2,6.09,ECE,3,64.41,C
17,10,6,11,18,99,4.0,1,7.8,3,6.16,ECE,3,59.53,D
14,3,3,9,11,46,4.7,3,6.4,5,4.51,MECH,1,29.86,FAIL
17,13,7,12,15,83,5.7,1,5.1,6,5.62,ECE,3,56.36,D
18,11,5,20,12,72,6.3,0,7.9,5,6.36,ECE,1,54.2,D
7,10,3,13,16,77,3.2,0,8.8,8,4.97,CSE,3,44.9,FAIL
15,9,3,9,12,69,5.0,1,6.1,4,5.27,ECE,4,44.38,FAIL
13,9,4,12,16,76,5.0,2,7.8,8,4.83,MECH,1,41.73,FAIL
17,11,5,15,14,77,4.7,2,9.4,5,5.37,CSE,4,49.42,FAIL
11,8,2,15,10,66,3.0,0,7.5,5,5.58,CSE,4,43.52,FAIL
15,11,4,12,9,61,1.9,0,6.4,7,5.04,MECH,4,42.15,FAIL
10,9,3,15,12,68,5.0,1,8.6,4,5.35,MECH,2,42.44,FAIL
11,12,7,12,12,78,0.6,0,5.9,4,5.08,MECH,3,51.89,D
10,11,5,14,18,83,3.5,2,5.1,3,5.78,MECH,1,50.42,D
9,3,5,22,14,87,0.0,0,8.2,7,4.65,ECE,3,50.87,D
10,4,3,8,8,67,1.3,3,6.4,6,3.9,MECH,2,26.98,FAIL
17,10,2,9,9,79,2.2,0,6.5,7,5.16,MECH,4,46.18,FAIL
16,9,5,15,18,89,6.2,2,6.1,5,6.12,MECH,1,53.13,D
12,8,6,15,22,92,5.4,1,6.3,7,5.83,MECH,1,55.97,D
6,11,3,8,16,74,2.9,1,9.1,4,5.17,ECE,2,40.01,FAIL
17,7,5,17,21,71,5.5,1,9.5,7,6.13,MECH,2,51.49,D
13,12,6,13,14,77,5.8,2,9.7,4,5.99,CSE,4,49.58,FAIL
9,6,3,4,11,57,3.7,1,8.6,5,4.4,CSE,2,29.22,FAIL
13,8,3,10,14,72,1.2,3,7.7,6,3.97,MECH,3,34.51,FAIL
12,9,5,10,8,86,3.6,1,4.9,10,4.51,MECH,4,37.85,FAIL
13,5,6,17,15,84,3.8,2,6.7,7,5.25,CSE,4,48.18,FAIL
12,7,2,8,12,70,1.5,1,10.2,7,4.79,MECH,3,33.08,FAIL
20,10,8,14,20,78,4.7,1,6.3,4,6.39,MECH,2,57.84,D
14,9,7,14,10,62,4.6,1,9.3,5,5.45,CSE,1,42.11,FAIL
8,10,4,13,13,85,4.9,1,7.1,5,5.04,CSE,1,43.06,FAIL
8,7,4,8,9,73,4.6,3,3.0,8,3.41,ECE,1,28.6,FAIL
13,7,7,11,14,70,5.5,2,8.0,5,5.51,CSE,1,44.72,FAIL
16,10,6,17,10,69,3.6,3,8.9,8,5.43,CSE,4,44.67,FAIL
12,12,2,14,17,74,4.4,0,6.9,2,6.46,ECE,4,51.3,D
12,8,3,8,12,68,3.2,2,8.8,8,4.75,MECH,4,34.0,FAIL
14,9,4,14,14,84,2.8,0,4.5,3,6.06,MECH,3,49.61,FAIL
16,8,5,12,13,69,6.7,0,4.9,7,4.33,CSE,4,47.16,FAIL
10,7,6,15,15,98,0.0,1,7.3,3,5.24,CSE,2,53.2,D
16,11,3,12,20,96,5.8,1,7.7,6,5.32,MECH,2,57.24,D
17,9,3,18,12,61,2.8,2,9.0,3,5.58,CSE,2,46.98,FAIL
14,9,1,10,15,76,2.5,2,8.0,7,4.28,MECH,3,40.74,FAIL
14,7,4,18,10,65,4.5,0,5.2,7,4.89,CSE,1,42.0,FAIL
10,7,3,11,9,70,1.0,1,7.3,4,4.24,MECH,2,39.3,FAIL
16,8,6,18,21,100,2.4,0,7.9,6,6.36,MECH,4,64.39,C
11,6,6,13,15,70,2.3,2,4.2,7,4.23,MECH,1,38.72,FAIL
17,8,5,13,9,80,3.6,1,6.9,3,5.64,MECH,2,44.67,FAIL
14,10,3,8,5,83,2.4,2,6.5,3,4.42,ECE,2,35.84,FAIL
11,12,5,15,17,59,7.2,3,6.0,3,4.65,CSE,4,45.66,FAIL
19,7,4,21,14,62,7.6,1,7.7,3,5.28,CSE,2,53.77,D
14,8,3,10,8,56,0.0,2,5.3,3,4.79,ECE,4,37.27,FAIL
10,10,4,13,14,61,5.1,3,7.6,7,5.26,CSE,2,39.37,FAIL
10,6,2,12,9,32,5.7,1,7.8,6,5.09,CSE,2,27.5,FAIL
14,8,4,10,14,83,5.1,1,8.6,2,5.21,CSE,3,46.0,FAIL
18,8,3,19,14,100,2.7,1,5.3,4,5.72,MECH,4,55.54,D
10,8,5,9,12,77,3.5,2,4.7,3,4.88,CSE,1,37.45,FAIL
8,6,1,14,4,53,2.5,2,7.4,7,4.03,CSE,1,23.09,FAIL
14,7,2,12,9,65,3.2,2,6.6,4,4.69,MECH,3,36.67,FAIL
14,7,3,16,16,68,1.6,2,11.4,2,5.44,MECH,4,43.09,FAIL
7,10,3,7,15,59,3.8,3,7.7,5,5.27,CSE,1,30.12,FAIL
15,10,7,16,14,87,1.0,2,7.1,6,5.55,ECE,3,51.08,D
10,9,6,15,17,87,3.6,2,6.7,3,5.83,CSE,2,47.86,FAIL
9,6,4,10,11,57,1.5,2,5.2,4,4.78,ECE,1,34.1,FAIL
15,10,4,20,11,85,4.4,1,7.8,3,6.67,ECE,1,51.72,D
13,11,5,17,11,97,2.6,4,6.9,7,5.62,CSE,4,47.26,FAIL
14,11,7,16,17,100,4.6,2,6.9,4,5.75,CSE,3,59.52,D
14,12,5,11,12,100,6.2,2,7.1,4,6.38,ECE,3,50.15,D
17,12,3,14,13,61,7.2,2,7.3,5,6.21,MECH,4,46.05,FAIL
7,8,5,15,10,100,0.0,1,4.4,5,4.5,CSE,4,44.67,FAIL
10,10,3,10,12,69,2.3,2,8.3,6,4.7,ECE,4,39.1,FAIL
15,4,4,14,12,66,3.4,0,5.7,7,5.34,ECE,2,39.77,FAIL
15,6,4,16,14,79,4.9,1,6.8,7,5.05,MECH,4,47.86,FAIL
8,11,3,15,13,66,0.7,0,8.9,4,5.29,ECE,4,43.7,FAIL
8,8,5,15,15,80,2.0,2,9.7,6,5.89,CSE,1,43.92,FAIL
7,7,3,7,12,55,4.3,3,4.4,8,3.65,MECH,1,26.21,FAIL
6,11,4,16,13,71,4.2,1,7.0,8,4.65,MECH,2,42.35,FAIL
17,12,7,16,14,94,4.8,0,7.4,3,6.52,MECH,4,63.79,C
12,10,6,15,9,74,4.9,3,4.7,6,4.9,CSE,1,41.56,FAIL
11,9,2,10,14,77,4.7,2,8.2,6,4.34,CSE,4,39.64,FAIL
15,11,6,10,13,82,4.4,2,7.2,7,4.95,ECE,1,43.44,FAIL
18,11,6,12,15,92,4.1,1,7.3,7,5.79,MECH,1,52.96,D
14,10,6,17,11,50,5.3,0,5.6,3,5.57,CSE,1,44.38,FAIL
11,7,4,12,12,83,0.0,1,7.6,4,5.06,CSE,2,42.63,FAIL
13,11,4,17,10,70,7.1,3,8.3,7,5.67,ECE,2,38.87,FAIL
10,7,1,17,7,77,0.0,2,7.2,5,4.58,CSE,1,38.54,FAIL
15,9,5,17,23,90,1.8,0,6.2,1,6.02,CSE,1,62.59,C
16,5,7,19,6,57,3.5,0,6.3,2,5.73,ECE,3,46.87,FAIL
9,8,5,10,10,59,5.3,2,7.3,6,5.38,MECH,1,35.04,FAIL
5,5,2,8,5,45,0.0,1,7.1,7,3.87,MECH,1,20.81,FAIL
13,12,5,11,10,66,3.9,1,8.4,2,5.68,MECH,2,42.55,FAIL
10,10,3,13,15,94,5.6,0,6.3,7,6.0,MECH,1,47.12,FAIL
15,10,4,12,10,73,6.0,0,5.2,5,5.24,MECH,1,45.63,FAIL
15,10,5,9,14,54,2.6,2,7.5,3,5.28,ECE,4,37.77,FAIL
20,6,5,11,13,67,3.4,3,6.3,4,5.19,MECH,4,40.37,FAIL
12,7,3,12,13,52,2.8,1,8.2,3,5.63,CSE,1,35.37,FAIL
15,10,6,13,13,58,3.2,0,7.0,4,5.22,ECE,3,48.25,FAIL
13,13,2,16,11,80,1.9,0,8.0,1,5.31,ECE,2,53.32,D
16,4,4,13,9,57,2.2,3,5.5,5,5.18,CSE,1,34.86,FAIL
14,10,6,21,19,91,4.9,1,7.2,6,5.79,MECH,3,60.36,C
15,10,6,20,14,73,4.3,1,6.0,2,5.34,CSE,3,54.5,D
14,10,4,11,13,76,5.0,3,5.2,5,4.49,CSE,1,40.48,FAIL
15,13,5,14,14,70,4.4,1,5.7,3,5.36,MECH,1,49.84,FAIL
14,9,5,16,16,86,5.4,1,6.2,6,6.34,ECE,2,54.34,D
10,9,7,11,10,86,5.8,3,8.9,1,4.88,CSE,2,42.81,FAIL
13,3,3,12,11,80,0.5,2,6.1,6,3.33,ECE,1,36.77,FAIL
15,9,6,16,22,83,2.3,1,5.1,1,5.75,CSE,1,59.33,D
13,9,2,15,13,71,3.5,2,7.2,5,5.22,MECH,1,40.54,FAIL
17,14,4,17,20,83,4.0,4,7.0,4,5.8,MECH,1,51.86,D
14,11,4,10,12,69,2.7,4,6.3,4,4.69,CSE,2,36.78,FAIL
14,12,5,17,14,75,5.8,2,6.8,2,4.63,MECH,2,48.43,FAIL
16,8,4,18,15,70,8.0,1,8.5,8,5.04,CSE,4,46.39,FAIL
13,10,2,8,9,68,4.4,2,8.0,2,6.29,CSE,4,34.55,FAIL
14,9,1,11,8,64,4.2,1,7.9,3,5.08,MECH,4,39.38,FAIL
9,10,3,15,13,82,5.7,2,5.2,9,4.75,MECH,3,39.13,FAIL
12,7,8,20,17,94,0.3,1,11.3,6,4.15,MECH,3,54.95,D
16,12,0,15,13,92,4.1,2,8.6,2,5.11,ECE,4,48.98,FAIL
11,8,4,15,15,56,6.0,1,7.8,5,5.7,ECE,1,39.82,FAIL
14,10,4,13,11,94,2.7,2,5.3,5,5.12,ECE,2,49.08,FAIL
14,11,4,13,16,70,1.5,1,8.4,2,5.74,CSE,1,47.71,FAIL
11,13,4,18,9,84,3.6,1,6.2,3,5.08,MECH,1,50.63,D
14,5,2,11,14,61,3.9,2,6.7,5,4.15,CSE,4,33.72,FAIL
12,9,5,16,11,77,2.2,1,4.5,8,4.33,ECE,1,45.3,FAIL
10,11,2,15,15,79,8.2,2,5.1,5,5.35,CSE,2,44.27,FAIL
10,9,6,11,12,52,3.0,3,7.7,5,4.28,CSE,2,35.11,FAIL
17,12,5,7,17,84,1.7,0,8.5,3,5.04,CSE,3,53.53,D
15,9,3,13,10,95,3.8,1,8.0,7,5.42,MECH,3,47.02,FAIL
12,9,3,13,16,72,5.8,3,8.0,7,5.03,MECH,3,41.85,FAIL
13,9,6,14,9,95,4.0,2,6.9,7,4.94,MECH,3,46.31,FAIL
14,11,3,15,13,72,5.0,3,6.4,5,6.11,CSE,3,42.92,FAIL
11,11,5,14,7,87,2.3,2,7.4,2,5.81,CSE,4,46.47,FAIL
16,7,4,16,11,41,7.0,1,8.2,7,4.91,MECH,2,40.51,FAIL
19,14,5,15,17,100,5.1,0,7.0,5,5.81,ECE,2,66.68,C
21,8,6,19,20,97,6.1,0,8.8,4,6.52,ECE,3,65.42,C
9,6,5,14,14,70,4.7,0,6.7,6,5.34,ECE,3,41.21,FAIL
11,8,4,10,11,45,5.6,0,5.5,5,4.15,MECH,1,35.12,FAIL
15,7,5,18,15,79,2.3,3,7.0,3,4.5,MECH,1,51.21,D
6,5,3,11,13,53,3.0,2,7.2,4,3.62,ECE,4,28.82,FAIL
17,13,5,17,20,81,6.7,0,6.9,1,6.95,ECE,2,66.31,C
12,12,3,17,22,81,7.1,2,8.9,5,5.68,ECE,1,54.35,D
13,10,3,13,9,60,1.7,1,8.2,8,4.75,ECE,3,36.12,FAIL
15,8,5,15,19,91,4.5,0,4.9,1,5.89,CSE,2,60.66,C
15,11,2,12,11,87,3.1,0,9.3,5,6.02,CSE,3,45.95,FAIL
10,10,5,12,9,89,2.6,2,2.9,6,4.78,CSE,2,42.68,FAIL
17,6,3,4,13,75,4.6,2,10.2,7,4.73,ECE,3,38.17,FAIL
12,8,2,10,11,53,6.3,1,6.6,4,4.6,ECE,4,35.87,FAIL
17,12,5,17,17,89,4.9,1,6.7,3,5.6,ECE,3,61.02,C
13,10,0,12,13,70,3.4,0,6.9,4,4.34,ECE,1,45.51,FAIL
8,7,6,10,16,54,5.0,1,7.6,7,4.34,ECE,3,34.9,FAIL
9,7,6,16,16,95,3.3,0,7.0,2,5.22,CSE,3,53.46,D
15,14,3,19,17,100,4.8,0,6.8,3,5.82,CSE,1,63.16,C
18,10,4,15,11,74,6.8,1,9.0,4,5.59,ECE,3,48.24,FAIL
8,5,4,13,13,100,0.0,2,7.8,3,5.54,CSE,1,42.06,FAIL
21,9,3,14,18,76,5.6,0,5.6,5,5.71,MECH,2,57.26,D
13,9,2,8,19,69,0.9,0,8.1,8,4.39,ECE,3,42.58,FAIL
14,6,4,16,11,65,6.5,3,7.8,3,4.85,MECH,4,41.37,FAIL
13,9,4,19,17,99,2.7,1,6.2,5,4.43,CSE,2,59.11,D
14,7,3,7,11,63,1.6,2,8.2,5,4.86,CSE,1,36.31,FAIL
11,10,5,13,15,86,5.4,2,6.8,4,5.34,ECE,4,49.29,FAIL
15,8,5,14,11,66,4.7,1,6.7,2,5.31,ECE,3,46.09,FAIL
13,9,3,11,10,68,2.0,1,6.6,4,5.04,MECH,2,39.31,FAIL
19,9,5,16,14,90,1.5,0,3.4,4,5.65,CSE,4,59.26,D
10,8,5,8,14,69,3.6,2,6.2,6,3.99,MECH,1,34.2,FAIL
11,6,4,4,15,68,1.6,1,8.1,6,4.28,MECH,1,35.23,FAIL
14,11,7,17,13,91,1.9,1,7.0,2,5.53,ECE,4,57.95,D
13,10,2,17,13,98,4.2,2,5.1,4,5.05,ECE,3,50.54,D
17,6,3,15,15,84,2.1,1,8.4,4,4.65,CSE,2,48.46,FAIL
10,7,5,19,12,65,4.9,5,6.6,9,5.32,MECH,4,32.04,FAIL
9,6,4,12,16,67,7.0,2,5.2,6,4.61,MECH,1,34.93,FAIL
14,6,3,19,15,76,3.7,1,10.3,3,5.06,ECE,3,52.13,D
11,6,5,18,11,79,4.3,1,5.4,3,4.8,MECH,2,44.89,FAIL
16,8,5,15,18,60,8.0,2,8.3,4,6.18,ECE,4,46.27,FAIL
14,8,5,9,14,85,1.6,1,5.8,6,4.56,MECH,3,43.08,FAIL
14,10,3,11,13,76,6.4,2,7.2,6,4.75,CSE,4,41.35,FAIL
11,5,4,13,13,49,6.1,0,5.6,5,4.4,ECE,1,37.14,FAIL
6,7,3,10,10,61,5.7,3,5.1,5,4.92,CSE,1,29.46,FAIL
17,11,6,16,14,67,6.6,2,7.8,5,5.9,MECH,4,48.92,FAIL
15,9,5,14,17,73,4.6,0,7.6,5,5.71,MECH,3,54.31,D
21,7,4,16,14,100,2.8,3,8.7,1,5.74,MECH,2,55.19,D
18,10,6,17,16,78,6.2,0,6.9,5,5.27,CSE,3,60.47,C
11,11,5,17,11,62,6.3,1,10.3,4,6.72,ECE,1,47.99,FAIL
19,11,3,19,16,78,6.2,2,7.4,2,6.38,CSE,3,53.95,D
8,12,3,18,13,69,4.1,4,7.9,10,4.56,ECE,2,35.12,FAIL
13,6,7,5,9,79,2.6,1,5.0,6,3.67,ECE,3,39.46,FAIL
18,11,4,15,14,83,4.4,3,6.1,5,5.1,ECE,2,50.34,D
21,10,5,15,16,93,5.9,0,7.8,4,5.31,ECE,1,61.96,C
12,10,5,14,11,74,6.0,0,6.9,6,4.9,MECH,1,49.35,FAIL
17,8,4,8,6,99,3.1,0,7.3,3,5.33,ECE,2,48.92,FAIL
18,8,7,15,12,88,4.6,2,5.8,4,5.41,ECE,1,51.02,D
13,5,5,10,5,64,1.4,0,7.2,3,4.91,ECE,1,37.09,FAIL
11,8,6,18,18,100,6.0,0,7.2,6,5.5,MECH,1,57.41,D
12,9,3,20,15,79,2.4,4,5.2,3,4.49,ECE,3,46.6,FAIL
14,7,5,9,9,62,5.6,1,8.0,7,4.95,ECE,4,35.73,FAIL
13,14,4,15,10,99,1.7,1,4.4,5,4.9,CSE,4,52.19,D
12,9,5,10,14,100,6.1,2,7.3,7,4.84,MECH,2,47.08,FAIL
14,11,8,15,12,74,4.6,0,9.6,6,5.74,MECH,3,49.07,FAIL
14,7,6,14,9,67,2.4,1,8.0,7,4.39,ECE,1,40.09,FAIL
15,6,4,16,9,72,5.4,2,8.0,3,5.49,MECH,2,41.37,FAIL
14,6,4,17,13,85,2.8,2,5.7,7,4.82,ECE,3,46.52,FAIL
16,8,4,19,14,94,5.5,2,9.7,1,6.43,MECH,4,52.49,D
15,12,4,9,9,83,3.5,1,9.1,5,5.58,ECE,1,43.26,FAIL
4,9,0,16,9,76,0.6,3,5.7,4,4.12,MECH,1,31.64,FAIL
15,14,6,10,15,97,2.0,2,6.3,2,5.79,ECE,1,56.27,D
12,4,3,18,12,70,3.1,1,8.9,3,5.21,CSE,1,42.36,FAIL
18,9,5,20,19,90,6.7,0,9.7,4,6.76,MECH,4,65.41,C
11,11,4,15,20,70,5.8,1,5.1,5,5.56,ECE,1,52.07,D
18,9,7,22,16,81,7.2,1,5.5,4,6.35,MECH,2,61.26,C
20,11,6,16,18,73,7.3,2,6.8,5,5.09,MECH,1,54.51,D
14,8,6,16,9,74,2.9,2,3.7,3,5.57,MECH,1,47.53,FAIL
13,7,2,13,3,69,3.6,1,7.0,4,5.19,CSE,4,33.24,FAIL
23,7,6,14,13,95,3.2,1,8.8,4,6.12,ECE,4,55.45,D
9,7,2,9,11,64,2.7,2,4.8,5,4.93,MECH,2,33.41,FAIL
12,7,3,17,7,63,0.3,1,7.2,7,4.57,MECH,2,38.8,FAIL
19,7,6,19,16,100,4.0,0,6.1,7,4.86,MECH,4,62.32,C
13,9,4,14,12,89,1.4,2,9.5,5,5.9,MECH,1,43.32,FAIL
13,4,3,8,10,39,3.9,4,6.1,6,4.47,MECH,2,24.24,FAIL
15,8,3,19,14,66,8.2,1,9.3,6,4.95,MECH,1,45.55,FAIL
7,5,5,13,14,47,3.0,5,6.1,4,4.3,ECE,4,26.1,FAIL
11,8,3,14,9,60,4.4,1,8.2,7,4.27,MECH,4,39.06,FAIL
9,8,2,13,8,27,5.8,0,7.4,3,4.01,ECE,4,27.79,FAIL
13,13,5,18,18,72,4.6,1,6.8,1,6.03,MECH,3,55.64,D
6,9,5,17,16,57,4.6,3,5.8,3,4.27,ECE,4,37.59,FAIL
10,8,1,14,16,75,3.3,2,7.5,8,4.22,CSE,1,41.88,FAIL
8,12,4,8,17,50,3.5,0,6.3,4,5.68,CSE,4,40.91,FAIL
13,8,3,11,5,76,2.1,0,6.0,6,4.56,MECH,1,40.33,FAIL
16,11,6,16,12,68,5.7,2,9.2,4,5.94,MECH,1,50.79,D
10,11,4,15,20,97,0.5,2,7.8,6,5.76,ECE,2,54.96,D
17,12,4,19,19,96,5.9,0,8.0,5,6.35,MECH,4,62.29,C
9,8,3,13,18,86,1.2,1,6.4,5,5.1,MECH,4,45.22,FAIL
13,9,4,9,16,70,5.9,4,6.7,6,5.2,CSE,2,36.17,FAIL
14,9,6,17,17,100,3.3,1,6.6,4,5.94,MECH,2,60.96,C
11,5,2,4,11,51,1.5,0,7.5,6,4.26,CSE,2,30.74,FAIL
8,10,4,8,12,53,5.2,3,8.0,5,5.37,CSE,4,30.47,FAIL
17,7,3,16,14,73,5.9,1,7.0,5,5.27,MECH,2,49.02,FAIL
19,10,4,12,12,100,3.1,1,5.8,3,5.6,CSE,1,51.81,D
15,10,4,14,14,71,5.4,0,8.1,5,6.37,ECE,2,49.46,FAIL
7,4,2,12,9,72,0.0,1,7.1,4,4.51,MECH,4,34.93,FAIL
3,8,1,8,10,53,1.4,3,4.8,7,4.03,ECE,3,18.59,FAIL
20,8,5,18,19,89,6.6,2,3.8,2,6.0,CSE,2,60.05,C
20,8,6,18,17,89,3.6,1,7.4,7,5.52,MECH,4,60.75,C
13,8,4,10,18,86,0.3,2,5.8,2,5.29,MECH,4,45.43,FAIL
7,10,3,9,14,65,2.6,1,7.6,6,4.18,CSE,4,36.18,FAIL
8,9,5,13,14,64,2.2,2,5.8,3,4.92,MECH,4,38.44,FAIL
15,8,3,10,7,55,3.7,0,7.2,6,4.81,MECH,2,36.2,FAIL
14,12,5,16,9,76,3.3,0,6.4,5,5.65,MECH,3,51.37,D
11,8,2,15,15,58,4.4,2,9.6,2,5.85,ECE,1,42.5,FAIL
19,12,4,11,11,57,3.9,1,8.4,8,5.27,CSE,1,42.5,FAIL
17,10,4,17,14,68,6.7,1,9.0,7,4.91,CSE,2,47.91,FAIL
14,8,1,9,9,67,4.8,0,7.0,6,4.56,MECH,2,35.17,FAIL
12,5,4,16,14,66,4.9,1,8.2,4,5.54,CSE,4,44.94,FAIL
20,12,1,9,14,81,6.3,0,7.1,7,6.01,MECH,2,48.14,FAIL
16,10,3,14,15,76,3.2,1,9.2,2,5.55,MECH,4,53.7,D
11,7,4,12,13,70,1.5,3,6.9,1,4.82,ECE,4,40.8,FAIL
17,8,3,10,15,77,6.4,2,4.9,2,4.85,ECE,1,45.5,FAIL
15,12,3,17,9,60,4.3,0,4.0,3,5.02,ECE,4,47.97,FAIL
15,8,2,11,14,76,4.3,1,9.5,3,5.66,MECH,4,47.95,FAIL
9,9,4,12,18,77,2.7,0,7.7,4,5.04,CSE,1,46.45,FAIL
8,8,3,15,10,52,2.8,0,7.8,4,5.23,ECE,4,38.56,FAIL
11,12,5,17,14,89,5.7,0,9.2,4,5.99,ECE,1,57.27,D
17,5,6,12,16,61,6.0,3,4.5,1,5.33,CSE,2,43.5,FAIL
11,11,3,13,13,76,5.6,1,6.5,5,5.82,ECE,1,44.54,FAIL
18,15,7,18,15,92,5.6,1,6.6,4,6.91,ECE,3,64.1,C
10,6,4,14,13,88,5.1,1,8.1,4,5.61,CSE,3,47.72,FAIL
17,6,5,13,15,75,4.3,2,6.0,8,4.4,CSE,3,43.65,FAIL
8,9,3,10,11,69,3.6,3,5.2,5,4.37,CSE,2,35.4,FAIL
17,10,3,19,18,89,6.4,3,5.2,5,5.84,MECH,4,55.99,D
8,10,2,11,16,85,3.3,1,8.7,7,4.74,MECH,3,42.62,FAIL
15,10,4,8,12,65,4.7,1,5.9,2,5.11,ECE,3,43.2,FAIL
14,8,1,19,11,63,2.4,1,6.2,5,4.54,CSE,4,42.05,FAIL
11,11,4,14,10,43,2.7,1,8.0,7,5.09,ECE,3,36.46,FAIL
14,11,6,12,12,77,3.5,2,6.0,5,5.68,CSE,2,47.65,FAIL
14,5,1,9,14,73,2.4,1,4.4,2,4.25,CSE,1,39.98,FAIL
15,12,5,19,15,92,5.6,2,4.6,4,6.4,CSE,3,58.23,D
15,7,3,9,8,80,1.3,1,6.9,5,4.35,CSE,1,37.53,FAIL
17,12,6,19,21,95,4.2,2,7.7,1,6.18,ECE,2,62.35,C
8,10,4,14,12,64,4.3,2,6.7,2,4.88,ECE,2,36.89,FAIL
18,11,3,13,12,92,0.4,3,7.6,9,4.56,CSE,3,43.13,FAIL
11,7,1,11,9,67,3.1,2,4.6,6,4.1,MECH,2,30.81,FAIL
14,12,5,19,12,86,4.5,1,4.7,8,5.8,ECE,4,55.14,D
12,6,3,11,7,53,4.9,2,10.4,7,4.94,MECH,3,32.02,FAIL
12,8,3,14,16,78,3.6,1,8.8,6,5.42,CSE,4,43.35,FAIL
10,6,6,9,9,45,5.4,0,8.2,4,4.45,CSE,3,34.5,FAIL
14,10,4,13,5,70,3.8,3,6.0,6,4.19,CSE,2,35.3,FAIL
15,12,3,10,11,81,4.0,1,6.6,8,4.78,MECH,2,45.59,FAIL
15,15,3,17,12,67,4.5,2,7.0,7,5.17,CSE,2,44.27,FAIL
11,10,5,17,11,59,5.9,3,9.0,5,5.25,CSE,2,42.12,FAIL
12,12,6,10,16,87,2.6,0,7.6,5,5.83,MECH,1,52.59,D
14,5,5,16,11,73,3.0,2,7.8,6,5.09,MECH,1,44.42,FAIL
14,4,5,8,15,67,2.7,2,6.7,4,4.96,MECH,4,40.18,FAIL
11,7,2,12,16,75,3.3,3,8.2,6,5.42,ECE,3,36.13,FAIL
17,9,5,17,14,100,6.9,1,7.5,4,6.25,MECH,1,57.87,D
18,12,3,15,14,92,5.1,1,7.1,4,6.27,MECH,1,54.4,D
14,13,6,13,17,92,1.7,1,5.9,3,5.63,MECH,1,56.27,D
17,9,6,16,15,81,2.8,0,6.8,4,5.72,ECE,2,57.64,D
10,8,3,18,16,77,4.7,1,5.4,4,5.64,CSE,2,50.81,D
5,7,2,9,12,39,2.2,1,6.9,8,4.63,MECH,2,23.15,FAIL
16,7,2,12,10,64,2.5,0,7.1,3,5.44,CSE,1,42.0,FAIL
17,9,5,17,22,67,6.7,2,3.4,6,5.81,ECE,3,52.14,D
10,6,3,7,13,46,2.8,1,6.7,3,4.38,ECE,3,32.64,FAIL
12,9,4,13,12,57,5.9,1,5.2,5,5.33,ECE,2,39.94,FAIL
12,4,3,10,14,45,6.5,0,7.7,6,4.2,CSE,2,36.6,FAIL
14,5,7,15,14,74,2.5,0,8.0,1,5.97,CSE,4,48.2,FAIL
15,7,6,10,14,87,2.2,3,6.4,2,5.49,MECH,1,47.75,FAIL
15,11,5,17,14,91,3.4,4,7.8,3,6.21,CSE,3,52.99,D
16,7,2,15,12,81,1.8,2,7.9,2,6.28,ECE,4,48.77,FAIL
15,12,1,19,15,60,4.2,1,6.7,5,5.31,MECH,3,47.64,FAIL
13,9,1,7,8,46,3.6,3,9.3,5,4.59,CSE,2,24.43,FAIL
12,8,4,18,8,48,4.7,3,5.9,3,4.31,CSE,3,32.94,FAIL
14,11,4,20,13,55,6.8,1,9.2,5,5.66,MECH,3,49.72,FAIL
14,9,6,17,10,61,5.6,2,6.7,4,5.06,MECH,3,45.92,FAIL
18,10,5,12,14,72,5.0,3,5.7,5,5.48,CSE,2,44.29,FAIL
9,9,0,12,8,59,0.1,1,6.5,4,4.2,MECH,4,31.14,FAIL
12,11,3,8,16,80,4.9,2,5.4,6,4.68,MECH,1,43.97,FAIL
16,10,2,8,18,71,7.4,2,8.2,8,5.26,CSE,3,41.4,FAIL
13,11,3,9,11,75,0.0,1,4.6,7,4.51,MECH,3,41.97,FAIL
15,10,5,13,13,92,5.4,1,9.1,8,5.68,ECE,1,49.3,FAIL
13,6,3,5,11,57,3.7,1,5.6,2,4.56,CSE,2,35.01,FAIL
12,7,5,19,13,81,2.3,1,8.3,4,6.24,ECE,1,50.79,D
14,8,3,12,19,74,5.6,0,7.0,6,5.23,ECE,3,51.22,D
17,11,7,14,12,69,7.4,3,7.4,8,4.14,ECE,2,45.55,FAIL
18,10,5,24,16,88,5.6,2,6.1,6,5.94,ECE,3,61.3,C
13,10,7,14,16,88,3.3,4,7.5,3,5.62,ECE,1,46.54,FAIL
9,7,5,7,15,60,2.1,1,7.2,4,4.72,CSE,3,35.91,FAIL
9,6,5,18,12,72,4.3,0,4.8,6,4.77,CSE,4,46.91,FAIL
19,9,5,14,10,79,5.7,1,5.6,5,5.27,ECE,2,50.65,D
11,7,3,16,14,70,3.2,1,6.2,3,5.97,MECH,3,42.97,FAIL
7,8,3,6,17,83,3.4,0,5.9,4,5.52,MECH,1,40.66,FAIL
13,10,5,18,18,79,9.6,1,8.9,5,6.31,MECH,4,53.37,D
17,12,5,17,15,100,6.2,1,7.0,3,6.04,CSE,1,58.22,D
11,10,0,12,12,52,6.3,0,5.8,7,5.58,CSE,3,38.87,FAIL
13,8,4,15,10,73,1.1,2,6.3,4,5.25,ECE,4,39.95,FAIL
13,4,4,10,11,61,2.6,3,6.2,5,5.17,CSE,2,33.98,FAIL
12,6,2,13,11,84,4.1,1,6.6,7,5.3,CSE,2,39.83,FAIL
8,8,2,11,12,50,2.0,2,5.4,5,4.8,CSE,2,27.96,FAIL
18,9,5,18,17,80,7.2,1,5.8,7,5.58,MECH,2,54.33,D
15,8,5,13,14,65,6.8,2,8.1,3,5.49,MECH,1,43.66,FAIL
4,8,3,11,15,63,2.9,2,7.3,6,4.96,CSE,4,30.29,FAIL
10,8,5,14,18,53,7.6,1,6.8,7,6.04,MECH,2,40.94,FAIL
8,4,4,13,17,68,4.0,2,7.0,3,5.36,ECE,1,38.81,FAIL
18,10,5,15,19,91,9.2,0,6.9,5,6.8,ECE,2,63.07,C
15,9,4,17,13,74,4.3,4,6.7,5,5.79,MECH,1,41.39,FAIL
15,9,5,18,9,84,5.2,1,7.8,5,5.89,ECE,4,48.43,FAIL
16,13,6,13,17,99,6.8,0,7.7,6,6.84,CSE,1,57.34,D
16,9,4,12,10,78,6.6,0,4.6,3,4.48,MECH,2,45.71,FAIL
13,8,4,16,12,66,5.0,3,6.8,5,4.22,MECH,2,40.39,FAIL
12,12,6,15,17,82,3.7,1,4.7,8,5.64,ECE,3,54.5,D
10,5,4,12,15,66,5.0,4,8.0,7,4.74,MECH,4,35.14,FAIL
9,11,0,8,14,67,2.4,2,8.2,7,4.82,CSE,1,33.04,FAIL
12,12,2,16,8,52,4.3,1,6.1,5,5.57,CSE,2,36.46,FAIL
13,8,5,11,8,88,1.8,3,6.8,9,4.88,ECE,3,35.81,FAIL
13,7,2,13,15,69,0.4,1,3.8,7,4.97,CSE,4,42.27,FAIL
11,12,6,19,7,77,4.1,1,8.5,5,5.22,ECE,3,49.14,FAIL
10,9,2,14,16,59,6.5,0,8.1,5,5.62,ECE,4,44.99,FAIL
17,11,6,20,15,81,5.9,0,8.7,4,5.86,ECE,4,62.9,C
16,9,3,15,12,63,3.8,0,9.2,6,5.82,ECE,4,46.09,FAIL
20,10,6,17,15,72,7.5,1,5.2,6,5.18,CSE,3,53.08,D
14,6,3,12,19,88,2.9,1,8.3,6,4.87,MECH,4,50.35,D
10,9,2,10,10,86,0.2,2,9.2,5,4.95,MECH,2,35.04,FAIL
13,5,3,9,10,74,0.0,1,4.8,2,4.56,CSE,4,38.55,FAIL
9,5,0,8,12,48,1.6,2,6.7,5,4.03,CSE,1,23.1,FAIL
12,12,3,17,13,100,5.6,0,6.5,6,5.41,MECH,2,53.43,D
16,10,6,18,19,100,2.7,3,8.3,3,6.43,MECH,2,61.47,C
16,9,7,11,15,85,4.9,0,3.4,5,5.88,MECH,4,55.18,D
19,10,4,15,8,63,7.3,3,9.7,8,5.55,MECH,3,42.86,FAIL
12,10,3,13,12,73,1.8,2,6.8,3,4.75,ECE,1,41.64,FAIL
11,13,2,13,13,66,5.0,2,8.4,4,5.1,CSE,3,39.47,FAIL
8,11,5,10,14,93,5.1,1,6.9,8,4.37,CSE,4,47.22,FAIL
9,11,3,14,15,78,2.3,0,7.7,5,5.33,MECH,1,46.77,FAIL
10,8,2,14,15,63,6.7,4,3.5,4,4.71,MECH,4,33.57,FAIL
18,14,5,16,13,67,3.4,1,6.4,5,5.66,CSE,2,52.57,D
13,9,2,13,17,91,3.2,1,8.3,7,4.68,ECE,4,47.04,FAIL
17,11,6,18,16,99,8.2,4,7.4,5,5.96,MECH,4,56.63,D
19,11,4,17,16,97,5.0,1,4.5,6,5.4,ECE,3,58.06,D
18,11,5,16,13,86,5.9,0,7.1,5,5.9,ECE,3,56.12,D
15,8,3,11,9,71,6.7,1,5.8,6,6.14,MECH,4,39.14,FAIL
10,3,2,0,4,26,2.7,2,5.6,6,3.14,CSE,3,11.91,FAIL
13,10,2,12,15,79,6.5,2,4.7,4,5.32,MECH,4,43.24,FAIL
13,6,4,7,7,74,3.0,4,7.9,3,4.65,MECH,1,32.72,FAIL
10,10,4,14,11,77,2.9,1,8.7,6,5.57,MECH,1,45.09,FAIL
14,9,1,10,18,75,3.5,2,10.2,5,5.14,MECH,1,45.94,FAIL
14,9,3,9,10,55,2.8,1,4.8,4,4.47,MECH,3,36.79,FAIL
17,9,6,20,16,83,5.6,2,8.2,6,5.5,CSE,1,53.74,D
17,10,4,13,12,84,4.5,0,8.2,8,5.34,CSE,4,48.1,FAIL
22,5,2,17,9,85,3.0,1,6.1,5,5.12,MECH,1,46.7,FAIL
14,6,4,15,11,89,5.3,0,5.6,5,5.03,ECE,1,46.84,FAIL
11,8,1,10,17,84,3.4,1,5.4,3,5.39,CSE,3,45.67,FAIL
13,8,4,12,11,68,3.3,1,6.2,5,4.52,ECE,1,38.64,FAIL
11,8,5,7,14,73,4.1,3,7.3,5,5.63,MECH,2,36.93,FAIL
11,11,4,15,12,76,4.9,1,9.0,5,5.58,MECH,2,48.55,FAIL
13,10,4,11,16,76,4.8,1,8.7,4,5.08,CSE,3,45.33,FAIL
21,9,7,15,20,89,3.3,3,4.6,6,6.27,MECH,4,58.22,D
18,11,7,14,23,84,5.7,1,5.8,5,6.32,MECH,1,61.67,C
18,10,6,20,19,100,3.6,1,8.9,10,6.56,MECH,1,62.49,C
9,10,3,15,11,100,2.7,0,5.9,5,5.26,CSE,4,50.85,D
10,7,5,11,6,76,1.1,2,6.9,1,4.83,MECH,2,37.77,FAIL
14,7,4,8,14,17,6.0,0,4.4,3,4.64,ECE,1,30.31,FAIL
15,13,5,17,10,93,4.0,2,8.7,6,6.2,CSE,1,50.2,D
19,6,4,12,12,66,4.4,3,4.1,4,5.0,CSE,4,43.08,FAIL
13,6,5,5,15,62,6.1,1,4.5,4,4.02,MECH,2,34.87,FAIL
12,7,1,10,17,69,3.0,3,8.6,3,4.83,ECE,4,37.29,FAIL
11,8,3,12,9,68,1.3,1,9.9,4,5.32,ECE,4,35.48,FAIL
13,11,3,11,14,84,4.1,2,6.6,5,5.03,CSE,1,47.41,FAIL
6,3,4,11,10,51,4.6,1,6.9,6,4.02,ECE,1,30.34,FAIL
15,7,2,12,10,58,3.5,1,8.4,3,5.02,MECH,4,40.97,FAIL
14,8,9,6,16,80,6.9,4,7.4,7,3.89,ECE,3,42.49,FAIL
11,9,5,10,13,84,0.0,4,6.4,3,4.73,ECE,1,41.73,FAIL
15,8,3,19,11,84,6.2,1,6.3,6,5.29,CSE,2,46.26,FAIL
15,10,5,14,12,63,5.6,1,4.6,6,4.98,ECE,1,45.1,FAIL
19,9,3,15,12,60,4.9,0,7.3,3,5.53,MECH,2,49.85,FAIL
16,11,3,14,12,67,0.0,1,6.9,3,4.92,MECH,2,48.58,FAIL
16,15,5,15,21,78,6.6,1,6.3,6,5.88,CSE,2,59.56,D
11,11,2,12,15,97,1.9,0,5.5,4,5.25,ECE,4,52.55,D
4,5,2,11,8,44,3.0,2,5.6,5,3.6,ECE,1,23.16,FAIL
13,9,2,16,13,71,3.7,2,7.9,6,5.11,MECH,3,40.45,FAIL
9,9,0,15,13,55,4.8,2,8.3,6,4.5,MECH,2,35.0,FAIL
11,8,3,9,6,50,5.3,1,6.5,3,4.34,ECE,1,30.87,FAIL
17,11,5,18,19,89,5.8,2,6.4,5,5.94,MECH,1,60.93,C
16,10,2,14,15,83,5.6,1,5.7,3,4.93,ECE,2,52.01,D
11,12,6,17,14,81,4.5,1,8.4,7,5.68,MECH,2,52.99,D
11,13,5,13,12,88,4.8,1,7.0,8,4.64,MECH,4,45.33,FAIL
11,4,4,12,11,67,1.8,2,7.6,3,4.89,ECE,1,34.75,FAIL
12,10,4,14,9,68,2.5,1,7.5,5,4.65,CSE,4,43.37,FAIL
18,11,6,16,12,100,5.8,0,6.5,7,6.25,ECE,2,60.07,C
22,8,5,13,16,71,5.7,1,5.3,5,5.46,ECE,1,50.25,D
7,7,7,17,12,86,5.4,1,5.5,6,4.94,ECE,1,46.02,FAIL
16,9,1,14,14,75,3.0,3,8.7,5,5.16,ECE,1,41.03,FAIL
16,9,5,10,12,47,5.8,1,5.9,3,5.63,MECH,1,41.29,FAIL
8,5,3,14,14,44,1.7,2,6.4,5,4.98,ECE,3,29.49,FAIL
11,8,6,17,14,66,6.2,4,5.3,7,4.24,CSE,3,38.43,FAIL
20,12,5,16,18,90,3.5,0,5.2,6,5.83,MECH,2,60.78,C
15,14,5,16,19,86,7.4,3,5.8,8,6.06,ECE,4,53.0,D
12,9,6,19,19,88,1.0,1,9.5,1,5.84,ECE,3,57.58,D
14,9,4,19,9,60,7.5,3,8.0,6,5.3,ECE,3,41.69,FAIL
16,11,5,12,19,99,3.3,0,6.2,4,5.34,MECH,1,61.68,C
14,10,2,10,9,60,3.2,1,8.6,3,4.55,MECH,4,40.37,FAIL
17,9,4,13,10,78,4.4,0,6.8,8,5.16,MECH,2,45.04,FAIL
15,9,7,18,9,74,2.6,2,9.0,4,5.24,ECE,4,46.55,FAIL
8,8,6,17,13,72,3.9,0,10.3,4,5.78,ECE,4,46.2,FAIL
15,9,5,14,16,95,2.5,2,8.5,6,5.7,MECH,2,53.82,D
16,8,2,14,18,64,2.6,0,7.1,1,6.49,ECE,1,50.85,D
15,6,7,12,7,54,5.0,1,8.0,8,5.32,MECH,1,35.4,FAIL
10,6,2,10,13,75,2.2,1,7.0,9,4.86,CSE,3,35.5,FAIL
7,4,3,11,7,69,2.5,3,4.2,7,3.34,CSE,2,27.02,FAIL
11,7,5,15,10,100,1.3,3,6.0,6,5.35,MECH,3,41.18,FAIL
16,10,5,16,13,85,3.0,3,5.6,5,5.93,CSE,4,50.45,D
17,10,3,15,14,68,6.6,0,6.0,3,5.29,MECH,4,54.35,D
13,7,5,9,11,59,2.3,0,9.7,7,5.84,CSE,2,40.52,FAIL
7,5,1,8,7,46,2.5,2,8.7,7,4.69,ECE,3,22.57,FAIL
13,12,6,12,11,59,4.4,2,7.7,6,5.05,ECE,3,38.68,FAIL
9,7,2,15,14,76,3.3,1,8.2,6,4.67,MECH,4,42.35,FAIL
16,11,5,19,19,96,8.5,2,4.2,6,6.55,CSE,1,59.63,D
13,6,5,11,13,91,3.7,0,8.1,4,5.29,ECE,3,49.33,FAIL
11,10,4,7,12,78,4.7,2,8.4,10,4.71,ECE,4,37.99,FAIL
9,12,6,12,10,70,5.9,1,3.6,4,4.16,ECE,2,41.5,FAIL
20,10,7,17,16,79,5.8,1,8.1,4,6.17,CSE,1,57.99,D
7,8,5,15,15,67,4.5,1,4.9,7,4.98,ECE,1,43.27,FAIL
13,10,4,20,13,100,3.7,4,4.0,5,5.37,MECH,4,51.7,D
16,11,5,20,15,72,8.0,1,9.0,5,6.22,CSE,3,54.79,D
17,3,2,15,15,73,3.8,4,5.5,8,5.02,MECH,2,36.26,FAIL
10,7,1,8,17,41,3.1,1,5.9,6,4.03,ECE,4,32.66,FAIL
11,11,3,16,14,72,2.7,2,8.5,6,4.64,CSE,2,41.74,FAIL
9,8,5,8,11,87,0.5,2,6.5,2,4.42,ECE,3,40.61,FAIL
16,8,4,16,9,58,5.6,3,6.7,6,4.87,ECE,2,39.48,FAIL
7,8,2,15,12,63,0.0,2,6.7,3,3.99,MECH,3,34.55,FAIL
15,11,3,19,12,86,4.0,2,7.5,4,5.67,CSE,4,48.75,FAIL
10,7,4,10,10,52,3.6,2,6.7,5,4.59,MECH,2,30.11,FAIL
18,13,4,12,16,90,8.5,4,7.2,5,5.89,MECH,2,51.44,D
16,9,4,9,11,67,0.3,1,6.2,6,4.93,MECH,1,40.94,FAIL
13,5,4,11,8,69,2.2,0,7.5,7,4.22,MECH,2,39.78,FAIL
10,4,5,9,13,58,3.7,2,7.5,7,3.75,ECE,3,29.55,FAIL
19,7,3,15,16,80,3.6,0,9.8,2,5.74,CSE,4,53.44,D
18,6,4,8,13,100,2.9,2,6.4,10,4.64,MECH,4,41.12,FAIL
18,11,4,17,14,86,3.8,1,6.7,5,5.45,ECE,3,54.0,D
11,8,2,8,9,62,1.5,0,7.4,7,4.0,ECE,1,31.74,FAIL
14,12,4,16,17,92,4.7,2,8.4,1,6.38,CSE,3,55.36,D
3,10,2,8,7,70,0.0,0,5.4,4,4.05,CSE,3,29.39,FAIL
15,9,3,17,12,95,3.9,0,7.2,2,5.43,MECH,1,56.39,D
16,8,3,12,13,87,2.8,1,3.2,3,5.42,MECH,2,49.52,FAIL
6,7,4,5,12,30,6.0,0,6.6,5,4.51,ECE,3,24.01,FAIL
15,11,5,15,18,59,7.5,3,8.6,4,5.0,CSE,4,43.53,FAIL
12,7,4,8,13,89,3.3,2,5.9,8,4.52,CSE,2,40.84,FAIL
16,13,4,14,17,77,6.8,3,7.3,9,5.03,ECE,2,48.68,FAIL
9,7,3,14,13,59,3.4,2,6.2,3,4.36,MECH,3,36.53,FAIL
9,8,5,13,12,65,2.1,5,5.7,4,4.6,CSE,1,34.96,FAIL
13,9,5,13,14,46,7.5,1,8.5,3,5.28,ECE,2,42.35,FAIL
9,7,0,13,11,73,5.0,0,5.4,7,4.49,CSE,4,39.89,FAIL
19,12,4,13,14,100,4.0,0,7.4,5,6.07,CSE,1,59.99,D
15,3,4,16,12,87,5.4,2,7.5,5,5.15,ECE,2,45.31,FAIL
13,10,7,18,16,100,4.5,1,5.7,6,6.16,CSE,1,56.43,D
13,11,5,15,15,88,3.9,0,7.2,4,5.46,MECH,2,55.3,D
15,5,2,13,12,90,1.3,1,5.6,3,4.91,ECE,2,44.68,FAIL
15,9,6,15,16,100,3.5,1,7.8,5,5.98,ECE,2,54.42,D
17,8,9,17,10,80,5.2,1,5.0,4,5.39,CSE,2,49.92,FAIL
10,8,5,11,20,72,3.8,3,6.5,6,5.34,MECH,2,42.76,FAIL
14,8,3,11,19,90,5.8,0,6.6,2,5.0,ECE,4,52.53,D
16,9,7,19,16,96,4.8,1,8.7,5,6.16,ECE,3,62.05,C
18,7,4,7,12,67,2.2,1,7.2,4,4.7,CSE,3,39.47,FAIL
9,9,2,9,16,64,1.4,0,8.4,5,4.82,ECE,4,38.33,FAIL
15,9,4,14,15,77,3.7,2,7.8,7,5.04,CSE,4,47.2,FAIL
17,12,4,16,13,87,3.0,1,7.8,4,6.17,MECH,3,53.87,D
18,8,3,12,15,86,4.7,1,6.5,7,4.34,CSE,3,49.98,FAIL
17,11,2,17,8,53,2.6,2,8.5,2,5.85,CSE,4,43.77,FAIL
13,7,4,18,16,100,2.8,1,6.5,8,5.55,MECH,3,53.16,D
10,11,4,13,14,65,6.1,1,4.4,7,4.89,CSE,2,43.65,FAIL
8,10,5,11,7,71,4.3,0,6.7,3,4.61,CSE,3,40.97,FAIL
11,4,1,11,14,61,2.6,2,7.7,3,4.19,ECE,2,31.65,FAIL
18,11,3,16,17,100,4.0,1,4.6,2,5.48,CSE,3,62.73,C
19,10,5,19,14,78,6.8,1,5.7,7,5.6,CSE,1,53.89,D
12,8,3,12,12,62,4.6,0,5.2,4,4.93,CSE,3,41.79,FAIL
16,11,4,19,18,87,5.2,0,8.2,4,6.11,MECH,2,59.23,D
17,7,3,9,11,86,2.5,0,9.5,3,4.96,MECH,1,47.65,FAIL
11,11,3,15,12,72,6.1,1,6.7,9,4.99,ECE,2,39.85,FAIL
11,12,4,16,16,87,8.6,1,7.8,3,6.86,CSE,2,53.21,D
16,6,1,13,15,62,2.4,1,7.8,5,5.56,ECE,3,43.76,FAIL
7,7,4,10,13,67,1.6,3,9.3,5,4.36,MECH,4,29.94,FAIL
10,6,4,7,7,44,4.4,1,6.0,4,4.47,MECH,4,30.45,FAIL
14,9,6,10,13,55,5.8,2,6.7,4,4.92,MECH,2,42.47,FAIL
14,7,6,14,16,100,3.8,0,6.5,4,5.41,CSE,1,57.79,D
18,14,5,20,18,99,1.9,1,7.1,6,5.79,CSE,2,66.12,C
24,11,6,15,15,75,3.8,1,10.8,4,7.1,CSE,4,59.73,D
13,7,4,9,13,99,5.2,1,7.0,8,5.0,ECE,1,42.23,FAIL
13,8,3,11,15,72,3.2,1,5.7,3,5.33,MECH,2,45.45,FAIL
13,8,5,8,12,71,5.2,2,5.3,7,5.05,CSE,1,36.7,FAIL
17,9,5,13,18,75,6.3,2,8.9,1,6.25,ECE,1,52.97,D
13,10,3,7,15,73,4.5,1,5.7,3,5.96,CSE,2,42.71,FAIL
12,13,4,12,9,71,3.9,3,8.0,3,5.61,ECE,1,38.52,FAIL
12,13,3,15,14,92,5.7,2,6.0,3,4.78,ECE,3,52.99,D
10,8,5,10,12,77,2.3,0,5.1,6,4.02,MECH,3,40.77,FAIL
11,7,3,11,15,85,2.1,2,7.9,5,4.73,MECH,4,39.24,FAIL
7,10,7,22,13,90,3.5,2,6.1,1,5.37,CSE,3,51.48,D
13,10,6,11,10,80,3.0,2,7.6,9,4.79,CSE,1,43.07,FAIL
10,8,2,12,8,60,2.4,3,7.7,5,4.68,MECH,3,28.98,FAIL
10,10,3,13,13,54,7.7,1,7.8,5,4.42,CSE,1,39.44,FAIL
15,10,5,15,14,77,8.3,0,6.6,8,4.64,ECE,3,52.69,D
11,8,3,9,9,72,3.3,2,8.0,7,3.9,MECH,2,32.6,FAIL
11,6,3,15,14,76,4.2,2,5.6,4,4.43,MECH,4,42.55,FAIL
14,9,4,17,14,74,3.6,2,3.3,1,5.68,MECH,4,50.65,D
15,15,5,17,15,100,6.2,0,8.1,6,5.85,CSE,1,61.13,C
9,9,5,16,11,55,6.6,2,7.2,3,4.88,CSE,3,37.64,FAIL
13,7,1,8,12,45,0.4,0,6.1,7,2.91,MECH,4,31.21,FAIL
12,13,5,14,7,79,5.0,2,4.8,3,4.89,CSE,3,44.85,FAIL
12,5,4,8,7,69,1.4,2,3.9,4,4.86,MECH,2,31.84,FAIL
24,16,7,16,16,79,7.5,1,7.1,2,6.28,MECH,3,66.12,C
14,12,5,18,18,83,4.9,1,9.5,2,5.91,ECE,3,56.85,D
15,11,5,13,11,94,2.4,2,6.8,5,5.23,ECE,2,50.65,D
17,5,3,10,11,52,3.5,0,6.5,5,3.75,ECE,2,37.85,FAIL
7,9,3,9,6,66,3.4,3,7.0,4,4.67,MECH,2,30.0,FAIL
19,8,4,16,14,81,5.1,0,10.3,9,5.66,ECE,2,50.68,D
16,10,3,16,16,86,6.1,1,8.1,6,5.37,CSE,1,55.85,D
14,11,6,22,18,100,1.7,1,5.6,5,6.08,MECH,1,61.87,C
18,11,8,19,20,89,7.7,2,7.0,1,6.95,MECH,3,61.58,C
13,12,2,15,9,74,7.2,0,7.5,7,5.21,MECH,2,42.56,FAIL
15,5,4,9,10,61,2.2,1,5.4,10,3.92,MECH,2,34.49,FAIL
14,5,4,14,12,66,4.1,1,8.1,5,6.27,ECE,3,41.01,FAIL
17,9,7,14,15,66,7.4,1,5.8,3,5.95,ECE,2,51.54,D
14,13,5,19,14,84,6.5,1,4.7,5,5.51,MECH,3,53.65,D
15,14,6,12,16,78,3.3,2,7.1,2,5.6,MECH,4,51.86,D
11,11,4,16,12,55,5.6,0,6.9,6,4.97,MECH,3,43.63,FAIL
11,12,5,15,16,68,10.0,2,7.0,8,5.51,MECH,4,44.22,FAIL
18,8,6,11,14,88,4.2,1,5.9,4,4.94,MECH,1,53.78,D
14,13,8,11,6,80,2.7,1,6.1,4,4.95,ECE,2,47.63,FAIL
16,10,3,11,14,83,4.3,1,8.7,5,4.86,MECH,4,49.93,FAIL
13,11,5,13,15,80,4.5,0,7.7,4,5.91,CSE,2,53.18,D
19,11,4,11,17,99,3.0,1,5.6,2,5.65,MECH,2,61.05,C
16,7,4,12,16,78,4.9,2,4.1,4,5.58,MECH,3,48.17,FAIL
11,8,2,3,5,69,1.5,1,5.6,4,4.1,ECE,3,32.03,FAIL
15,5,2,12,9,61,2.7,1,7.2,8,5.19,CSE,3,36.61,FAIL
14,12,5,13,15,78,5.5,2,6.1,7,5.82,ECE,2,46.91,FAIL
10,5,2,6,8,38,0.5,2,5.9,8,2.84,CSE,3,18.06,FAIL
11,7,3,11,12,72,5.8,2,6.1,7,4.83,CSE,2,35.53,FAIL
11,9,1,15,12,71,0.0,0,6.9,5,4.43,MECH,1,46.22,FAIL
6,5,4,3,15,54,0.5,2,8.2,3,3.96,ECE,4,27.22,FAIL
7,6,3,14,12,61,3.0,1,7.0,8,4.37,ECE,4,33.14,FAIL
14,11,8,10,19,87,4.6,1,7.1,6,5.7,MECH,4,53.78,D
15,10,5,13,14,78,6.7,3,6.7,3,5.53,ECE,1,47.83,FAIL
14,9,4,13,14,76,4.1,0,6.3,3,4.51,MECH,4,50.45,D
13,12,4,21,18,79,3.5,0,8.3,2,6.05,MECH,3,60.3,C
16,8,2,17,17,76,5.2,1,8.1,1,5.49,CSE,4,55.58,D
13,7,2,6,8,93,2.3,1,10.1,6,5.22,CSE,3,38.18,FAIL
14,10,7,16,14,76,4.3,1,7.9,3,6.4,MECH,3,50.16,D
12,7,5,8,13,53,1.6,1,6.3,3,4.79,CSE,3,38.82,FAIL
13,11,3,22,10,99,4.2,2,5.6,5,5.17,MECH,1,50.65,D
18,12,5,14,11,80,3.7,2,8.4,5,4.83,ECE,4,51.63,D
14,8,6,15,14,66,2.4,2,5.8,4,5.28,CSE,2,43.48,FAIL
8,8,2,10,10,56,4.3,1,8.2,8,5.14,CSE,3,33.0,FAIL
14,8,4,11,10,80,4.3,1,5.9,2,5.29,MECH,1,45.59,FAIL
12,8,4,14,18,73,6.4,2,7.5,2,5.18,ECE,3,48.62,FAIL
9,10,4,11,12,98,0.8,0,5.4,6,5.2,CSE,3,50.07,D
17,9,6,15,10,69,3.8,2,8.2,4,5.59,CSE,2,44.53,FAIL
14,10,4,10,8,62,2.5,2,5.1,4,4.49,MECH,2,36.12,FAIL
13,12,6,15,19,88,5.7,2,7.4,3,5.38,ECE,2,55.6,D
17,12,1,18,16,88,5.5,2,6.7,6,5.55,MECH,1,53.73,D
17,7,6,15,18,77,5.0,1,7.2,5,5.62,CSE,1,53.27,D
13,10,4,12,12,85,2.6,0,6.4,5,4.92,ECE,3,49.35,FAIL
17,8,8,12,15,74,5.8,3,6.4,4,5.58,MECH,1,49.34,FAIL
13,4,5,11,10,78,0.9,1,7.2,3,5.29,ECE,1,39.22,FAIL
17,9,4,16,16,92,0.5,1,5.5,5,5.54,MECH,4,52.81,D
8,10,6,11,9,84,1.4,3,5.5,7,4.51,CSE,4,34.17,FAIL
12,9,3,9,17,72,3.9,3,6.5,8,4.22,MECH,2,37.48,FAIL
16,8,5,14,12,95,5.4,1,6.4,7,5.48,CSE,4,50.06,D
5,11,1,11,5,39,0.0,0,5.5,6,4.58,CSE,1,29.74,FAIL
12,12,4,15,17,100,6.6,0,8.4,7,5.09,MECH,1,54.27,D
5,5,2,2,7,49,4.3,2,6.5,3,3.71,ECE,2,17.3,FAIL
11,3,3,13,9,65,0.9,2,6.7,4,4.63,CSE,3,34.58,FAIL
11,8,2,12,16,74,4.2,1,5.0,6,4.72,MECH,2,40.46,FAIL
11,6,2,17,19,72,6.2,1,10.1,5,5.64,ECE,3,48.73,FAIL
19,8,5,14,16,90,5.2,1,10.6,6,5.79,ECE,3,53.2,D
15,5,2,15,12,59,6.2,1,5.8,7,5.34,ECE,1,36.0,FAIL
10,6,5,14,11,78,1.3,3,8.8,7,4.9,MECH,3,36.19,FAIL
14,7,7,11,14,66,3.2,2,6.9,3,5.52,MECH,1,42.0,FAIL
10,6,4,7,4,79,2.2,3,9.4,5,4.06,ECE,4,29.08,FAIL
10,15,5,12,15,74,7.4,2,7.5,3,5.6,MECH,2,47.08,FAIL
15,9,1,14,11,76,5.3,1,7.1,3,5.2,ECE,1,43.28,FAIL
19,12,5,13,15,66,9.7,1,3.3,2,4.53,ECE,3,51.02,D
16,9,4,12,11,67,3.1,4,5.7,5,4.85,ECE,3,38.53,FAIL
14,8,5,15,14,79,2.6,2,7.0,1,5.46,CSE,4,49.78,FAIL
13,8,3,13,14,89,3.7,2,7.3,6,5.14,ECE,3,46.71,FAIL
15,11,4,12,14,66,6.8,2,5.2,8,4.82,ECE,4,45.39,FAIL
12,5,5,9,9,61,3.3,1,5.9,6,4.69,CSE,4,34.08,FAIL
15,9,4,16,19,84,4.2,3,7.8,5,6.0,MECH,4,52.19,D
19,7,4,18,13,74,4.2,2,4.9,8,5.03,ECE,2,45.38,FAIL
13,10,6,13,15,87,4.1,1,7.2,6,5.54,MECH,3,48.4,FAIL
17,7,5,15,14,61,2.7,0,8.9,3,6.3,MECH,3,50.97,D
11,9,5,14,9,48,3.7,0,7.6,5,4.34,ECE,1,36.53,FAIL
11,9,2,9,13,67,3.6,2,7.5,9,3.97,CSE,2,35.53,FAIL
8,7,4,18,14,63,4.0,1,4.0,3,5.45,MECH,4,41.09,FAIL
19,11,4,13,22,73,5.9,0,5.8,2,6.52,ECE,3,58.09,D
17,8,3,16,12,65,7.5,0,10.1,6,5.34,MECH,4,45.95,FAIL
15,10,3,11,18,86,2.3,0,6.1,5,5.81,CSE,1,54.83,D
16,11,4,14,12,70,3.2,2,8.9,4,5.04,MECH,4,44.04,FAIL
15,9,6,11,13,77,2.3,0,6.1,2,5.54,CSE,3,48.36,FAIL
11,9,6,8,12,77,4.4,2,6.6,1,5.97,ECE,3,38.94,FAIL
10,13,5,17,14,77,2.9,1,7.8,2,5.19,MECH,3,54.65,D
14,10,3,15,14,74,4.5,2,7.2,8,5.89,CSE,4,44.41,FAIL
12,9,4,15,18,82,6.2,2,7.6,5,6.67,MECH,3,49.28,FAIL
13,4,2,9,7,63,0.0,3,5.8,1,4.23,MECH,2,31.8,FAIL
15,15,5,15,16,95,5.0,3,5.3,7,5.47,MECH,4,51.25,D
13,7,5,12,13,71,3.1,1,5.7,7,5.14,MECH,4,39.83,FAIL
7,5,3,9,9,55,4.9,5,6.2,7,3.7,CSE,2,18.35,FAIL
15,8,4,12,13,77,2.2,1,6.7,4,5.11,MECH,2,43.43,FAIL
12,10,4,19,13,62,6.4,3,8.6,4,4.67,ECE,2,46.05,FAIL
15,8,4,9,17,84,5.8,1,7.1,5,5.97,MECH,3,49.06,FAIL
20,10,3,10,19,100,5.1,0,7.7,8,5.66,ECE,2,59.25,D
17,6,4,14,15,63,5.6,2,7.2,4,5.1,MECH,3,46.36,FAIL
14,7,4,4,12,79,2.5,3,5.3,3,4.36,ECE,3,37.2,FAIL
10,8,3,8,7,48,2.8,1,7.0,6,4.12,MECH,4,27.87,FAIL
13,9,2,13,13,81,5.5,2,7.2,7,5.6,MECH,4,39.22,FAIL
11,11,3,11,14,61,2.5,0,8.1,5,4.84,MECH,2,40.53,FAIL
14,8,4,13,16,65,6.9,0,5.4,6,5.71,CSE,2,43.81,FAIL
13,8,6,11,11,58,3.4,2,3.9,5,5.05,ECE,2,40.19,FAIL
16,13,6,14,18,85,5.0,0,7.3,4,6.21,ECE,4,59.51,D
17,13,1,13,15,90,8.2,0,7.5,3,6.01,ECE,4,58.82,D
18,14,4,12,10,75,2.6,3,6.7,3,5.35,ECE,2,45.5,FAIL
15,8,2,13,15,62,4.1,2,7.0,4,4.58,CSE,2,41.16,FAIL
14,9,3,18,20,98,6.1,1,8.3,3,5.64,CSE,3,57.05,D
15,9,1,15,12,63,5.9,1,6.3,6,5.63,CSE,3,41.23,FAIL
6,4,4,13,11,42,3.3,2,6.6,7,3.63,ECE,3,25.2,FAIL
14,8,5,13,15,81,3.0,3,7.1,5,4.57,ECE,4,47.24,FAIL
17,10,1,14,12,58,3.5,2,5.2,3,4.88,ECE,2,40.0,FAIL
15,12,7,15,15,89,6.9,2,6.8,7,5.5,MECH,1,55.62,D
15,8,7,14,10,69,3.4,0,6.9,6,4.81,CSE,4,49.41,FAIL
21,9,5,22,17,84,4.2,1,9.5,6,6.7,CSE,2,61.89,C
14,10,3,15,13,96,3.1,2,6.6,4,5.07,MECH,1,50.46,D
14,9,4,16,16,56,5.4,2,7.3,7,5.09,CSE,1,42.02,FAIL
18,6,6,13,16,66,4.3,1,8.4,7,5.05,CSE,2,46.44,FAIL
10,6,6,9,12,73,2.0,4,5.7,5,5.31,ECE,1,31.14,FAIL
11,8,4,14,15,98,2.1,0,9.1,6,5.13,MECH,1,50.49,D
6,4,2,12,11,65,0.0,0,9.6,7,4.46,CSE,1,32.84,FAIL
14,4,4,14,16,66,2.3,1,7.0,4,4.97,ECE,2,45.89,FAIL
11,7,4,12,14,82,5.6,2,6.2,5,4.74,MECH,3,40.85,FAIL
15,9,4,24,14,66,6.6,0,9.4,5,4.7,MECH,4,54.05,D
19,10,4,18,14,77,5.4,4,8.2,3,5.73,CSE,4,47.07,FAIL
11,7,4,16,15,51,5.1,4,7.1,6,5.45,ECE,4,32.13,FAIL
13,8,2,18,14,100,3.7,0,9.1,7,5.51,CSE,2,50.23,D
14,9,4,10,9,54,5.5,1,9.0,5,5.08,MECH,1,38.58,FAIL
14,10,6,13,20,70,4.6,0,6.5,6,5.6,MECH,4,53.35,D
8,12,4,16,13,74,7.6,1,7.4,8,5.3,MECH,1,44.44,FAIL
21,6,5,11,13,100,3.8,1,7.9,4,6.25,ECE,2,51.24,D
17,6,2,13,16,55,6.7,2,7.0,6,6.38,ECE,4,41.44,FAIL
15,12,6,14,16,100,5.7,0,4.9,4,5.52,ECE,4,59.95,D
14,11,6,17,12,86,5.5,4,5.6,4,5.48,ECE,4,47.39,FAIL
14,9,6,8,12,81,0.0,4,5.0,6,4.72,ECE,3,40.65,FAIL
14,8,1,20,12,60,5.9,1,7.7,5,5.96,ECE,1,45.21,FAIL
14,8,5,23,10,83,3.7,1,5.2,6,5.0,CSE,4,53.47,D
13,6,1,14,14,64,3.1,1,7.3,5,5.27,ECE,1,40.86,FAIL
11,4,5,18,14,93,1.0,0,9.7,6,5.56,ECE,2,51.09,D
11,8,3,13,14,60,4.0,2,9.1,8,4.79,CSE,2,39.34,FAIL
12,11,4,11,10,73,4.1,2,4.2,7,4.49,MECH,1,42.01,FAIL
8,6,4,7,13,66,1.4,1,5.1,6,4.11,MECH,3,32.82,FAIL
13,7,4,13,9,60,1.1,1,5.8,6,5.85,MECH,3,38.22,FAIL
15,7,4,12,14,86,5.0,1,5.2,4,4.7,MECH,3,50.1,D
19,11,4,17,12,83,5.7,2,4.5,5,4.61,ECE,1,53.14,D
13,10,6,13,13,93,4.4,1,7.0,6,5.63,ECE,4,50.23,D
15,8,4,13,14,48,6.3,1,8.1,5,5.16,CSE,2,42.28,FAIL
19,7,6,12,16,90,3.8,1,8.4,7,5.65,MECH,1,52.47,D
17,8,2,12,14,100,3.9,3,6.3,8,4.88,ECE,4,47.32,FAIL
9,9,3,15,10,68,2.2,2,6.6,5,4.28,CSE,3,37.94,FAIL
13,8,4,13,14,100,0.9,2,7.5,1,5.62,ECE,3,50.46,D
20,9,6,14,15,71,7.7,2,6.8,9,5.62,ECE,4,49.41,FAIL
12,13,5,10,10,54,6.3,0,8.2,4,4.78,MECH,4,42.42,FAIL
11,8,3,10,11,70,1.2,0,7.6,5,4.9,ECE,4,41.57,FAIL
13,9,5,14,12,90,4.3,1,6.4,6,5.14,ECE,1,47.25,FAIL
12,6,3,4,12,62,3.8,4,4.2,8,3.58,MECH,2,23.46,FAIL
4,6,4,13,4,65,3.5,2,9.2,9,4.14,MECH,2,26.71,FAIL
12,9,5,16,14,83,3.2,3,6.0,4,5.73,ECE,4,47.6,FAIL
10,12,4,16,15,75,4.8,0,7.5,7,4.85,MECH,2,50.1,D
20,11,3,19,16,83,5.6,2,4.1,5,5.91,ECE,2,56.56,D
14,6,6,14,11,78,4.8,1,7.0,10,4.85,MECH,1,40.95,FAIL
12,7,5,13,5,82,3.8,2,7.2,7,4.44,ECE,2,34.45,FAIL
12,9,4,15,14,68,3.7,1,7.2,5,5.29,CSE,3,42.2,FAIL
11,7,5,11,18,78,5.9,2,11.5,3,5.76,MECH,4,45.98,FAIL
17,7,5,12,12,61,4.9,1,6.1,1,5.15,CSE,2,47.17,FAIL
15,9,4,19,19,94,4.1,1,8.2,6,6.19,ECE,1,60.69,C
13,7,5,14,12,65,3.9,1,7.8,7,4.23,ECE,4,44.3,FAIL
13,10,1,21,15,91,4.7,1,6.0,6,5.2,MECH,4,55.74,D
12,10,1,12,14,71,3.1,0,8.2,1,4.99,MECH,2,44.87,FAIL
11,7,3,18,14,78,5.6,1,6.8,2,5.15,CSE,4,45.56,FAIL
10,7,4,11,15,67,1.8,0,8.3,6,4.58,CSE,4,39.44,FAIL
14,6,3,7,13,59,3.2,1,9.9,9,4.26,MECH,3,32.52,FAIL
12,7,4,12,12,48,5.2,2,7.2,5,4.72,MECH,2,31.79,FAIL
12,5,3,10,16,59,1.7,1,6.6,7,4.68,MECH,3,38.28,FAIL
11,7,3,10,9,70,0.9,2,8.6,3,4.69,ECE,4,37.24,FAIL
18,9,2,10,14,78,4.1,0,9.1,5,4.75,CSE,4,46.74,FAIL
11,6,2,12,15,90,0.6,4,5.7,4,5.37,ECE,4,36.64,FAIL
10,10,1,8,13,68,1.4,2,6.3,7,4.09,MECH,3,31.79,FAIL
15,11,3,21,16,61,5.5,1,8.0,4,6.24,ECE,1,51.28,D
7,4,1,13,10,53,3.6,4,6.8,8,4.19,CSE,3,23.98,FAIL
16,13,3,12,15,82,6.6,3,5.6,4,5.55,MECH,3,48.39,FAIL
13,11,3,11,14,95,1.6,1,7.8,3,4.44,MECH,3,50.63,D
15,8,6,13,21,93,3.8,0,8.0,3,5.28,CSE,3,61.21,C
13,9,5,12,9,85,4.8,1,6.5,4,4.42,CSE,4,44.33,FAIL
11,9,3,10,16,84,1.7,1,7.1,6,5.16,ECE,3,42.36,FAIL
12,8,4,16,20,100,6.1,2,6.1,4,5.93,MECH,3,51.48,D
15,12,7,18,17,79,5.0,1,5.4,3,5.78,CSE,1,58.86,D
10,4,3,11,13,84,0.8,3,6.3,7,5.12,MECH,3,32.18,FAIL
14,10,3,11,13,70,3.9,1,7.1,1,5.99,ECE,3,48.29,FAIL
9,11,3,5,10,54,4.8,2,4.8,4,4.65,CSE,4,30.77,FAIL
8,5,3,6,15,64,2.8,1,6.4,2,5.13,CSE,1,32.26,FAIL
13,7,3,13,15,74,1.0,2,7.1,3,5.33,MECH,4,44.44,FAIL
15,11,4,14,9,75,4.6,2,8.8,5,5.07,MECH,4,41.43,FAIL
21,12,7,17,15,100,8.4,2,6.5,5,5.74,CSE,3,63.47,C
13,11,2,12,14,76,3.2,2,5.1,4,5.81,CSE,4,44.45,FAIL
15,8,5,14,13,92,7.1,1,6.7,7,4.81,MECH,4,49.05,FAIL
13,6,5,13,14,68,2.5,1,6.2,5,5.05,ECE,1,42.99,FAIL
16,8,5,11,11,70,4.4,1,7.8,9,5.01,MECH,3,38.94,FAIL
6,8,5,11,20,55,5.5,2,6.5,6,4.28,MECH,3,38.84,FAIL
7,9,4,11,10,63,4.0,1,2.9,3,4.43,ECE,2,35.46,FAIL
18,10,3,14,11,82,3.4,1,12.5,9,5.26,ECE,3,45.55,FAIL
9,11,7,8,17,75,5.5,2,7.2,6,5.41,MECH,4,43.12,FAIL
19,11,6,19,16,89,7.8,1,7.1,9,5.74,CSE,1,60.21,C
18,7,8,14,16,77,4.6,1,4.7,4,5.18,CSE,2,51.27,D
14,5,1,10,16,69,3.0,2,4.8,6,4.74,ECE,2,34.99,FAIL
13,12,8,15,19,100,3.6,4,6.9,6,5.87,MECH,4,54.98,D
14,13,6,18,15,73,9.0,0,7.5,5,6.16,MECH,2,54.01,D
16,14,6,16,11,92,4.3,2,8.1,8,6.16,MECH,3,50.3,D
18,13,2,14,17,68,2.8,0,7.4,9,5.09,ECE,1,53.53,D
19,11,5,14,9,85,1.7,1,5.2,1,5.36,ECE,3,56.08,D
13,9,6,15,18,88,0.3,1,3.2,7,4.77,MECH,4,53.92,D
10,9,2,12,14,78,4.7,2,6.8,3,5.75,ECE,4,39.63,FAIL
12,6,4,12,11,39,5.3,3,6.2,1,5.06,MECH,4,29.97,FAIL
11,8,3,6,10,75,3.2,0,5.1,6,4.38,ECE,4,38.65,FAIL
15,10,6,12,15,93,4.0,2,8.2,6,5.67,CSE,4,49.89,FAIL
6,11,2,7,9,82,1.7,1,4.6,6,3.7,CSE,3,36.22,FAIL
16,11,7,14,16,81,4.3,3,7.9,6,5.9,CSE,4,52.09,D
7,7,3,10,11,49,5.0,1,4.9,7,4.57,ECE,2,27.28,FAIL
4,6,5,10,9,64,2.9,2,7.2,4,4.89,CSE,3,29.6,FAIL
16,11,6,11,13,81,7.4,0,8.4,6,5.58,CSE,1,51.94,D
19,9,5,8,12,81,2.3,3,6.5,6,5.29,CSE,4,43.92,FAIL
14,10,4,13,10,93,4.6,0,9.5,8,6.51,MECH,2,48.59,FAIL
13,8,6,17,10,72,5.7,0,9.9,5,5.84,ECE,3,48.67,FAIL
18,11,5,15,19,81,3.8,1,7.4,5,6.29,CSE,3,56.08,D
17,8,5,11,17,75,3.6,2,7.8,5,5.63,MECH,4,45.87,FAIL
11,6,3,10,13,60,1.1,5,8.6,3,4.5,MECH,2,27.58,FAIL
10,7,1,13,14,41,6.7,0,7.8,7,4.99,CSE,4,33.48,FAIL
19,15,5,15,16,81,3.7,1,7.7,2,5.85,MECH,2,59.1,D
10,9,3,12,15,77,5.1,3,6.2,6,4.8,CSE,4,39.01,FAIL
11,7,4,11,11,65,5.3,0,4.5,5,4.73,ECE,3,42.68,FAIL
12,1,3,9,13,50,2.7,2,4.9,2,4.43,CSE,3,31.53,FAIL
10,7,4,19,12,84,3.6,1,10.6,2,6.05,MECH,1,47.52,FAIL
16,9,8,16,22,71,6.7,2,7.5,3,5.56,CSE,4,53.52,D
17,12,4,17,12,83,1.8,1,6.6,4,5.29,ECE,1,54.2,D
23,16,6,18,15,100,8.3,1,8.9,8,6.34,MECH,1,64.42,C
9,6,6,7,20,42,2.5,2,5.9,5,4.89,MECH,2,35.59,FAIL
10,8,2,15,8,64,1.6,2,7.9,6,4.96,CSE,2,32.18,FAIL
14,8,5,11,15,71,4.3,2,7.1,8,4.53,CSE,2,43.27,FAIL
17,13,5,16,20,96,8.4,1,7.7,7,7.11,MECH,2,61.93,C
7,5,2,5,10,50,0.2,2,6.5,5,3.83,MECH,2,21.1,FAIL
16,9,5,17,19,100,3.7,2,5.6,4,5.43,ECE,4,57.76,D
15,8,6,15,17,77,5.0,2,5.8,6,5.44,CSE,4,49.33,FAIL
10,11,3,13,11,73,4.1,2,5.8,4,6.61,ECE,4,37.82,FAIL
10,11,4,11,14,72,4.8,1,7.0,9,5.04,MECH,2,38.64,FAIL
5,6,2,19,12,68,2.6,2,4.7,7,4.14,CSE,2,33.78,FAIL
8,10,5,14,15,90,2.8,4,5.1,5,4.36,MECH,3,42.02,FAIL
7,7,5,10,10,58,3.7,1,7.2,6,3.91,MECH,4,33.57,FAIL
12,7,5,14,10,80,1.7,2,6.8,5,5.01,MECH,2,41.34,FAIL
13,10,3,8,11,69,3.9,1,7.3,4,5.47,ECE,3,40.41,FAIL
4,10,2,8,10,63,3.2,1,6.9,6,4.06,ECE,4,27.89,FAIL
13,9,5,13,12,100,3.1,1,10.8,5,6.07,MECH,4,48.96,FAIL
8,8,2,17,11,81,4.6,3,7.2,9,4.37,CSE,2,38.93,FAIL
11,10,4,6,10,84,0.4,1,6.4,4,4.51,ECE,4,40.26,FAIL
13,10,7,12,14,92,3.5,1,7.2,6,5.72,MECH,2,50.3,D
18,8,3,14,21,53,8.6,1,8.5,3,5.33,MECH,2,51.77,D
15,11,6,14,13,100,1.8,0,6.9,3,6.28,MECH,2,60.45,C
10,8,2,9,3,37,6.6,2,8.0,1,4.98,MECH,1,27.0,FAIL
12,11,6,12,14,63,4.1,1,7.6,6,5.5,ECE,2,44.63,FAIL
12,9,6,19,11,68,2.8,3,6.6,4,6.1,ECE,3,45.42,FAIL
16,8,3,14,15,83,1.4,1,7.2,7,4.49,MECH,3,50.68,D
15,10,6,11,15,78,4.3,1,9.4,6,6.67,ECE,3,47.86,FAIL
16,10,6,15,15,72,6.9,1,7.4,5,5.56,ECE,2,52.99,D
15,11,2,7,9,74,3.2,4,5.5,2,4.93,CSE,1,34.65,FAIL
9,9,4,12,12,60,3.8,1,6.5,6,4.59,MECH,1,38.06,FAIL
6,6,3,15,16,52,6.0,2,3.8,4,4.58,CSE,3,33.73,FAIL
15,11,5,12,19,85,4.7,2,7.2,2,6.52,ECE,2,51.06,D
16,10,4,15,14,85,0.9,0,9.0,6,5.77,ECE,2,55.85,D
12,12,5,21,13,98,4.2,0,5.0,2,6.45,MECH,2,62.35,C
14,6,6,7,15,63,7.0,1,7.2,1,5.11,ECE,1,40.08,FAIL
17,10,3,14,15,85,3.9,1,8.5,8,5.34,ECE,2,47.46,FAIL
14,5,0,10,14,70,0.0,1,8.6,4,4.1,ECE,2,38.68,FAIL
19,8,5,17,18,92,4.8,1,8.9,2,6.65,MECH,2,62.53,C
15,12,6,11,16,90,3.6,2,4.2,3,5.13,MECH,2,51.3,D
13,7,2,13,11,78,0.3,4,7.8,4,5.23,ECE,1,34.81,FAIL
6,6,2,9,8,69,0.6,2,4.7,7,4.0,ECE,2,28.27,FAIL
12,11,6,15,16,89,6.0,1,5.5,2,5.0,ECE,1,53.43,D
9,12,7,12,15,84,2.5,0,8.2,2,6.08,CSE,3,52.79,D
12,7,5,12,13,64,2.2,1,7.2,7,5.07,ECE,3,42.25,FAIL
13,8,4,20,12,55,3.9,1,8.1,4,5.07,MECH,1,47.61,FAIL
11,5,5,6,4,70,2.7,2,5.6,5,3.76,ECE,1,27.36,FAIL
17,9,5,8,18,97,4.2,2,9.2,4,6.38,ECE,2,49.08,FAIL
16,12,5,14,16,92,3.6,2,8.0,9,4.83,MECH,2,52.77,D
8,8,2,11,10,58,1.6,3,8.3,2,5.26,CSE,2,30.79,FAIL
11,9,6,10,12,57,3.0,1,5.4,6,4.21,ECE,4,36.07,FAIL
16,10,6,12,15,94,4.9,1,8.8,8,5.37,MECH,1,51.49,D
11,9,5,13,13,57,4.1,0,6.5,4,5.17,ECE,1,44.9,FAIL
7,5,4,18,11,82,3.8,3,6.1,3,5.03,ECE,3,36.6,FAIL
11,11,5,12,14,65,7.9,2,7.9,7,5.31,ECE,1,43.21,FAIL
15,11,5,19,12,99,5.5,0,7.9,7,6.01,MECH,2,58.97,D
15,9,4,16,14,63,5.7,0,5.7,3,6.34,ECE,4,50.93,D
15,11,5,16,20,92,3.7,0,10.1,8,5.47,MECH,1,57.2,D
21,12,2,15,15,77,4.4,3,9.7,5,6.0,ECE,4,52.3,D
15,7,5,11,11,78,3.1,1,7.9,6,4.57,MECH,4,45.08,FAIL
12,6,2,14,11,45,5.6,1,7.6,8,5.42,CSE,1,35.19,FAIL
10,9,4,8,7,41,3.8,1,7.5,7,3.96,ECE,1,27.88,FAIL
17,8,2,16,13,71,4.4,1,4.7,5,4.89,MECH,4,44.09,FAIL
18,6,4,18,11,78,4.3,5,7.2,4,5.69,ECE,2,40.08,FAIL
11,6,4,10,13,58,4.0,1,7.1,10,3.98,MECH,4,32.46,FAIL
21,11,6,13,19,58,9.9,0,6.1,3,6.26,MECH,4,55.48,D
10,8,3,13,15,83,2.7,1,6.5,6,4.72,MECH,3,42.75,FAIL
13,8,3,17,16,83,2.6,0,3.4,6,5.16,CSE,3,54.14,D
24,9,6,13,17,72,5.4,2,5.4,6,5.6,CSE,4,55.78,D
16,8,7,14,15,86,2.8,1,8.4,9,5.31,ECE,2,53.2,D
12,5,2,12,16,57,3.4,1,9.6,5,5.39,MECH,3,36.46,FAIL
14,6,0,12,15,69,1.8,2,5.6,5,5.95,ECE,2,40.18,FAIL
17,11,7,21,14,99,5.0,0,7.3,8,5.75,CSE,2,63.35,C
19,12,4,17,14,76,5.0,2,8.6,5,5.57,ECE,2,53.57,D
15,8,3,11,16,76,3.4,1,6.2,7,5.05,CSE,1,43.35,FAIL
17,14,6,11,19,100,5.4,0,8.0,5,6.62,CSE,3,62.22,C
6,9,6,12,9,54,0.3,0,6.9,7,5.28,ECE,4,36.58,FAIL
11,9,5,11,14,86,2.6,1,8.8,6,5.26,MECH,2,45.37,FAIL
15,11,6,15,12,99,3.7,1,5.1,4,5.11,MECH,4,57.44,D
12,9,4,12,15,70,1.7,1,5.3,1,5.63,MECH,3,44.71,FAIL
15,7,4,16,16,87,0.5,2,7.4,2,4.68,CSE,1,50.39,D
12,4,6,12,8,60,3.4,0,7.1,1,5.37,ECE,4,41.37,FAIL
16,9,3,14,15,64,5.4,2,6.9,5,5.31,MECH,3,46.43,FAIL
11,12,6,22,13,80,6.6,2,7.9,1,6.07,CSE,3,51.57,D
12,8,4,17,9,86,2.9,0,5.6,5,5.14,MECH,2,45.45,FAIL
16,13,4,9,18,91,5.5,1,4.9,5,4.69,CSE,2,55.81,D
21,12,3,14,18,98,5.3,1,6.2,7,5.12,ECE,1,58.8,D
15,7,5,13,16,73,6.4,1,6.4,6,5.79,CSE,4,45.0,FAIL
15,8,5,14,11,92,3.3,2,6.6,7,4.21,CSE,1,45.45,FAIL
15,5,3,9,10,69,0.4,1,8.9,6,4.7,ECE,4,34.23,FAIL
18,9,7,10,13,88,4.1,0,8.2,4,5.55,ECE,1,56.15,D
13,9,3,11,17,78,2.0,2,7.8,5,4.09,ECE,4,42.95,FAIL
14,9,1,18,21,81,2.6,2,7.3,3,6.23,CSE,2,50.42,D
17,7,5,12,15,81,3.4,1,6.3,5,4.67,ECE,3,46.39,FAIL
7,8,2,11,12,50,3.3,1,5.7,2,5.08,CSE,2,31.07,FAIL
7,9,5,11,7,58,4.3,1,5.2,7,4.28,MECH,2,33.57,FAIL
19,10,7,11,13,76,5.4,1,6.0,3,5.08,MECH,2,52.33,D
12,8,5,10,10,49,3.3,1,6.9,5,4.48,ECE,1,32.62,FAIL
10,12,4,13,12,87,4.8,2,5.3,6,5.1,CSE,4,45.11,FAIL
10,9,5,16,18,88,4.0,1,7.3,7,5.2,ECE,1,52.79,D
10,9,3,18,20,79,5.9,2,6.7,2,5.41,CSE,1,47.95,FAIL
17,7,4,13,10,58,3.6,2,6.4,4,4.35,MECH,2,37.32,FAIL
16,9,4,15,19,95,3.8,1,8.7,6,6.17,MECH,3,56.71,D
12,7,7,8,15,100,3.3,1,3.3,9,4.84,ECE,2,44.29,FAIL
18,10,3,13,11,77,3.7,1,6.4,5,5.12,MECH,2,45.02,FAIL
13,10,1,14,16,82,2.4,3,3.5,4,4.46,MECH,4,45.8,FAIL
12,3,4,16,18,78,2.2,1,7.4,9,5.46,ECE,3,44.63,FAIL
18,12,5,14,16,82,5.6,1,8.1,7,5.42,ECE,4,53.66,D
12,6,6,8,8,73,1.8,0,5.0,8,3.44,MECH,1,36.19,FAIL
15,7,3,10,16,74,3.4,2,5.2,3,5.26,MECH,2,44.01,FAIL
14,9,5,17,14,88,6.0,2,4.5,6,4.99,ECE,2,49.07,FAIL
13,8,5,12,19,100,3.3,1,7.1,3,6.28,CSE,1,54.53,D
10,8,3,16,18,53,5.7,0,6.5,2,5.76,ECE,4,44.38,FAIL
13,12,2,11,11,73,2.8,1,6.6,6,5.34,ECE,2,44.64,FAIL
10,3,0,6,12,57,1.9,1,6.4,6,4.2,ECE,4,24.68,FAIL
15,10,6,18,13,98,0.8,2,5.5,4,5.18,ECE,2,52.25,D
13,11,3,10,18,66,6.6,4,8.7,8,5.35,CSE,3,37.6,FAIL
15,8,0,7,11,53,1.7,1,7.4,4,5.07,MECH,3,36.19,FAIL
10,12,4,20,19,84,5.5,2,5.2,4,4.98,CSE,4,55.59,D
16,11,6,16,22,100,2.0,0,5.9,5,5.39,ECE,4,62.17,C
14,12,6,18,15,84,6.6,0,5.7,5,6.53,ECE,2,60.04,C
15,12,6,16,17,78,8.4,0,9.1,8,5.46,CSE,1,53.87,D
10,10,6,10,16,81,0.6,2,8.1,3,5.19,CSE,1,45.43,FAIL
15,10,7,15,16,96,1.8,0,6.8,3,6.84,MECH,1,58.43,D
10,10,0,19,15,61,5.5,2,9.6,3,5.47,CSE,4,40.83,FAIL
9,7,3,12,11,73,5.0,1,9.2,9,4.34,CSE,3,36.85,FAIL
17,6,5,12,9,68,5.6,3,6.7,4,5.3,CSE,4,39.26,FAIL
8,12,4,17,15,57,2.9,3,6.4,3,5.68,ECE,2,41.47,FAIL
18,9,6,14,18,70,8.0,2,6.5,4,6.17,ECE,1,49.19,FAIL
16,11,8,15,11,91,4.2,2,5.6,7,4.73,ECE,4,51.58,D
15,10,3,17,12,83,1.6,2,9.6,6,5.43,MECH,2,47.82,FAIL
14,7,1,13,13,84,3.5,2,5.5,4,5.19,MECH,3,42.38,FAIL
10,7,0,7,15,77,1.6,0,8.3,4,5.58,MECH,1,42.38,FAIL
11,11,6,19,19,82,7.2,1,8.0,2,5.85,ECE,2,59.65,D
8,8,3,16,13,62,2.7,4,6.5,5,5.0,CSE,4,35.85,FAIL
11,9,2,15,12,70,5.0,2,9.7,8,6.16,MECH,4,38.0,FAIL
12,4,3,10,10,77,3.1,1,4.7,4,3.7,MECH,3,38.36,FAIL
9,10,3,13,13,79,2.8,1,6.9,6,5.31,CSE,2,45.27,FAIL
12,2,3,13,12,79,0.2,1,6.3,4,5.5,CSE,3,41.11,FAIL
13,9,1,12,16,72,5.2,1,8.4,3,4.87,ECE,2,44.18,FAIL
13,11,5,19,18,69,6.6,3,7.5,6,5.0,CSE,4,48.69,FAIL
12,5,5,14,16,100,2.2,1,4.4,10,4.52,MECH,2,50.48,D
16,8,4,12,17,88,0.9,1,8.9,6,4.81,MECH,4,48.04,FAIL
16,9,4,17,15,81,5.6,1,7.7,4,5.29,ECE,3,51.1,D
13,7,4,10,9,71,0.7,3,5.4,4,4.48,ECE,2,37.27,FAIL
13,11,4,13,11,68,6.4,3,6.5,9,5.34,CSE,2,35.31,FAIL
15,6,1,14,12,73,2.2,1,5.1,6,5.38,ECE,3,42.24,FAIL
15,9,3,14,11,79,1.8,1,6.7,3,5.84,MECH,1,47.65,FAIL
12,7,4,14,17,46,4.5,4,7.2,5,5.22,ECE,3,32.5,FAIL
10,3,2,10,14,51,1.9,1,6.5,5,5.34,ECE,1,29.96,FAIL
14,10,5,14,10,65,2.6,1,6.3,6,5.68,ECE,3,41.48,FAIL
20,12,2,16,13,78,4.7,1,4.6,8,4.89,ECE,4,53.56,D
13,9,7,14,10,71,0.0,0,7.5,8,5.09,CSE,3,46.52,FAIL
22,11,8,11,15,97,7.3,1,4.1,5,5.98,CSE,3,60.1,C
6,9,3,12,10,52,4.1,2,7.0,5,4.66,CSE,4,33.5,FAIL
10,5,1,13,9,63,1.4,4,4.3,6,4.26,MECH,1,28.19,FAIL
18,8,4,12,14,97,2.0,1,7.1,4,6.02,MECH,1,55.4,D
17,11,7,19,16,76,6.0,0,7.0,7,6.02,ECE,3,58.03,D
17,11,4,16,15,88,5.2,1,7.6,5,5.97,MECH,3,56.96,D
16,12,6,16,20,100,6.8,1,8.3,6,5.88,ECE,3,60.35,C
15,5,3,12,11,64,2.6,0,8.6,8,4.43,ECE,4,38.15,FAIL
7,5,4,14,12,73,4.6,1,4.6,6,3.98,ECE,1,39.54,FAIL
13,7,5,7,12,70,4.9,1,6.9,5,5.4,MECH,1,41.02,FAIL
13,6,3,17,12,45,5.4,1,10.0,4,5.34,MECH,4,38.31,FAIL
12,5,6,8,10,70,6.3,1,7.2,5,4.88,ECE,4,34.62,FAIL
14,10,5,11,13,88,2.6,1,5.8,3,5.6,CSE,1,48.44,FAIL
8,7,6,18,18,83,3.8,2,6.9,6,5.45,CSE,2,45.71,FAIL
9,6,4,16,11,84,2.8,2,6.4,1,4.83,ECE,1,43.67,FAIL
16,7,3,11,13,69,3.9,2,5.2,7,4.54,ECE,1,38.23,FAIL
15,8,8,17,18,65,5.4,0,8.3,6,5.91,CSE,3,55.33,D
12,5,4,14,14,94,0.7,0,7.9,5,4.94,CSE,2,46.21,FAIL
17,6,6,14,13,67,6.2,0,5.0,4,5.24,MECH,2,48.4,FAIL
17,9,2,4,14,79,1.7,0,6.9,5,5.07,CSE,3,41.51,FAIL
19,8,5,11,14,77,3.4,1,6.2,1,5.47,ECE,2,52.56,D
11,8,5,15,19,96,6.5,0,4.6,7,5.85,CSE,1,53.58,D
20,13,7,8,16,89,4.7,2,4.9,5,5.83,CSE,2,55.82,D
9,7,3,14,7,55,4.7,2,5.1,8,5.04,MECH,3,30.83,FAIL
11,8,2,10,8,57,1.6,1,6.9,6,4.28,MECH,2,34.59,FAIL
15,8,5,17,14,83,1.9,0,6.3,5,5.31,CSE,2,56.01,D
19,10,3,13,18,74,5.9,0,5.6,6,5.59,MECH,2,51.34,D
14,8,4,8,15,68,2.8,1,6.4,3,5.0,CSE,4,40.25,FAIL
15,6,3,11,17,90,3.0,1,8.1,4,5.23,MECH,4,49.78,FAIL
12,14,5,16,14,77,5.9,0,7.5,5,5.62,ECE,2,51.34,D
7,6,4,15,10,75,1.9,2,8.5,4,4.9,ECE,2,38.71,FAIL
12,11,7,14,13,86,4.5,3,6.7,4,5.21,ECE,1,49.22,FAIL
18,7,5,16,11,69,4.1,1,9.4,4,5.55,CSE,3,50.11,D
15,8,3,15,22,98,4.0,0,7.5,5,5.63,ECE,3,58.32,D
16,10,2,13,16,63,3.0,2,6.3,10,4.35,MECH,2,44.56,FAIL
10,11,3,18,9,84,2.8,1,7.1,4,4.59,CSE,3,47.52,FAIL
16,10,3,15,15,96,1.8,3,5.1,4,5.19,CSE,2,52.06,D
11,8,5,8,10,54,5.0,1,6.5,5,3.73,ECE,4,35.9,FAIL
15,5,2,12,10,69,2.7,3,7.6,8,4.17,MECH,4,33.29,FAIL
15,12,5,16,17,92,5.9,0,7.9,8,5.53,ECE,1,59.0,D
14,11,6,14,13,92,3.6,2,6.4,9,5.64,CSE,1,49.94,FAIL
17,9,8,10,11,72,1.9,0,11.1,5,5.56,CSE,4,50.21,D
6,11,3,19,13,63,3.5,1,6.7,6,4.84,CSE,1,42.02,FAIL
13,4,7,13,18,89,3.2,3,4.5,3,5.14,ECE,1,49.45,FAIL
11,10,4,9,22,92,6.0,2,8.8,4,5.96,ECE,4,49.08,FAIL
13,11,5,11,14,57,3.3,3,7.9,3,5.7,CSE,1,42.41,FAIL
9,5,2,8,8,56,3.4,2,7.3,6,4.15,MECH,1,24.89,FAIL
16,11,6,14,17,78,6.8,2,6.3,5,5.19,ECE,3,51.35,D
17,9,4,11,14,84,5.0,1,7.6,5,6.11,MECH,3,50.47,D
14,10,6,14,15,70,7.3,1,9.4,3,5.8,MECH,2,51.9,D
14,9,6,18,22,85,6.5,1,7.3,7,6.52,ECE,4,58.44,D
12,12,5,8,16,64,2.2,0,4.8,1,5.29,MECH,4,48.04,FAIL
16,5,4,15,15,43,6.0,0,1.8,4,4.97,CSE,1,42.67,FAIL
10,8,3,13,18,68,7.1,1,7.6,5,4.7,MECH,3,43.39,FAIL
12,10,6,17,9,75,7.1,1,5.5,1,6.38,ECE,1,49.13,FAIL
8,11,2,12,11,70,6.0,1,6.9,6,4.82,MECH,4,37.02,FAIL
9,9,8,14,15,57,5.9,2,5.8,5,5.33,CSE,2,41.37,FAIL
10,3,4,12,10,47,3.4,1,5.7,6,4.17,MECH,4,28.78,FAIL
7,6,4,12,15,67,2.3,2,5.9,9,4.43,ECE,4,32.64,FAIL
12,4,5,16,9,88,3.3,1,6.0,6,4.63,MECH,3,42.3,FAIL
13,8,2,12,15,93,0.7,2,8.2,7,4.22,MECH,1,47.08,FAIL
10,14,4,19,18,92,6.7,1,7.9,8,5.75,CSE,4,56.94,D
14,7,4,13,12,62,3.4,2,5.2,6,4.46,CSE,1,36.97,FAIL
17,9,3,6,8,57,6.6,1,5.4,3,4.77,CSE,2,35.29,FAIL
17,10,2,9,19,82,1.5,2,7.6,2,4.56,ECE,3,51.5,D
18,7,4,11,10,84,6.2,2,8.6,6,4.38,CSE,4,45.67,FAIL
21,11,5,12,10,81,3.0,3,8.6,4,5.71,CSE,2,49.19,FAIL
9,9,2,5,10,44,1.4,2,5.5,8,3.7,ECE,2,26.29,FAIL
16,6,6,17,17,61,7.3,2,8.5,4,5.29,CSE,2,49.9,FAIL
14,12,5,19,14,74,6.2,2,4.3,5,5.31,ECE,3,49.27,FAIL
17,7,7,10,13,82,4.4,0,6.7,3,6.08,CSE,4,50.8,D
15,8,8,17,14,86,4.1,2,7.7,4,5.75,MECH,4,53.49,D
9,11,4,15,15,77,4.9,1,3.9,3,5.02,ECE,1,50.57,D
12,11,3,23,15,79,4.4,2,10.1,3,6.93,CSE,1,53.47,D
18,7,2,12,16,76,2.4,1,9.0,5,4.91,CSE,4,49.85,FAIL
13,13,4,8,11,85,3.2,2,8.0,4,4.79,CSE,2,42.42,FAIL
19,9,6,10,10,79,7.9,1,5.6,10,5.19,ECE,2,46.21,FAIL
14,13,4,19,21,75,9.3,2,6.9,7,5.55,MECH,4,54.03,D
13,9,5,13,13,70,7.1,0,8.2,7,5.9,CSE,3,47.2,FAIL
13,10,3,15,15,76,5.0,2,5.3,5,4.91,CSE,4,44.62,FAIL
16,10,4,13,15,82,3.3,0,6.7,5,5.15,CSE,3,51.62,D
17,8,4,15,11,79,2.4,1,8.4,4,4.88,ECE,3,49.17,FAIL
13,5,5,8,14,80,2.5,0,4.8,10,4.81,CSE,3,42.14,FAIL
17,10,6,15,13,95,2.9,1,7.5,5,5.59,MECH,1,53.25,D
15,9,2,18,14,78,8.3,1,4.4,4,5.52,ECE,4,48.31,FAIL
19,9,5,17,14,65,7.6,1,5.6,3,5.44,CSE,2,54.68,D
19,11,6,18,20,88,5.5,0,6.2,6,5.47,MECH,2,62.77,C
7,7,3,4,10,54,2.1,3,7.8,8,3.61,MECH,2,22.25,FAIL
14,7,4,13,16,58,5.8,1,5.9,7,5.38,MECH,3,39.31,FAIL
12,10,5,15,15,80,3.5,2,7.2,3,6.01,CSE,4,51.33,D
14,8,4,16,10,82,0.0,1,6.0,3,4.97,CSE,3,49.97,FAIL
10,6,3,20,13,56,4.6,3,6.2,7,4.59,CSE,3,35.85,FAIL
8,5,7,15,10,69,2.3,2,8.9,9,4.16,MECH,4,32.57,FAIL
6,7,5,15,11,65,2.4,2,5.3,5,5.51,MECH,1,37.75,FAIL
17,9,3,15,16,67,3.5,1,8.1,7,5.65,MECH,1,47.32,FAIL
15,9,6,15,16,89,3.0,2,7.0,2,5.86,ECE,2,51.3,D
16,10,5,19,13,85,3.9,1,6.1,3,5.93,MECH,4,54.05,D
17,7,5,15,17,74,3.8,1,5.2,3,5.81,CSE,2,50.84,D
9,7,5,9,11,66,0.2,2,5.3,6,4.81,ECE,2,32.9,FAIL
10,8,3,12,15,54,7.0,4,5.9,5,4.64,ECE,3,34.69,FAIL
15,10,5,12,12,96,2.0,0,6.8,5,5.2,MECH,1,54.66,D
17,12,3,8,11,83,2.1,0,7.9,7,5.26,ECE,3,47.58,FAIL
14,10,5,7,11,64,3.3,1,6.5,4,5.06,MECH,2,38.55,FAIL
19,9,5,15,15,85,3.8,3,6.7,5,5.73,MECH,1,52.29,D
17,7,4,10,15,73,6.9,0,6.9,2,6.15,CSE,2,49.92,FAIL
15,8,4,10,17,70,4.5,1,7.7,7,5.18,MECH,1,46.33,FAIL
15,10,4,14,10,81,5.1,1,8.0,7,4.07,MECH,2,44.79,FAIL
12,8,5,11,7,63,4.5,1,4.9,6,5.32,MECH,1,36.15,FAIL
10,6,6,10,14,69,4.5,0,6.6,5,5.53,CSE,2,40.03,FAIL
16,10,6,12,17,76,4.6,2,8.8,4,6.63,CSE,3,49.78,FAIL
12,6,4,14,9,67,0.1,0,5.0,2,4.43,CSE,3,45.32,FAIL
10,11,5,15,13,85,3.5,2,7.1,6,4.33,ECE,1,46.35,FAIL
12,10,5,14,14,100,6.3,0,6.7,7,5.67,MECH,2,51.42,D
14,12,3,18,14,63,11.9,2,6.1,9,5.7,MECH,1,43.03,FAIL
14,8,2,10,12,50,1.6,2,9.4,4,4.52,CSE,4,31.97,FAIL
13,5,4,14,14,44,4.8,2,7.1,6,5.3,ECE,3,34.49,FAIL
12,6,3,16,14,72,2.9,2,9.3,7,4.71,CSE,1,39.55,FAIL
11,9,4,9,16,65,8.1,3,7.0,7,5.26,MECH,3,35.06,FAIL
13,8,4,13,13,78,1.3,1,7.7,4,4.97,MECH,1,46.65,FAIL
17,10,7,16,16,76,5.2,2,6.1,4,6.8,CSE,2,53.94,D
10,3,3,12,11,50,1.2,1,6.2,4,3.93,MECH,3,34.66,FAIL
19,5,3,6,9,47,3.4,1,7.6,3,5.13,ECE,4,33.17,FAIL
14,10,2,9,16,79,3.9,0,7.6,8,4.44,MECH,2,47.83,FAIL
13,14,4,15,18,77,6.1,1,7.9,5,5.77,MECH,1,55.95,D
7,8,0,10,6,68,1.8,1,7.6,5,4.38,ECE,2,28.59,FAIL
11,10,5,13,15,50,5.3,3,5.0,5,5.22,CSE,4,36.4,FAIL
13,10,5,10,17,82,4.0,1,5.8,5,5.68,CSE,2,51.22,D
18,12,8,19,23,94,4.5,2,8.3,5,5.91,MECH,2,64.98,C
12,10,6,14,10,79,5.9,3,4.1,3,4.73,CSE,4,45.61,FAIL
7,8,4,11,6,62,1.4,1,7.4,8,4.34,ECE,2,29.16,FAIL
16,10,4,14,17,75,5.6,0,6.8,4,5.35,CSE,4,55.9,D
10,8,3,8,13,54,2.9,2,8.3,3,5.39,MECH,2,32.94,FAIL
17,9,7,13,11,90,6.2,1,7.6,5,5.4,CSE,3,52.01,D
11,10,5,19,20,76,4.7,2,6.0,9,5.39,ECE,3,49.97,FAIL
10,8,2,12,10,48,3.6,0,5.9,3,5.19,ECE,1,38.12,FAIL
9,5,3,11,10,70,2.8,1,6.2,6,4.1,MECH,1,32.9,FAIL
16,12,7,17,17,81,5.6,2,7.9,5,5.52,ECE,4,53.36,D
13,11,6,11,20,70,6.5,4,3.5,5,5.04,MECH,1,42.77,FAIL
9,9,5,14,11,70,2.9,1,7.2,7,5.31,CSE,4,43.39,FAIL
6,9,5,11,12,56,1.7,2,5.7,2,4.37,CSE,1,37.07,FAIL
14,12,3,15,12,83,5.4,1,7.3,3,5.88,ECE,2,48.41,FAIL
7,7,3,10,11,65,1.1,3,7.5,7,5.04,ECE,2,31.46,FAIL
7,2,2,11,14,42,1.4,1,4.5,5,4.1,CSE,2,27.72,FAIL
11,3,2,12,15,69,1.9,4,6.7,5,3.86,CSE,1,31.13,FAIL
10,11,5,11,12,89,3.2,0,7.2,6,5.07,CSE,3,47.47,FAIL
15,8,5,14,15,69,1.3,4,7.1,3,5.42,ECE,1,39.74,FAIL
18,8,5,10,14,100,0.1,2,6.8,7,5.39,MECH,4,47.93,FAIL
14,5,2,8,10,81,1.7,3,5.2,7,3.54,ECE,1,35.68,FAIL
16,10,7,16,9,80,5.3,2,5.4,5,5.4,CSE,4,50.45,D
13,10,4,13,11,73,1.5,3,4.9,6,5.01,CSE,4,42.54,FAIL
14,7,2,10,10,73,3.3,2,7.8,7,5.25,CSE,3,37.52,FAIL
17,11,3,17,17,71,7.9,3,6.8,4,6.02,CSE,3,47.87,FAIL
12,15,3,14,12,70,3.9,1,6.9,6,6.02,CSE,2,47.83,FAIL
13,12,7,17,7,82,4.7,3,4.4,8,4.87,MECH,4,41.4,FAIL
11,3,2,12,12,60,2.1,1,6.9,6,4.73,MECH,1,34.41,FAIL
16,5,3,10,15,58,8.3,2,8.0,5,5.04,ECE,4,40.23,FAIL
5,10,4,10,7,58,2.9,3,4.2,10,3.63,MECH,3,24.16,FAIL
16,12,6,13,8,100,3.5,2,6.2,5,5.4,CSE,4,51.0,D
19,10,4,16,14,82,6.6,2,4.6,8,5.58,CSE,1,52.24,D
11,10,5,14,10,79,3.6,0,6.4,4,4.91,MECH,1,49.93,FAIL
12,7,3,14,8,59,4.1,2,5.6,7,5.18,ECE,1,35.29,FAIL
8,7,5,10,13,84,3.4,0,7.6,4,4.93,MECH,3,42.87,FAIL
13,10,4,11,12,73,3.5,1,7.3,6,5.34,CSE,4,41.03,FAIL
10,10,5,15,13,78,4.7,2,8.9,4,5.93,MECH,1,45.98,FAIL
11,10,4,11,13,60,5.1,3,6.9,9,4.77,MECH,4,32.57,FAIL
13,8,3,12,14,77,2.7,2,7.5,5,5.63,CSE,1,45.04,FAIL
10,9,5,8,10,68,2.5,2,6.2,3,4.63,MECH,4,37.78,FAIL
10,8,3,12,12,63,2.8,1,5.3,5,4.42,ECE,3,39.12,FAIL
13,5,5,10,12,86,1.2,2,8.3,6,4.61,MECH,2,41.98,FAIL
10,9,4,9,7,51,0.8,2,8.9,5,4.53,ECE,4,28.54,FAIL
15,7,5,15,15,83,4.6,1,8.1,3,5.69,CSE,4,48.25,FAIL
10,13,7,8,17,85,5.9,1,7.2,7,5.89,MECH,3,47.38,FAIL
12,9,4,8,12,61,5.7,3,5.5,8,4.9,MECH,1,32.51,FAIL
5,9,4,16,19,62,0.0,1,8.7,2,5.27,MECH,2,46.64,FAIL
12,8,4,8,13,71,3.5,2,7.9,3,5.26,ECE,3,41.38,FAIL
19,8,3,16,15,79,1.8,1,10.0,5,5.52,ECE,1,49.29,FAIL
17,10,5,17,15,72,4.3,1,5.3,4,6.02,MECH,3,50.19,D
8,6,2,12,14,81,3.2,0,8.3,6,4.58,CSE,2,41.6,FAIL
13,11,5,19,16,100,5.2,3,7.8,9,4.61,CSE,1,50.89,D
13,8,4,16,11,67,4.0,1,6.5,4,5.41,MECH,1,46.17,FAIL
10,1,1,9,9,49,0.2,3,9.0,8,3.69,MECH,4,21.88,FAIL
15,12,6,14,12,87,2.1,2,7.6,2,4.88,ECE,1,54.6,D
20,11,7,18,14,100,4.0,2,5.6,6,5.73,MECH,3,58.03,D
10,9,6,14,13,80,4.2,0,6.8,4,4.92,CSE,2,46.05,FAIL
12,6,3,14,10,58,1.2,3,5.6,6,5.05,ECE,1,34.97,FAIL
7,9,4,17,16,73,0.9,2,6.3,1,5.19,ECE,1,46.52,FAIL
14,10,3,16,10,58,4.1,2,8.1,2,5.18,MECH,4,44.36,FAIL
14,5,5,11,13,84,1.2,1,8.5,6,4.68,ECE,3,45.39,FAIL
10,8,3,7,11,54,0.7,3,7.3,4,4.62,MECH,1,29.19,FAIL
13,5,4,11,10,70,3.1,2,5.9,4,4.19,MECH,3,35.95,FAIL
6,3,3,15,12,59,3.0,2,7.6,9,3.2,CSE,1,29.52,FAIL
8,6,2,8,13,76,2.2,3,8.1,5,4.35,ECE,2,31.01,FAIL
9,12,4,11,7,69,2.6,2,4.0,7,4.99,ECE,3,35.24,FAIL
14,10,5,13,18,77,4.0,0,7.2,3,5.01,ECE,3,56.16,D
16,8,9,9,19,75,2.6,1,6.7,2,4.58,ECE,1,51.67,D
10,11,1,13,18,60,4.1,2,8.4,5,5.02,CSE,1,39.18,FAIL
14,9,4,14,17,84,3.2,2,7.6,2,6.76,CSE,4,47.57,FAIL
15,7,4,14,11,74,4.3,3,7.7,4,5.95,ECE,4,39.95,FAIL
23,6,2,12,13,60,5.8,3,6.3,5,4.65,ECE,3,38.3,FAIL
15,14,8,16,12,100,5.7,1,7.0,5,5.5,CSE,2,60.38,C
18,11,5,12,18,82,6.6,1,8.4,6,5.31,ECE,4,51.37,D
13,7,4,12,15,72,5.7,1,6.9,6,4.8,ECE,3,44.4,FAIL
15,9,6,16,23,96,4.5,1,7.3,3,6.18,ECE,2,63.49,C
11,10,4,15,17,100,3.1,0,4.7,3,5.39,ECE,3,54.3,D
12,6,5,12,10,72,3.2,0,6.9,1,4.89,MECH,1,45.46,FAIL
14,7,3,13,16,80,2.2,1,4.0,4,4.21,CSE,3,48.78,FAIL
11,7,6,10,13,60,4.0,1,6.2,6,5.88,CSE,3,37.06,FAIL
14,9,5,13,14,72,5.4,1,7.1,8,5.41,CSE,1,44.01,FAIL
9,9,6,9,13,72,2.5,1,8.2,5,4.65,MECH,4,43.44,FAIL
12,12,5,11,12,77,3.9,1,5.5,8,5.4,MECH,1,42.66,FAIL
8,5,0,13,10,79,2.6,1,7.6,6,4.51,MECH,3,35.51,FAIL
21,11,3,15,22,83,4.4,2,9.2,5,5.57,CSE,1,57.14,D
14,10,6,11,17,78,2.9,0,6.0,4,5.01,ECE,3,54.28,D
10,7,3,9,13,56,2.5,0,4.7,1,4.91,ECE,1,37.04,FAIL
14,6,0,6,11,60,2.6,2,7.4,7,4.12,MECH,2,28.15,FAIL
13,7,3,16,9,66,5.0,1,5.2,5,5.05,CSE,4,40.62,FAIL
12,3,3,10,14,70,3.8,2,5.8,8,3.79,CSE,1,33.72,FAIL
19,11,6,10,13,90,3.1,0,8.4,3,5.56,CSE,4,57.95,D
17,7,3,13,12,57,4.5,1,9.8,10,5.37,MECH,4,39.05,FAIL
9,5,4,11,16,69,3.2,0,5.5,5,5.35,MECH,1,41.44,FAIL
15,11,6,14,11,89,6.3,1,5.9,4,5.41,ECE,4,53.23,D
14,8,2,14,10,70,2.1,1,6.3,5,4.04,MECH,2,42.38,FAIL
9,9,2,11,13,81,3.6,2,6.2,5,4.12,CSE,2,40.67,FAIL
12,12,4,17,15,72,1.2,1,9.9,5,5.41,CSE,4,48.22,FAIL
13,9,5,23,12,78,3.3,2,6.2,4,5.35,MECH,3,51.06,D
13,7,4,16,7,71,0.6,1,6.4,1,5.25,MECH,1,43.32,FAIL
19,10,6,14,18,85,5.5,1,9.4,3,6.87,ECE,4,60.93,C
15,7,3,16,9,51,5.5,5,7.9,7,4.89,MECH,3,28.24,FAIL
15,8,2,13,16,69,5.6,0,8.5,3,5.75,CSE,1,50.39,D
10,8,5,14,16,79,4.1,0,5.6,2,4.76,ECE,1,52.48,D
13,8,3,19,15,83,2.2,2,6.2,3,6.07,ECE,3,50.07,D
11,7,3,11,10,97,2.4,1,5.4,5,5.21,CSE,3,43.11,FAIL
12,13,5,15,15,69,7.1,2,8.2,3,5.38,CSE,1,45.39,FAIL
20,14,7,18,18,97,6.9,1,8.8,4,6.39,CSE,2,66.22,C
10,6,4,12,12,65,4.2,0,6.1,3,6.14,ECE,1,38.72,FAIL
14,11,4,10,20,94,3.0,1,6.5,7,6.28,MECH,2,53.94,D
18,10,7,17,16,87,6.7,2,6.5,6,5.15,ECE,1,53.38,D
13,8,3,7,12,61,2.6,1,4.7,9,4.71,ECE,2,33.05,FAIL
12,6,4,16,14,79,4.5,1,6.0,4,5.52,ECE,3,45.93,FAIL
13,7,3,15,21,74,6.7,5,8.2,4,6.23,MECH,3,40.42,FAIL
18,8,4,17,18,84,2.3,2,5.7,7,4.99,ECE,1,53.28,D
15,9,7,11,13,71,5.7,2,7.1,6,5.56,MECH,1,41.45,FAIL
12,8,2,14,17,70,5.0,2,5.0,3,5.9,MECH,3,41.35,FAIL
13,8,3,20,14,95,3.9,0,6.8,6,4.6,MECH,2,57.22,D
15,9,4,10,14,73,2.0,2,6.2,6,4.92,CSE,3,44.3,FAIL
10,10,5,18,11,87,2.6,4,5.2,1,4.9,CSE,3,43.08,FAIL
11,7,5,11,13,71,4.6,2,8.2,4,5.19,CSE,4,38.34,FAIL
15,7,4,15,9,99,1.2,1,8.3,5,5.47,ECE,4,49.2,FAIL
7,8,2,9,11,64,4.3,1,5.5,8,4.08,ECE,4,33.99,FAIL
10,11,6,14,10,65,5.1,1,6.7,6,4.73,CSE,2,43.9,FAIL
14,10,2,12,12,97,6.0,2,7.1,4,5.31,ECE,3,44.61,FAIL
2,7,5,9,11,68,1.2,0,4.3,4,4.25,MECH,2,34.03,FAIL
17,8,8,15,13,99,6.6,1,4.9,7,5.86,ECE,4,57.38,D
20,7,7,16,16,88,7.4,1,8.9,1,6.92,ECE,1,61.22,C
19,13,3,17,19,72,4.8,2,5.4,3,4.91,CSE,1,57.84,D
12,7,4,8,8,47,1.9,2,8.9,8,4.95,ECE,2,29.6,FAIL
10,6,2,13,12,74,3.3,2,5.0,6,5.1,ECE,1,38.78,FAIL
14,5,3,20,12,76,3.9,0,8.0,3,6.23,MECH,2,47.99,FAIL
20,12,5,15,18,92,4.5,1,6.5,3,4.89,ECE,2,61.82,C
17,8,6,8,16,98,4.0,3,6.7,7,5.61,ECE,1,44.4,FAIL
17,7,5,20,17,64,4.6,2,9.8,5,5.65,ECE,1,52.81,D
11,7,2,16,14,87,3.8,3,5.1,5,4.37,MECH,2,43.39,FAIL
16,11,9,20,17,86,4.5,0,7.9,6,6.69,ECE,2,59.97,D
14,10,5,18,16,91,3.1,0,7.8,5,5.17,CSE,2,54.83,D
18,9,4,14,9,82,3.3,1,12.0,5,6.04,ECE,1,44.96,FAIL
10,5,3,7,8,45,2.8,3,5.4,2,5.08,MECH,4,25.85,FAIL
17,15,4,18,17,72,7.8,0,6.1,3,5.79,CSE,3,57.99,D
14,8,3,9,15,57,6.9,3,8.2,6,5.93,MECH,3,33.08,FAIL
11,10,8,11,12,71,5.1,0,6.7,6,6.15,MECH,2,45.4,FAIL
15,7,3,15,15,89,6.7,1,6.3,6,5.1,CSE,4,52.03,D
18,11,4,18,14,79,5.6,1,8.4,4,5.79,MECH,3,57.0,D
15,12,4,13,18,92,4.4,0,6.6,7,5.81,CSE,4,58.34,D
10,5,2,9,12,80,1.0,3,5.7,4,4.08,MECH,4,34.88,FAIL
16,4,4,19,13,55,3.5,1,8.1,8,5.09,CSE,1,39.8,FAIL
12,6,3,14,9,37,3.3,0,7.6,4,5.37,CSE,4,35.17,FAIL
9,12,4,15,12,77,1.7,0,6.5,4,5.66,MECH,2,45.56,FAIL
11,6,3,16,9,71,1.0,1,6.5,5,4.93,ECE,3,37.59,FAIL
14,14,4,15,13,60,5.0,0,5.6,7,5.46,CSE,3,48.63,FAIL
13,7,1,8,12,49,4.6,0,8.1,5,5.06,ECE,2,33.21,FAIL
11,3,3,6,12,63,1.7,0,6.5,5,3.97,CSE,4,33.56,FAIL
11,7,3,11,15,72,2.5,0,5.8,4,4.68,CSE,2,46.14,FAIL
14,6,4,14,15,84,6.3,5,5.1,6,5.27,MECH,3,40.86,FAIL
13,7,3,19,6,77,2.2,1,7.6,5,5.06,CSE,3,41.49,FAIL
18,11,6,15,20,99,4.3,2,6.2,3,5.8,MECH,1,58.87,D
9,6,3,16,13,59,3.6,2,4.0,5,4.37,ECE,3,38.73,FAIL
15,12,6,16,12,88,5.0,3,5.2,5,5.52,CSE,4,47.59,FAIL
13,7,7,15,25,75,2.3,0,6.6,10,5.22,ECE,1,54.64,D
13,7,4,6,15,85,4.2,1,6.7,4,5.61,CSE,1,40.65,FAIL
15,9,5,21,12,68,4.3,1,6.6,3,5.59,ECE,1,53.41,D
14,8,4,11,12,91,4.5,2,6.4,6,4.32,ECE,3,42.66,FAIL
8,9,4,17,17,79,4.2,1,4.8,3,5.35,MECH,1,49.39,FAIL
14,6,2,9,12,64,4.7,0,5.7,3,5.69,MECH,2,42.75,FAIL
22,12,7,22,13,74,8.4,1,8.8,2,6.85,MECH,4,60.37,C
22,14,5,13,21,71,9.1,0,8.6,3,6.7,MECH,4,63.03,C
16,6,6,11,14,82,2.7,3,7.9,4,5.53,CSE,2,41.51,FAIL
14,3,3,9,9,57,0.0,0,7.7,2,4.93,MECH,1,35.38,FAIL
13,6,6,13,16,74,5.2,2,8.4,4,5.24,MECH,2,45.7,FAIL
17,10,5,14,15,80,4.4,2,5.3,1,6.02,CSE,3,51.62,D
14,6,5,15,13,75,6.1,0,7.0,6,5.05,ECE,1,46.92,FAIL
18,11,6,13,15,95,4.6,3,5.3,4,5.95,CSE,2,53.59,D
20,10,4,15,15,86,4.1,1,5.3,4,5.4,ECE,2,57.88,D
18,10,4,20,18,74,6.3,5,7.6,6,5.44,MECH,3,46.71,FAIL
15,16,6,13,17,78,6.5,0,8.4,6,6.12,CSE,2,59.87,D
17,5,5,12,18,79,1.2,2,6.7,4,5.29,MECH,1,50.6,D
14,5,4,16,9,81,2.4,0,9.5,6,5.41,CSE,3,46.79,FAIL
12,9,4,5,7,47,3.8,1,7.3,8,4.11,ECE,3,30.2,FAIL
14,10,3,10,9,70,4.2,1,5.8,3,6.02,CSE,3,42.59,FAIL
13,9,4,12,9,52,3.5,1,5.4,7,4.5,MECH,4,37.57,FAIL
18,7,7,16,22,94,4.9,1,8.5,3,6.42,ECE,4,63.65,C
18,7,5,15,16,74,6.0,2,7.2,7,5.29,ECE,2,45.47,FAIL
13,12,4,16,17,72,7.4,2,8.0,4,5.43,CSE,1,51.78,D
18,10,6,10,16,88,5.2,1,3.0,3,5.59,MECH,1,52.47,D
5,11,6,17,10,81,2.3,1,7.4,7,4.65,MECH,1,43.45,FAIL
10,7,4,11,16,58,3.7,1,6.2,6,4.87,MECH,2,41.16,FAIL
6,6,1,10,9,73,3.8,2,4.9,4,3.42,ECE,2,29.45,FAIL
14,13,3,13,13,69,5.0,0,6.9,5,5.02,ECE,3,49.22,FAIL
15,6,5,13,18,48,4.8,2,8.6,4,5.03,ECE,4,42.52,FAIL
15,11,4,17,17,64,8.1,2,10.4,2,5.67,ECE,2,53.35,D
17,5,4,4,15,72,3.1,2,7.4,5,5.25,MECH,2,37.26,FAIL
11,7,3,16,12,73,4.8,2,5.9,4,5.04,ECE,2,39.52,FAIL
10,11,6,10,10,52,8.7,4,5.8,3,5.43,CSE,1,31.5,FAIL
16,6,5,12,10,92,2.8,3,8.4,8,4.97,CSE,1,40.91,FAIL
18,11,3,11,12,73,4.3,1,5.5,3,5.74,MECH,2,50.61,D
13,8,5,11,12,75,2.1,1,7.9,5,5.34,MECH,4,45.63,FAIL
19,7,6,13,14,81,4.2,1,7.4,7,5.33,ECE,4,50.67,D
13,7,4,11,12,63,2.4,1,7.3,4,4.93,ECE,1,37.6,FAIL
18,10,6,12,17,81,6.1,1,4.6,4,6.73,CSE,1,54.42,D
11,7,9,13,15,69,4.3,2,6.5,6,4.89,ECE,4,46.11,FAIL
6,6,1,11,11,61,2.1,5,4.8,6,4.03,CSE,1,21.88,FAIL
13,6,4,13,17,83,5.7,0,6.1,7,4.71,ECE,2,45.57,FAIL
21,7,5,14,17,97,4.4,0,8.4,9,5.88,CSE,2,58.69,D
18,7,7,14,17,85,5.9,0,8.8,4,6.76,CSE,1,57.87,D
11,9,4,5,11,88,1.7,3,7.3,5,4.8,MECH,2,34.46,FAIL
10,9,6,15,15,67,4.7,1,6.1,2,5.21,CSE,2,49.61,FAIL
14,6,3,13,8,51,5.5,1,9.4,6,4.87,MECH,4,32.82,FAIL
11,9,5,13,18,97,3.2,1,6.1,5,5.39,CSE,1,55.06,D
14,11,5,7,16,100,1.5,3,5.3,5,4.33,MECH,3,48.28,FAIL
15,9,4,16,15,98,3.9,1,8.0,4,6.26,MECH,3,57.43,D
15,10,6,14,14,69,6.5,1,7.7,4,6.17,ECE,3,49.27,FAIL
13,11,6,15,14,57,6.3,0,6.2,5,4.1,MECH,1,48.72,FAIL
10,9,4,16,13,59,3.1,2,7.2,3,5.87,MECH,3,40.85,FAIL
11,9,2,9,14,49,1.4,1,7.7,4,5.35,CSE,3,36.66,FAIL
6,8,3,13,14,73,3.1,3,7.3,5,3.56,ECE,2,37.03,FAIL
14,10,4,11,12,99,3.1,2,7.7,2,4.85,MECH,2,46.32,FAIL
15,8,6,18,9,72,4.9,0,6.2,3,5.33,MECH,4,48.19,FAIL
17,8,3,15,15,79,3.8,0,7.8,4,6.1,ECE,1,52.05,D
17,11,5,20,17,95,2.5,1,7.0,8,5.27,CSE,4,59.58,D
16,10,5,12,14,68,6.2,0,6.3,3,5.49,ECE,1,52.11,D
15,11,6,20,19,100,4.3,2,6.6,5,5.99,MECH,1,63.26,C
10,11,7,20,12,100,4.9,4,6.9,3,5.59,MECH,2,50.4,D
15,6,4,11,7,73,0.6,2,4.8,3,5.35,ECE,1,36.35,FAIL
9,4,2,6,11,66,0.0,1,6.0,2,4.68,CSE,2,32.35,FAIL
7,6,3,14,8,85,1.1,2,7.1,6,4.14,CSE,1,36.33,FAIL
17,7,4,9,10,69,3.0,3,5.0,2,4.68,MECH,4,36.31,FAIL
12,7,3,11,12,57,5.2,4,6.1,7,4.89,ECE,3,29.05,FAIL
14,12,2,10,16,94,0.0,0,10.6,6,5.2,CSE,2,52.96,D
17,14,5,22,18,93,7.2,1,5.3,5,5.6,CSE,4,67.16,C
13,11,5,14,12,77,4.3,1,6.4,7,5.13,MECH,1,46.38,FAIL
11,11,4,13,16,56,6.7,1,5.7,10,4.72,MECH,1,38.24,FAIL
8,4,3,10,16,56,2.2,2,6.8,6,3.88,CSE,1,30.65,FAIL
22,11,3,13,15,76,5.0,1,5.8,3,6.05,CSE,1,56.89,D
8,8,0,14,16,67,4.2,1,6.6,8,4.67,MECH,3,40.42,FAIL
13,8,4,17,20,69,5.6,0,5.9,5,5.4,MECH,2,51.92,D
11,9,2,12,16,90,3.5,1,8.6,9,5.26,MECH,3,42.74,FAIL
16,9,5,15,14,85,4.9,2,7.1,4,5.45,ECE,1,51.26,D
15,10,4,20,18,95,6.2,0,5.5,8,5.89,CSE,1,58.64,D
10,6,3,8,9,60,2.7,2,8.3,5,4.91,ECE,3,28.39,FAIL
14,5,3,12,10,69,4.5,1,5.6,10,4.55,ECE,2,37.01,FAIL
16,3,2,13,9,86,0.2,1,4.7,4,3.58,CSE,3,43.22,FAIL
12,10,6,11,15,81,5.4,4,7.0,10,5.42,ECE,3,38.7,FAIL
13,6,4,18,19,97,7.9,1,9.9,6,6.25,MECH,1,54.13,D
13,12,0,11,9,81,1.5,2,4.3,7,4.92,MECH,4,40.94,FAIL
18,9,3,14,21,100,3.8,1,5.0,8,6.0,ECE,1,56.54,D
15,7,7,14,16,83,5.8,1,8.1,3,6.31,ECE,4,51.28,D
16,10,4,10,13,90,4.1,2,6.0,7,5.26,MECH,3,47.03,FAIL
11,8,6,6,18,70,4.3,1,7.9,4,5.19,ECE,4,43.09,FAIL
22,8,5,12,17,75,3.2,2,5.7,5,6.24,ECE,1,48.9,FAIL
16,8,6,16,16,88,3.1,1,7.2,5,5.63,MECH,2,57.14,D
14,10,4,13,17,99,3.8,2,9.6,6,5.93,ECE,4,52.75,D
12,11,5,12,14,85,4.1,3,5.2,6,5.06,MECH,4,46.47,FAIL
12,2,5,7,12,73,1.6,3,8.5,4,4.68,ECE,1,30.73,FAIL
16,10,2,14,14,95,3.9,1,8.0,5,4.72,ECE,4,52.42,D
10,12,3,19,16,42,7.1,1,4.8,1,5.87,MECH,2,44.38,FAIL
10,5,3,12,8,53,3.2,3,7.8,7,4.16,CSE,2,26.71,FAIL
14,9,4,11,14,85,1.5,0,7.1,8,4.71,CSE,2,49.91,FAIL
14,10,3,14,11,75,3.7,1,7.1,5,5.13,CSE,3,47.52,FAIL
17,14,6,18,19,84,2.6,0,7.5,2,6.27,CSE,2,68.07,C
16,8,5,14,10,75,1.3,0,6.5,6,4.35,CSE,2,50.23,D
5,11,4,18,14,83,4.3,1,7.1,3,5.75,ECE,2,47.9,FAIL
12,10,4,13,6,62,2.6,3,7.4,5,5.07,ECE,3,32.76,FAIL
5,9,5,18,11,83,2.8,0,8.1,6,4.53,CSE,4,48.17,FAIL
13,7,5,12,16,89,4.3,3,4.7,6,4.47,ECE,1,42.57,FAIL
17,7,5,17,17,93,0.9,1,8.9,7,4.82,ECE,4,54.42,D
13,9,3,16,8,100,0.5,2,5.3,5,5.21,CSE,1,49.15,FAIL
12,11,2,13,11,78,5.3,2,8.1,5,5.61,MECH,2,40.28,FAIL
14,8,4,6,13,79,0.1,2,7.1,6,4.65,CSE,1,39.56,FAIL
11,5,5,11,9,52,2.0,0,5.1,5,4.63,MECH,4,33.31,FAIL
11,6,5,5,17,67,0.4,0,7.8,4,4.34,MECH,2,38.95,FAIL
18,5,4,13,14,72,3.0,3,5.6,6,4.69,MECH,2,39.03,FAIL
11,11,4,13,19,90,4.9,0,8.6,3,5.93,MECH,3,52.45,D
10,12,5,14,15,65,4.2,1,5.9,5,4.52,MECH,4,47.67,FAIL
20,13,4,15,19,86,8.8,1,4.8,2,7.26,CSE,1,63.69,C
17,5,3,19,11,74,6.2,3,9.3,4,4.72,ECE,1,40.7,FAIL
10,9,2,14,20,72,2.1,1,7.3,4,5.66,ECE,2,48.52,FAIL
12,9,6,8,12,78,1.6,1,8.3,3,5.71,ECE,4,41.41,FAIL
16,9,3,18,14,69,9.4,2,5.7,7,5.84,MECH,2,45.34,FAIL
13,5,5,8,14,68,6.1,2,4.2,7,4.9,CSE,2,33.64,FAIL
15,9,7,14,12,49,5.2,1,9.5,8,5.45,MECH,3,40.34,FAIL
13,10,5,10,10,71,4.1,0,7.0,5,4.92,MECH,3,43.78,FAIL
15,7,3,20,14,67,4.5,0,7.7,4,5.49,MECH,1,53.48,D
7,5,3,11,12,67,1.0,0,8.0,7,4.61,MECH,2,35.23,FAIL
14,8,2,7,14,81,4.3,0,6.5,5,5.2,MECH,3,46.03,FAIL
15,13,3,14,10,84,4.1,2,7.3,5,5.51,MECH,4,44.3,FAIL
15,8,3,10,9,78,2.2,3,9.4,1,5.21,CSE,3,38.91,FAIL
21,7,3,18,13,89,2.9,2,7.0,7,4.83,CSE,1,49.05,FAIL
20,10,6,18,21,83,7.0,0,8.4,6,6.58,ECE,2,62.34,C
12,11,0,13,17,70,3.7,1,4.0,5,6.22,ECE,3,42.12,FAIL
17,6,3,17,15,68,8.1,1,8.7,7,5.81,MECH,3,45.97,FAIL
12,7,4,14,8,79,0.5,3,4.7,6,4.95,CSE,4,36.36,FAIL
13,9,8,16,17,83,3.0,3,8.5,4,5.62,CSE,2,49.66,FAIL
12,9,5,7,20,95,0.9,2,7.6,5,5.52,CSE,2,48.53,FAIL
12,8,3,18,17,92,1.6,1,6.9,3,5.71,ECE,3,53.75,D
9,5,5,6,17,66,2.3,1,6.9,8,5.03,CSE,4,33.55,FAIL
10,11,6,18,17,73,4.6,2,6.6,7,5.78,ECE,2,46.72,FAIL
16,5,3,12,19,85,4.5,0,5.8,3,5.1,MECH,2,51.97,D
15,14,4,15,17,91,2.6,0,6.7,6,6.63,CSE,4,57.0,D
13,9,6,12,8,89,0.0,1,10.3,6,5.28,ECE,3,45.22,FAIL
13,11,3,16,16,74,7.0,2,9.0,4,5.91,CSE,3,51.05,D
13,7,6,15,12,56,3.4,0,5.7,5,4.42,CSE,4,41.13,FAIL
8,9,4,14,7,60,1.8,1,7.4,7,4.26,CSE,3,33.79,FAIL
10,10,6,15,7,79,4.5,1,7.1,7,5.47,CSE,4,43.88,FAIL
18,12,6,16,14,80,4.4,1,6.8,10,5.15,CSE,1,51.62,D
12,9,5,11,12,58,3.4,1,5.5,5,4.92,CSE,2,39.69,FAIL
12,11,2,12,13,75,4.3,2,7.7,5,5.09,MECH,3,40.23,FAIL
10,6,4,13,15,84,1.7,2,8.3,6,3.78,MECH,2,42.97,FAIL
10,6,5,14,14,57,5.5,3,5.7,5,4.02,ECE,3,33.3,FAIL
16,9,4,12,18,91,2.0,0,9.9,4,5.68,ECE,4,57.2,D
8,9,1,18,16,69,2.8,1,9.3,3,5.53,CSE,2,44.9,FAIL
11,12,3,20,15,93,5.3,1,7.8,1,6.01,CSE,1,54.91,D
13,7,2,8,12,66,6.4,0,5.2,6,4.71,ECE,2,38.29,FAIL
9,9,4,12,12,59,7.2,0,7.6,2,5.8,ECE,2,44.17,FAIL
8,11,2,12,16,68,6.1,1,7.4,3,5.51,CSE,4,44.82,FAIL
15,4,3,11,7,73,3.4,2,7.8,6,4.83,CSE,1,37.17,FAIL
11,9,6,7,10,69,0.9,1,9.4,4,4.23,ECE,3,37.45,FAIL
14,13,5,13,13,71,6.8,1,6.7,9,4.64,CSE,4,49.27,FAIL
14,9,6,18,16,80,6.7,1,10.1,2,6.72,MECH,2,54.36,D
15,10,5,16,11,72,2.7,2,7.6,9,4.16,MECH,2,44.05,FAIL
17,10,2,17,12,74,5.8,0,6.6,8,5.4,CSE,2,50.32,D
8,6,2,19,15,49,3.3,3,10.6,7,5.46,CSE,1,36.32,FAIL
14,11,5,11,18,80,7.0,0,8.2,8,5.12,MECH,3,53.26,D
11,12,3,12,15,73,3.0,0,6.3,6,4.65,MECH,2,48.37,FAIL
19,12,5,18,21,99,8.0,0,7.1,2,6.98,CSE,1,67.57,C
17,7,5,13,21,60,5.6,0,8.0,6,5.73,MECH,4,51.24,D
12,4,5,11,13,47,7.6,0,6.8,2,5.06,MECH,2,39.97,FAIL
16,8,5,11,12,84,3.1,2,7.2,4,4.58,MECH,2,45.96,FAIL
10,10,6,14,21,80,4.8,3,5.8,5,5.91,MECH,3,46.31,FAIL
9,11,0,13,10,59,2.1,1,4.5,3,4.89,CSE,3,37.48,FAIL
11,12,7,13,10,52,5.7,1,7.2,7,4.97,CSE,4,41.02,FAIL
15,10,7,15,19,98,5.8,3,7.2,5,6.36,CSE,3,55.31,D
17,13,5,20,17,96,8.8,0,7.8,6,5.61,MECH,2,65.29,C
11,5,1,6,17,37,5.0,1,6.1,5,4.68,MECH,3,29.38,FAIL
14,9,4,15,14,68,5.4,1,5.0,5,4.9,MECH,2,47.61,FAIL
18,10,4,17,15,99,3.1,1,5.6,3,5.94,ECE,3,58.45,D
17,8,6,11,17,67,5.1,1,8.6,3,5.95,ECE,4,48.67,FAIL
8,8,5,13,9,67,3.2,1,6.0,5,5.35,CSE,2,38.3,FAIL
14,11,3,11,12,70,4.2,1,6.3,3,5.58,MECH,2,46.63,FAIL
10,10,1,13,14,58,4.3,5,6.5,8,4.69,ECE,1,31.35,FAIL
14,7,3,6,8,49,3.3,0,6.1,2,4.95,ECE,1,35.15,FAIL
18,9,6,16,13,90,4.1,2,6.0,10,5.11,CSE,4,51.89,D
12,3,4,3,13,47,3.2,0,5.7,6,4.01,MECH,3,28.7,FAIL
19,9,2,15,17,78,3.2,1,9.1,5,5.2,ECE,3,52.99,D
19,10,4,13,19,88,6.2,0,8.0,4,6.14,CSE,4,57.84,D
15,8,5,13,5,53,4.4,3,8.9,6,5.22,MECH,4,33.97,FAIL
10,7,4,15,13,61,4.7,2,9.2,5,4.9,CSE,2,36.46,FAIL
12,6,4,8,16,93,1.1,2,3.5,6,4.21,ECE,4,39.36,FAIL
15,7,7,5,19,82,4.8,4,7.5,7,4.48,MECH,3,41.65,FAIL
13,6,2,8,8,65,5.1,2,6.1,6,4.33,ECE,4,28.04,FAIL
11,7,6,12,10,93,3.2,3,8.7,7,5.16,CSE,1,39.05,FAIL
14,11,5,13,18,93,8.2,2,5.9,6,5.65,ECE,4,52.99,D
6,8,3,6,7,79,0.0,0,5.4,3,4.68,ECE,4,37.24,FAIL
13,8,4,9,12,61,5.6,2,4.8,1,4.71,MECH,1,38.17,FAIL
9,8,4,16,14,68,5.4,4,6.5,5,4.3,ECE,1,38.44,FAIL
17,9,5,19,18,79,5.1,0,8.4,5,5.62,MECH,1,60.77,C
15,11,4,8,14,72,4.4,2,7.4,9,4.89,CSE,4,42.43,FAIL
16,10,6,17,18,89,5.1,0,5.2,5,5.75,CSE,3,62.24,C
14,9,4,14,16,52,5.7,1,10.2,6,5.59,MECH,4,43.71,FAIL
14,9,2,8,11,52,2.5,0,8.0,7,4.66,MECH,4,39.19,FAIL
17,9,2,21,15,77,4.6,1,8.2,6,5.4,CSE,3,55.41,D
6,11,5,13,18,67,3.6,2,8.9,7,5.44,CSE,2,40.22,FAIL
14,7,4,12,14,65,1.8,0,4.5,3,5.4,MECH,4,45.41,FAIL
13,11,2,6,14,48,5.4,1,5.6,3,4.57,MECH,3,36.2,FAIL
14,9,2,15,14,75,2.9,2,8.2,4,5.67,ECE,4,45.89,FAIL
13,6,3,6,8,74,1.0,4,5.8,1,4.78,CSE,2,31.12,FAIL
13,6,1,14,13,84,2.9,1,6.6,5,5.33,MECH,2,41.41,FAIL
6,11,6,12,14,76,2.4,0,6.9,4,5.64,ECE,2,47.11,FAIL
12,8,4,12,17,73,6.1,1,5.1,6,4.99,MECH,2,42.95,FAIL
9,10,5,12,19,92,4.3,1,6.5,4,5.16,CSE,3,50.58,D
8,9,3,17,13,55,6.8,2,8.4,3,5.26,CSE,2,37.24,FAIL
15,7,6,15,16,83,2.7,6,8.1,8,4.53,ECE,4,41.95,FAIL
10,10,5,14,9,49,5.7,2,8.7,5,4.55,MECH,4,36.76,FAIL
17,12,5,16,17,62,9.7,0,8.5,7,6.21,CSE,1,55.57,D
13,6,3,10,16,56,4.7,2,7.6,5,5.25,ECE,2,36.87,FAIL
19,7,4,13,21,86,5.7,0,7.5,6,5.24,CSE,1,54.93,D
14,11,4,12,11,74,5.4,0,7.4,2,5.2,ECE,4,48.47,FAIL
9,6,4,11,7,74,1.2,2,6.1,8,3.99,ECE,1,33.72,FAIL
16,9,4,12,17,58,5.2,1,5.5,7,4.3,CSE,4,46.97,FAIL
12,9,4,14,19,70,4.6,1,6.0,5,5.66,MECH,1,46.2,FAIL
13,8,6,14,12,63,3.5,1,6.5,6,4.7,CSE,3,43.58,FAIL
15,11,1,13,15,80,2.2,3,6.0,7,5.86,CSE,4,44.11,FAIL
9,5,3,14,12,60,5.4,1,7.6,4,5.22,MECH,2,37.52,FAIL
17,13,5,10,14,94,2.1,1,7.3,2,5.4,ECE,4,52.53,D
18,10,7,20,9,49,8.3,0,7.5,4,5.84,ECE,4,48.19,FAIL
8,3,4,14,11,62,4.2,0,7.5,5,4.2,ECE,3,36.02,FAIL
15,12,7,12,15,100,1.6,1,8.8,5,5.67,MECH,2,58.64,D
15,9,6,13,17,68,3.0,3,7.0,8,4.03,MECH,4,42.12,FAIL
5,6,3,13,15,55,3.4,1,8.5,3,4.0,CSE,4,33.98,FAIL
19,14,4,12,18,78,8.8,2,7.8,3,6.09,CSE,4,54.28,D
9,7,3,16,10,67,2.2,0,8.7,3,5.62,CSE,3,43.1,FAIL
11,8,2,9,11,62,3.8,1,9.4,6,5.17,ECE,3,34.17,FAIL
11,12,2,14,11,58,2.9,0,7.9,2,5.17,ECE,1,46.45,FAIL
11,10,3,19,17,100,5.0,1,7.2,6,4.44,CSE,2,57.57,D
10,10,2,14,8,71,3.0,3,7.1,3,5.13,ECE,3,38.73,FAIL
9,8,4,19,9,46,1.7,1,6.3,3,4.39,MECH,2,37.36,FAIL
19,7,4,17,15,97,3.6,2,6.2,9,5.43,CSE,4,51.97,D
14,9,2,13,8,84,3.4,3,8.4,7,4.71,ECE,3,39.35,FAIL
7,8,3,12,15,63,2.8,1,5.6,5,5.09,ECE,3,40.78,FAIL
13,10,4,13,5,61,2.9,1,9.4,2,5.07,ECE,2,39.94,FAIL
15,13,4,15,14,85,6.4,0,6.8,9,5.13,ECE,3,53.1,D
12,12,4,9,14,71,3.4,1,11.3,5,5.74,CSE,4,44.2,FAIL
7,4,0,7,13,46,1.7,3,6.0,5,3.64,MECH,1,19.58,FAIL
17,7,6,13,17,100,3.1,2,7.4,7,5.83,ECE,1,54.99,D
8,9,3,15,7,68,4.1,2,6.5,1,4.75,CSE,2,37.98,FAIL
12,9,2,12,12,97,1.3,0,5.8,4,5.62,MECH,3,46.97,FAIL
13,9,5,18,12,94,7.3,0,8.6,5,6.03,ECE,3,53.93,D
10,7,3,13,12,59,5.7,2,5.3,5,4.87,MECH,4,33.66,FAIL
15,9,5,13,12,90,6.9,4,6.0,2,4.53,MECH,1,46.39,FAIL
13,9,8,10,12,65,4.8,2,7.9,6,4.8,CSE,1,42.26,FAIL
11,4,1,9,5,46,0.0,1,8.1,5,4.15,CSE,1,26.82,FAIL
8,10,6,15,13,68,7.1,0,4.9,8,5.72,ECE,4,46.46,FAIL
12,8,3,10,15,80,2.3,3,7.9,7,4.97,ECE,1,37.61,FAIL
11,8,3,11,14,68,2.4,0,7.2,4,4.66,ECE,2,45.35,FAIL
9,7,6,13,11,70,4.3,0,5.6,5,5.43,MECH,4,41.69,FAIL
13,9,5,17,8,92,6.8,2,5.8,7,5.32,CSE,4,48.13,FAIL
15,12,7,15,18,76,6.1,0,3.9,6,5.61,ECE,2,57.78,D
15,9,4,15,14,62,5.8,0,9.6,2,5.86,ECE,3,51.13,D
14,9,6,13,11,85,3.4,0,8.5,9,4.64,ECE,4,50.28,D
8,7,4,13,10,77,3.3,3,5.1,3,5.65,MECH,2,33.52,FAIL
8,9,2,9,9,37,4.7,0,8.2,10,4.45,ECE,3,26.44,FAIL
10,12,5,18,14,81,3.7,3,6.1,6,5.56,MECH,1,49.18,FAIL
15,10,5,13,17,80,5.8,1,8.4,4,5.69,ECE,2,52.01,D
14,9,3,20,22,75,5.7,2,6.3,1,6.04,CSE,4,57.53,D
14,8,5,21,14,88,5.2,3,6.5,7,6.32,ECE,2,51.99,D
20,11,2,9,15,64,0.0,1,6.6,2,4.84,MECH,2,49.43,FAIL
10,8,5,15,12,80,4.3,2,6.0,6,4.94,ECE,4,41.17,FAIL
12,5,3,14,11,51,3.8,1,9.1,9,5.28,MECH,4,34.3,FAIL
16,9,4,17,9,81,4.3,1,8.3,3,6.03,MECH,2,47.25,FAIL
15,10,3,16,9,100,2.5,1,7.2,6,5.2,ECE,4,49.1,FAIL
14,6,5,9,7,60,1.4,2,8.5,3,5.79,MECH,4,31.5,FAIL
12,6,4,16,15,63,4.9,2,4.6,7,4.04,MECH,4,41.43,FAIL
11,5,7,17,14,64,3.3,0,5.2,5,4.98,MECH,2,44.49,FAIL
15,13,7,13,20,76,5.1,1,7.7,5,6.03,ECE,1,53.92,D
10,8,3,10,8,59,2.7,3,8.1,7,5.16,ECE,3,30.11,FAIL
12,7,2,9,14,81,6.8,1,7.4,6,5.17,CSE,3,40.6,FAIL
11,8,4,16,13,87,6.0,1,4.2,3,5.0,ECE,3,49.98,FAIL
16,8,4,13,13,83,4.6,1,5.4,9,4.99,ECE,3,45.93,FAIL
15,8,1,8,8,48,3.6,0,7.6,2,5.33,ECE,1,34.48,FAIL
13,8,3,16,18,89,5.7,1,10.6,6,5.44,MECH,4,52.12,D
16,10,6,13,12,89,4.8,2,8.8,3,6.11,CSE,2,52.66,D
19,8,3,16,13,87,4.5,3,9.4,2,5.32,ECE,2,51.06,D
20,8,4,14,20,80,6.1,1,7.5,3,6.35,CSE,4,56.62,D
18,8,5,12,15,78,6.9,2,7.5,5,5.39,CSE,2,45.92,FAIL
14,7,3,13,16,90,1.5,2,5.4,6,4.86,MECH,2,44.56,FAIL
13,7,5,14,15,100,1.9,0,8.4,7,5.81,ECE,1,55.01,D
10,4,4,7,14,60,2.4,2,6.9,8,4.79,CSE,3,29.0,FAIL
14,8,3,17,15,91,1.0,5,8.0,6,5.39,ECE,3,45.28,FAIL
15,11,6,13,8,73,3.9,0,7.0,4,5.78,ECE,3,50.26,D
11,9,5,16,9,73,5.2,4,7.4,7,5.36,ECE,3,37.26,FAIL
16,2,4,13,9,51,4.0,5,6.9,4,5.54,MECH,1,26.87,FAIL
16,10,6,6,11,70,2.9,0,7.3,2,4.46,CSE,2,45.95,FAIL
15,7,5,15,10,60,6.3,3,8.5,7,5.1,ECE,3,34.39,FAIL
17,11,3,11,16,68,4.3,2,5.1,8,4.56,CSE,1,41.28,FAIL
14,9,3,11,14,58,4.7,1,4.8,3,4.82,CSE,3,41.03,FAIL
15,8,5,20,13,68,6.3,1,7.6,9,5.27,MECH,4,48.93,FAIL
13,8,4,14,13,68,3.8,2,9.2,6,5.27,MECH,2,42.23,FAIL
16,9,5,16,21,76,8.1,2,9.5,6,6.31,MECH,4,51.45,D
10,8,2,8,5,50,3.1,0,5.2,4,3.93,ECE,2,32.55,FAIL
12,13,5,21,18,53,8.0,1,6.4,7,6.15,MECH,1,50.23,D
12,7,6,12,14,80,2.1,2,4.8,2,4.95,ECE,2,44.92,FAIL
10,7,5,16,22,63,5.0,0,6.2,4,5.25,CSE,2,50.1,D
12,13,5,15,18,91,2.7,3,8.7,4,5.53,ECE,2,49.71,FAIL
19,10,7,16,17,78,6.2,3,7.0,2,5.89,MECH,4,55.89,D
16,5,5,16,12,84,3.0,2,6.4,7,4.74,ECE,4,47.7,FAIL
13,8,4,16,18,96,4.6,0,7.8,6,5.78,CSE,1,54.04,D
15,11,4,12,9,70,2.7,3,5.8,7,4.92,MECH,1,37.8,FAIL
11,9,5,14,7,66,5.9,3,9.4,4,4.4,ECE,2,34.3,FAIL
11,7,4,10,14,88,2.7,0,7.0,7,4.93,ECE,4,45.68,FAIL
20,11,5,17,17,82,7.4,1,6.4,5,5.53,MECH,3,61.29,C
11,7,2,14,10,72,2.0,0,7.9,4,6.24,ECE,3,40.32,FAIL
9,6,4,13,9,95,1.3,0,8.4,4,5.95,ECE,3,44.5,FAIL
14,10,5,17,18,71,5.9,0,9.4,1,6.76,CSE,4,58.99,D
11,8,6,11,15,75,2.8,1,6.7,7,5.11,CSE,1,40.61,FAIL
12,6,7,11,11,75,4.0,3,8.6,7,5.21,MECH,3,36.98,FAIL
6,5,2,15,7,60,3.4,0,7.2,10,4.54,MECH,1,31.41,FAIL
14,6,3,15,17,76,1.4,2,6.1,4,5.46,ECE,2,48.39,FAIL
22,10,6,19,19,95,3.8,3,5.8,4,6.46,CSE,2,63.77,C
17,11,8,20,16,81,6.5,1,5.4,2,5.94,CSE,2,62.39,C
13,6,3,16,21,75,6.0,3,5.9,7,4.84,CSE,2,47.33,FAIL
16,8,1,10,15,72,4.5,3,8.7,6,5.74,CSE,4,36.31,FAIL
14,8,5,17,14,79,6.2,2,8.1,8,4.96,ECE,3,48.17,FAIL
14,5,2,12,11,86,1.9,2,5.1,3,5.37,MECH,4,42.08,FAIL
13,9,5,12,13,84,3.3,0,4.4,6,5.28,MECH,4,50.27,D
14,10,5,15,9,70,4.8,1,5.3,4,5.08,ECE,2,43.85,FAIL
11,9,3,15,10,79,3.7,1,5.8,8,4.4,CSE,2,43.94,FAIL
8,6,3,15,18,82,3.5,1,6.5,6,4.91,MECH,2,46.88,FAIL
17,8,2,11,12,59,1.6,1,8.8,2,4.92,CSE,3,39.16,FAIL
12,7,3,13,12,77,0.0,3,6.2,5,4.14,ECE,3,37.1,FAIL
10,10,2,13,7,42,5.6,3,9.5,1,5.22,CSE,3,28.72,FAIL
14,9,3,14,19,82,4.5,0,4.5,3,4.63,ECE,4,54.87,D
12,11,4,13,18,84,5.8,1,6.5,3,6.07,ECE,2,54.18,D
16,9,5,11,14,86,3.1,3,8.2,4,5.7,ECE,1,42.96,FAIL
15,10,4,12,18,69,2.6,2,8.3,4,5.26,ECE,3,45.52,FAIL
16,6,6,10,8,79,4.0,2,6.5,5,5.05,ECE,3,39.93,FAIL
18,8,4,20,24,96,5.7,1,8.5,5,5.86,MECH,1,66.98,C
14,15,4,10,14,96,3.5,1,8.2,5,5.27,ECE,3,50.11,D
17,5,6,12,10,74,5.6,1,6.0,6,5.44,CSE,3,45.06,FAIL
10,5,4,7,10,77,2.0,0,7.5,3,4.56,ECE,2,37.14,FAIL
16,11,4,16,11,91,3.7,3,8.1,5,5.64,MECH,1,49.97,FAIL
8,3,1,8,13,52,3.9,1,6.1,8,4.02,CSE,3,25.95,FAIL
17,12,8,21,15,70,6.5,1,9.5,5,6.54,MECH,3,56.8,D
20,13,2,17,9,95,4.4,2,5.7,6,5.69,CSE,2,52.24,D
19,14,3,16,11,89,7.5,1,7.2,6,5.85,MECH,4,54.41,D
14,7,4,12,5,80,1.3,1,5.1,7,4.03,MECH,1,40.38,FAIL
14,4,5,12,13,52,4.3,3,7.2,6,4.01,MECH,2,35.04,FAIL
13,7,3,16,14,74,4.4,2,5.4,7,5.12,ECE,1,40.06,FAIL
12,12,5,17,11,66,5.2,4,6.6,6,5.93,MECH,2,42.05,FAIL
7,5,2,11,11,79,2.4,2,4.6,6,4.96,CSE,2,30.84,FAIL
11,11,6,12,14,62,7.4,2,8.2,6,5.49,CSE,3,38.47,FAIL
13,5,5,14,11,59,4.0,1,7.5,3,5.24,CSE,1,38.46,FAIL
4,6,2,15,8,44,1.8,0,8.6,3,4.72,ECE,3,28.2,FAIL
16,9,6,19,13,93,4.0,0,6.5,4,5.71,ECE,3,57.45,D
13,7,2,17,17,69,3.4,2,8.7,8,4.53,ECE,2,45.65,FAIL
11,13,1,21,14,77,9.6,0,7.1,5,5.46,CSE,1,53.07,D
17,8,4,11,20,74,6.1,3,7.2,6,5.43,CSE,4,43.43,FAIL
13,11,5,14,13,58,4.1,2,10.2,1,6.36,ECE,4,46.02,FAIL
7,6,5,12,14,56,3.8,1,6.3,5,5.11,CSE,1,36.55,FAIL
7,9,5,13,16,59,5.9,1,8.8,5,4.7,CSE,1,37.9,FAIL
14,9,3,15,14,64,6.0,2,7.7,1,5.58,CSE,2,45.18,FAIL
12,5,4,15,11,80,0.0,3,6.1,6,4.99,ECE,4,39.52,FAIL
14,7,4,9,16,63,5.3,2,5.0,2,5.98,MECH,2,39.12,FAIL
20,11,5,19,16,100,4.1,1,5.5,4,6.55,MECH,3,66.25,C
13,8,7,15,12,90,1.4,0,8.7,7,5.04,MECH,2,52.68,D
15,12,5,18,19,87,5.8,2,9.6,5,6.33,ECE,1,54.7,D
15,7,4,14,14,73,8.5,2,7.1,4,5.96,MECH,2,44.15,FAIL
19,9,5,18,20,97,5.1,2,7.2,4,5.86,CSE,1,60.48,C
11,10,6,13,16,71,6.2,0,8.2,4,5.66,MECH,1,49.85,FAIL
16,10,6,16,15,74,7.6,2,7.1,5,5.69,ECE,2,47.72,FAIL
15,6,6,14,15,77,2.3,3,8.6,3,6.0,CSE,4,43.16,FAIL
14,8,6,9,7,85,0.3,1,7.4,7,4.09,MECH,3,42.89,FAIL
16,12,8,11,19,84,5.3,2,7.2,3,6.01,CSE,1,54.0,D
11,7,3,16,15,67,3.5,0,6.0,2,5.96,CSE,2,49.95,FAIL
12,9,5,10,18,67,1.3,1,5.6,7,5.07,MECH,2,41.94,FAIL
16,8,2,13,16,84,3.8,1,2.3,4,5.28,ECE,1,46.99,FAIL
15,9,6,16,14,85,5.5,3,8.9,5,5.4,ECE,2,45.52,FAIL
16,7,2,9,9,69,3.7,0,6.8,6,5.31,ECE,4,40.66,FAIL
7,9,1,13,9,51,2.4,4,6.4,4,5.23,CSE,1,27.44,FAIL
11,7,3,13,15,71,3.6,2,4.1,5,4.53,CSE,4,37.41,FAIL
14,11,6,10,15,84,4.0,1,6.0,6,5.36,ECE,4,49.53,FAIL
15,7,2,11,8,100,0.1,1,5.8,8,4.7,ECE,4,45.21,FAIL
14,8,3,14,6,57,3.7,1,5.8,4,4.48,CSE,1,35.38,FAIL
11,5,2,15,16,68,1.3,3,7.5,4,4.73,ECE,1,37.06,FAIL
12,11,4,16,13,69,5.3,0,7.2,6,5.23,CSE,4,45.16,FAIL
13,7,5,10,12,95,0.9,2,5.0,5,4.55,ECE,4,46.72,FAIL
10,11,4,12,13,74,6.0,0,5.1,5,4.71,CSE,4,43.89,FAIL
9,7,2,7,11,61,3.2,0,5.1,8,3.89,CSE,3,29.51,FAIL
16,10,7,17,17,83,2.9,2,9.7,2,5.97,ECE,2,55.81,D
14,13,5,9,11,68,4.6,1,9.2,2,4.94,CSE,4,42.53,FAIL
7,8,2,14,13,56,2.3,0,5.7,2,3.68,ECE,4,37.66,FAIL
10,9,3,13,8,61,4.6,0,4.0,7,5.19,CSE,2,36.38,FAIL
11,7,4,13,18,100,2.5,1,7.2,6,4.93,MECH,1,49.95,FAIL
11,7,6,12,15,80,2.9,2,7.1,2,5.39,MECH,3,44.33,FAIL
15,11,1,13,11,76,4.8,1,7.5,5,5.84,CSE,4,43.6,FAIL
14,6,5,11,15,71,1.7,2,8.1,5,4.23,CSE,1,40.89,FAIL
16,7,3,9,13,79,1.5,1,7.7,1,4.72,ECE,2,46.78,FAIL
10,6,2,16,16,79,4.5,0,5.3,5,4.86,ECE,2,49.56,FAIL
16,10,5,17,8,79,3.9,2,7.4,3,6.01,CSE,1,45.64,FAIL
15,9,5,14,11,76,4.3,0,8.3,6,5.29,ECE,2,49.51,FAIL
16,11,6,18,14,88,4.7,1,5.9,3,5.63,ECE,4,58.78,D
10,11,6,11,13,75,4.1,1,7.4,5,5.12,MECH,3,45.62,FAIL
10,9,4,9,15,60,5.2,1,6.2,8,4.96,CSE,4,37.15,FAIL
15,7,5,15,16,65,4.2,1,10.0,7,5.86,CSE,2,43.23,FAIL
9,4,3,10,3,45,0.0,0,5.0,6,5.3,MECH,4,23.88,FAIL
14,10,5,14,12,100,0.5,1,8.7,5,5.36,ECE,1,49.57,FAIL
15,12,5,15,17,87,7.9,1,4.5,2,6.75,MECH,2,57.88,D
12,12,4,14,15,62,4.0,2,9.7,4,5.82,CSE,3,46.01,FAIL
10,9,2,11,17,70,5.9,1,5.3,5,5.32,CSE,4,41.26,FAIL
11,3,6,14,13,65,3.3,1,7.3,4,3.95,CSE,1,39.79,FAIL
14,7,4,15,18,98,3.9,1,4.6,2,5.51,CSE,3,54.27,D
11,5,5,14,9,53,3.1,2,5.0,6,4.19,MECH,2,33.6,FAIL
16,15,7,18,19,76,8.9,0,8.3,3,6.36,MECH,3,61.78,C
14,11,2,11,8,73,4.5,1,8.5,8,4.99,CSE,4,42.27,FAIL
19,8,4,16,15,87,2.9,1,7.4,5,5.07,ECE,3,52.62,D
11,8,5,9,17,73,0.7,2,8.1,7,5.68,CSE,3,39.34,FAIL
16,6,4,13,9,48,7.9,0,8.6,7,5.78,CSE,1,39.19,FAIL
9,4,1,10,10,71,3.7,3,6.0,9,3.57,MECH,2,26.69,FAIL
12,10,6,5,16,60,5.5,1,4.9,5,4.74,CSE,2,40.88,FAIL
16,12,6,19,17,76,5.7,1,7.0,4,5.85,MECH,4,60.81,C
17,10,5,17,20,96,3.1,3,6.1,4,6.19,ECE,1,55.54,D
13,11,2,7,12,48,5.3,4,7.6,8,4.39,CSE,1,26.6,FAIL
15,9,2,13,16,62,2.8,1,7.8,2,5.08,MECH,3,44.99,FAIL
14,8,4,8,13,66,2.0,0,6.0,3,4.93,ECE,1,44.94,FAIL
18,10,4,16,14,69,6.3,3,8.1,5,5.81,ECE,1,46.18,FAIL
14,6,4,10,14,86,3.7,0,8.0,5,4.71,CSE,1,47.12,FAIL
10,10,4,12,15,72,5.0,4,8.1,7,4.18,ECE,1,34.17,FAIL
18,12,4,17,15,81,4.8,2,6.4,2,6.29,CSE,4,56.99,D
11,9,6,13,12,65,5.3,3,8.2,5,4.79,ECE,1,37.13,FAIL
16,7,3,13,14,78,0.9,2,7.8,5,6.02,ECE,3,43.15,FAIL
10,11,3,11,8,86,2.8,5,8.0,3,5.15,CSE,1,34.22,FAIL
11,4,4,11,8,64,3.4,1,9.5,7,4.86,MECH,3,29.7,FAIL
12,7,5,17,10,86,2.3,1,7.5,5,5.46,MECH,1,44.35,FAIL
13,9,2,14,14,75,4.9,1,6.1,5,4.17,ECE,2,46.93,FAIL
17,11,5,21,23,90,6.4,0,5.3,3,7.28,MECH,2,70.59,B
15,8,2,15,12,71,6.7,1,8.7,4,5.55,MECH,3,46.41,FAIL
13,11,3,16,13,80,3.3,3,7.5,3,5.06,MECH,2,42.88,FAIL
16,11,5,17,14,74,4.6,2,9.5,7,4.73,ECE,1,49.35,FAIL
15,11,2,9,7,73,4.9,2,4.0,7,4.96,CSE,2,37.89,FAIL
15,10,3,11,15,78,5.2,1,8.4,8,5.42,ECE,2,46.08,FAIL
12,8,2,15,16,83,2.2,5,6.6,6,4.44,MECH,3,41.04,FAIL
10,12,6,18,10,56,7.6,1,6.5,4,4.64,MECH,2,42.71,FAIL
14,14,7,14,17,96,5.9,0,5.9,4,6.37,ECE,2,63.9,C
12,7,0,7,14,47,5.9,2,8.3,6,4.59,MECH,3,31.24,FAIL
8,14,1,10,10,64,6.4,3,7.9,5,4.53,ECE,3,35.46,FAIL
13,9,4,12,13,73,5.1,1,5.3,5,5.06,MECH,3,41.92,FAIL
13,9,1,13,15,81,1.9,1,7.2,4,4.99,CSE,2,46.36,FAIL
12,14,7,19,11,98,3.7,1,8.1,7,6.52,MECH,1,54.89,D
9,6,0,8,10,47,0.7,1,7.3,4,4.1,ECE,4,27.97,FAIL
13,8,3,18,11,67,4.8,3,8.7,8,4.86,ECE,4,39.52,FAIL
17,7,3,10,13,43,3.7,2,6.6,5,4.59,MECH,3,34.15,FAIL
13,8,6,10,18,75,3.9,1,3.6,4,4.68,ECE,4,48.17,FAIL
18,6,5,13,11,79,6.4,1,7.3,3,6.03,MECH,1,49.82,FAIL
16,11,5,13,10,98,3.1,0,7.3,5,5.08,CSE,1,56.22,D
14,7,4,13,11,76,3.5,2,7.5,6,5.0,MECH,3,41.63,FAIL
18,8,6,15,17,90,4.0,3,8.7,4,5.99,MECH,1,53.27,D
8,10,4,11,12,83,0.3,2,4.1,7,4.99,CSE,3,39.95,FAIL
12,9,5,11,17,68,3.5,1,6.6,4,4.77,CSE,1,45.76,FAIL
9,7,4,6,4,53,0.0,0,5.6,5,3.84,CSE,3,28.13,FAIL
11,9,6,15,12,79,2.8,3,5.2,2,6.03,MECH,3,43.34,FAIL
12,8,0,18,17,52,5.7,1,6.9,6,4.58,MECH,3,41.44,FAIL
16,10,3,15,15,94,4.9,1,8.1,4,5.88,CSE,3,52.15,D
13,7,5,14,19,72,2.8,1,7.5,8,5.6,MECH,3,44.41,FAIL
12,11,8,13,17,92,4.1,1,6.0,6,5.4,MECH,2,54.75,D
9,8,4,16,12,67,1.9,4,6.8,5,4.64,MECH,2,34.94,FAIL
12,12,4,12,15,79,4.0,0,8.4,7,5.13,MECH,1,48.92,FAIL
17,6,7,15,11,78,9.9,2,8.0,6,5.63,MECH,2,46.62,FAIL
16,12,7,10,19,74,7.7,0,6.2,7,5.59,CSE,2,54.23,D
13,7,5,7,13,68,4.1,1,6.1,3,4.73,CSE,3,39.65,FAIL
13,8,4,13,8,80,4.3,2,4.4,6,5.39,ECE,2,41.22,FAIL
8,8,3,9,11,61,2.0,3,6.4,6,4.52,MECH,2,27.47,FAIL
10,5,4,13,10,56,2.4,1,4.4,2,4.79,MECH,2,33.67,FAIL
14,10,7,18,20,93,4.7,2,10.1,8,6.54,CSE,4,58.1,D
4,9,5,13,11,85,3.0,3,5.7,3,4.63,ECE,3,35.33,FAIL
15,9,5,17,16,75,5.8,3,8.7,2,5.92,MECH,3,52.15,D
18,11,7,21,17,99,7.1,0,9.7,1,7.08,MECH,1,67.44,C
16,7,4,14,6,70,4.7,1,7.3,6,4.83,CSE,1,40.7,FAIL
18,11,5,15,12,94,4.2,2,6.8,2,6.38,CSE,3,54.55,D
13,5,6,9,11,77,0.6,2,5.0,4,4.46,MECH,2,38.22,FAIL
10,10,3,12,11,59,5.5,1,6.2,7,4.95,CSE,2,37.61,FAIL
18,14,4,13,16,100,1.7,0,9.4,5,5.59,ECE,1,63.11,C
15,10,3,15,13,89,3.2,2,7.5,4,5.63,CSE,1,49.98,FAIL
14,11,5,18,11,73,5.9,1,7.0,2,5.74,CSE,2,48.17,FAIL
13,11,5,15,15,85,6.1,0,9.0,5,5.86,MECH,3,53.53,D
10,6,1,12,7,68,3.1,2,8.0,7,4.63,ECE,2,27.25,FAIL
13,9,6,19,13,87,3.2,2,6.8,6,4.89,MECH,3,52.61,D
6,6,1,10,2,39,2.6,1,7.3,9,4.1,MECH,2,20.0,FAIL
11,10,4,12,12,59,1.6,3,5.8,4,4.61,CSE,4,36.28,FAIL
13,9,4,19,15,89,2.7,0,6.2,2,5.2,ECE,4,59.69,D
13,10,0,11,15,71,0.8,1,6.7,6,4.76,ECE,4,43.16,FAIL
14,10,1,16,13,78,5.4,3,7.8,5,5.29,ECE,2,41.89,FAIL
7,7,2,10,15,54,4.8,0,5.1,5,5.49,ECE,3,32.73,FAIL
17,10,8,17,13,100,5.1,0,7.1,4,7.2,CSE,2,62.76,C
12,11,2,14,16,92,2.1,1,6.4,1,6.35,MECH,1,50.71,D
11,10,6,14,11,71,1.6,1,5.6,3,5.57,CSE,2,48.23,FAIL
10,8,1,19,11,68,4.1,0,6.4,6,5.34,MECH,1,43.81,FAIL
20,8,1,12,19,90,4.1,4,3.5,6,4.97,CSE,3,46.21,FAIL
12,12,5,17,11,100,3.7,1,5.9,7,4.4,CSE,1,50.17,D
15,8,4,16,15,89,3.4,0,5.4,6,4.64,CSE,4,54.61,D
16,9,3,17,17,100,7.4,3,6.6,6,5.65,MECH,3,50.0,D
12,8,2,13,15,61,4.9,1,3.6,7,5.09,ECE,2,39.73,FAIL
13,10,5,17,11,62,7.9,2,7.3,5,5.6,CSE,2,45.84,FAIL
11,7,3,13,8,57,6.5,1,8.4,5,4.97,MECH,1,36.7,FAIL
13,10,6,14,11,81,7.4,3,6.8,1,5.22,MECH,4,46.93,FAIL
15,6,4,18,10,77,1.9,0,7.7,4,6.32,ECE,4,46.87,FAIL
14,10,6,14,13,72,5.2,2,6.2,4,5.59,CSE,3,46.53,FAIL
18,7,3,15,14,87,3.1,2,4.7,5,5.56,CSE,2,51.74,D
12,8,5,10,15,93,0.7,1,7.0,3,5.09,MECH,2,48.86,FAIL
12,7,2,12,14,52,7.0,2,8.0,7,4.95,MECH,1,31.72,FAIL
12,11,4,8,7,66,3.4,2,5.0,3,4.78,ECE,4,35.83,FAIL
15,8,5,13,14,87,1.9,4,6.3,7,4.94,CSE,4,40.66,FAIL
14,7,3,10,12,67,3.2,3,6.6,3,6.04,CSE,1,33.88,FAIL
15,11,4,6,13,63,2.4,1,11.3,4,4.69,MECH,2,43.71,FAIL
22,13,5,10,7,90,2.6,1,7.3,4,5.45,MECH,1,52.59,D
14,9,4,13,11,55,3.6,3,4.1,4,4.75,ECE,4,34.95,FAIL
15,10,3,11,15,70,7.5,0,3.8,7,4.96,CSE,1,44.7,FAIL
8,7,4,14,13,79,2.7,1,8.1,4,5.84,MECH,2,40.44,FAIL
18,11,7,12,14,66,7.3,1,10.7,4,5.05,CSE,3,51.71,D
20,12,4,18,20,86,5.7,2,6.6,4,6.65,MECH,4,61.49,C
17,7,4,7,11,66,4.8,3,6.5,4,4.49,MECH,2,33.45,FAIL
18,10,4,15,18,96,5.5,2,7.6,5,5.31,MECH,4,55.85,D
10,7,4,11,15,73,4.0,5,5.8,5,4.82,ECE,3,32.04,FAIL
12,7,7,17,12,85,6.6,1,3.2,5,5.02,ECE,1,47.1,FAIL
12,13,4,17,7,86,5.1,1,8.6,7,5.73,ECE,3,46.56,FAIL
11,3,4,4,11,65,0.7,1,6.1,6,4.56,ECE,1,30.27,FAIL
9,12,5,15,15,44,4.6,4,8.6,3,5.07,CSE,4,33.73,FAIL
16,8,4,17,17,80,5.6,3,5.9,5,4.68,MECH,2,48.56,FAIL
11,10,3,15,14,76,3.4,4,7.2,4,5.2,MECH,2,41.03,FAIL
13,10,5,10,13,83,4.3,4,8.3,6,5.44,ECE,2,40.31,FAIL
14,7,4,15,16,71,2.8,3,8.6,5,5.76,MECH,2,41.35,FAIL
10,7,1,13,7,68,1.2,3,7.3,7,4.66,ECE,3,27.2,FAIL
12,9,3,13,15,100,0.9,0,7.3,4,5.63,MECH,1,55.27,D
6,6,4,14,14,52,0.9,0,7.9,5,5.45,ECE,4,39.66,FAIL
17,12,4,20,14,86,5.3,3,7.7,3,5.28,CSE,1,52.67,D
7,4,4,9,6,66,0.0,2,5.1,5,4.14,CSE,4,28.06,FAIL
10,8,2,9,11,69,2.7,3,5.1,2,4.47,CSE,3,33.64,FAIL
11,5,4,12,14,70,2.5,2,3.8,6,5.3,ECE,3,39.14,FAIL
7,9,4,15,10,62,3.4,0,8.1,5,5.84,MECH,3,41.64,FAIL
14,9,4,13,12,83,0.3,3,6.4,5,5.61,MECH,2,42.54,FAIL
20,14,4,13,18,95,4.8,2,8.2,7,5.91,ECE,2,60.02,C
16,7,4,16,16,82,1.5,1,7.6,5,5.27,ECE,4,51.43,D
13,9,7,14,15,76,6.3,1,5.5,2,5.43,MECH,3,48.58,FAIL
15,7,4,14,10,60,2.8,2,6.8,4,5.22,CSE,2,40.89,FAIL
8,12,6,15,6,82,3.8,1,6.3,5,4.62,ECE,1,45.04,FAIL
17,8,4,14,15,100,4.0,2,6.1,4,5.07,CSE,2,55.05,D
11,9,0,15,8,69,4.5,3,8.4,5,5.07,ECE,1,36.45,FAIL
17,9,6,20,15,69,4.1,0,10.8,8,6.12,ECE,4,55.24,D
12,7,7,15,10,66,3.1,0,8.7,5,4.84,CSE,1,42.45,FAIL
9,8,4,8,15,67,4.7,1,7.0,6,4.85,MECH,3,37.84,FAIL
12,10,3,11,8,33,4.9,2,8.9,1,5.23,MECH,3,30.93,FAIL
14,12,4,12,10,81,2.5,2,9.6,6,5.74,CSE,3,45.65,FAIL
13,5,6,16,14,62,4.9,1,4.9,10,4.97,ECE,3,39.73,FAIL
9,9,4,11,11,50,6.4,0,8.8,8,4.34,ECE,1,33.18,FAIL
12,13,4,15,17,86,5.4,2,8.2,4,5.77,CSE,3,51.02,D
14,9,2,8,16,58,5.9,1,8.8,10,4.9,CSE,4,34.84,FAIL
13,11,5,23,12,69,4.3,1,8.2,5,5.43,MECH,2,50.8,D
16,7,9,15,17,96,2.1,0,6.7,6,5.7,MECH,4,60.05,C
13,9,2,11,7,53,2.4,3,10.0,4,5.39,ECE,4,31.19,FAIL
14,10,5,7,8,52,4.6,1,7.5,4,4.98,MECH,4,33.72,FAIL
21,9,6,17,16,79,5.9,0,6.3,1,6.43,CSE,1,61.01,C
19,10,4,18,17,92,9.6,3,7.8,7,6.6,MECH,1,52.74,D
10,11,5,14,7,51,6.0,1,8.5,4,5.66,CSE,4,37.02,FAIL
10,7,7,8,17,81,1.7,2,7.1,5,4.78,MECH,4,41.08,FAIL
13,8,6,9,7,83,2.5,0,7.6,6,5.5,ECE,3,39.58,FAIL
15,6,4,19,13,44,8.6,2,7.1,4,5.87,MECH,3,42.06,FAIL
18,8,2,10,16,86,3.6,1,6.0,6,4.93,MECH,2,48.79,FAIL
14,8,5,16,13,88,4.1,2,5.8,7,5.22,CSE,2,48.5,FAIL
18,5,4,12,14,70,2.1,1,4.9,6,5.34,CSE,1,45.64,FAIL
23,10,6,20,15,93,7.1,2,9.3,5,6.39,CSE,2,62.66,C
17,12,4,16,16,92,5.0,2,6.7,5,5.59,ECE,2,57.86,D
15,9,3,13,17,76,2.5,3,1.9,5,5.25,ECE,3,46.73,FAIL
10,4,4,12,10,68,2.0,1,7.6,3,4.84,MECH,2,37.15,FAIL
16,8,5,9,13,60,4.6,3,7.6,5,4.19,CSE,2,35.24,FAIL
10,9,5,9,11,74,4.1,4,4.2,6,4.43,MECH,4,30.14,FAIL
19,10,4,15,16,83,5.7,1,5.8,5,6.02,CSE,4,52.24,D
11,9,3,9,15,70,5.1,1,5.7,4,5.47,MECH,4,43.52,FAIL
12,5,3,4,6,42,3.5,2,5.9,4,4.5,ECE,4,24.76,FAIL
19,11,4,16,12,94,2.9,1,8.8,6,6.06,CSE,4,55.88,D
16,10,4,13,12,77,3.7,1,6.8,3,5.48,ECE,3,50.64,D
11,9,7,15,14,69,2.9,2,6.4,3,4.97,ECE,4,48.13,FAIL
15,14,4,18,18,87,3.7,3,8.7,2,6.31,ECE,4,54.01,D
20,10,5,17,20,97,4.0,0,7.7,5,5.54,MECH,4,62.97,C
7,3,4,10,7,32,2.2,2,4.4,7,3.92,MECH,4,19.68,FAIL
12,12,5,11,12,81,5.3,0,6.1,8,4.7,MECH,2,44.54,FAIL
14,3,5,11,10,53,3.3,3,7.5,8,3.9,ECE,3,28.11,FAIL
12,7,3,10,9,82,2.3,0,5.6,4,4.67,MECH,2,40.28,FAIL
13,7,3,15,16,76,3.3,0,10.0,6,5.34,ECE,4,49.59,FAIL
20,9,4,22,11,84,4.5,4,7.2,4,5.24,MECH,3,49.2,FAIL
10,7,2,4,8,67,4.2,2,5.9,8,4.35,ECE,1,23.45,FAIL
8,5,3,13,6,46,4.8,3,5.3,8,4.2,ECE,4,24.94,FAIL
14,11,5,14,12,68,5.8,1,8.4,5,5.39,CSE,3,44.17,FAIL
14,9,4,12,13,81,6.6,1,6.0,4,4.88,CSE,4,47.49,FAIL
11,11,5,16,11,90,4.6,3,7.6,1,4.77,ECE,4,49.6,FAIL
13,5,4,7,8,57,1.9,5,5.3,2,4.91,ECE,1,26.52,FAIL
15,8,4,21,20,90,3.5,1,7.1,1,5.92,CSE,3,60.35,C
11,5,4,14,10,65,2.0,3,6.0,2,4.27,MECH,2,36.35,FAIL
15,11,3,14,16,80,7.4,3,6.5,9,5.5,MECH,4,46.14,FAIL
12,14,3,10,17,67,8.0,1,5.8,2,5.94,CSE,2,48.0,FAIL
12,9,7,13,13,77,5.3,3,8.5,3,5.62,MECH,4,46.59,FAIL
12,7,5,21,13,88,5.7,0,6.3,3,6.79,ECE,4,57.39,D
16,9,3,18,10,56,4.5,3,6.8,10,5.01,CSE,1,38.89,FAIL
12,9,6,12,14,64,4.7,1,6.9,5,4.87,ECE,1,45.64,FAIL
15,5,4,14,8,77,0.8,0,9.4,7,4.71,ECE,4,44.57,FAIL
13,11,4,13,16,100,3.9,2,8.3,5,5.09,CSE,3,53.19,D
16,10,3,12,5,62,2.2,3,8.2,1,5.85,ECE,3,38.35,FAIL
10,6,5,13,15,100,4.6,0,4.6,8,5.36,CSE,4,47.67,FAIL
19,13,7,20,18,100,3.9,1,6.0,6,5.9,CSE,1,65.8,C
14,12,4,12,17,73,7.9,2,8.8,5,4.77,ECE,4,47.1,FAIL
9,8,6,15,9,70,5.8,1,5.2,9,5.15,CSE,2,39.23,FAIL
4,9,4,13,13,64,4.6,0,7.1,4,4.92,CSE,4,41.3,FAIL
15,13,3,21,18,73,3.5,1,5.4,5,5.25,CSE,3,57.96,D
17,8,3,14,20,53,7.4,1,5.6,4,5.41,CSE,3,45.66,FAIL
13,11,3,12,13,73,3.9,2,9.5,7,5.21,MECH,1,39.84,FAIL
17,10,7,13,12,97,4.7,0,8.1,7,5.29,ECE,2,52.88,D
14,6,6,16,17,65,4.1,2,8.5,6,5.27,MECH,3,43.09,FAIL
13,4,4,18,14,71,3.2,1,8.2,3,4.93,CSE,4,48.78,FAIL
15,9,0,17,18,49,4.1,3,6.8,4,5.3,MECH,2,38.43,FAIL
7,5,6,10,17,80,0.1,2,6.0,3,4.56,ECE,1,40.55,FAIL
12,9,3,14,7,78,0.9,1,6.4,7,4.64,ECE,3,37.21,FAIL
16,5,3,11,15,75,4.7,1,6.7,2,5.2,MECH,1,44.74,FAIL
13,10,4,15,16,71,7.1,0,9.7,8,5.57,MECH,4,49.73,FAIL
13,7,4,8,15,70,4.7,1,5.0,8,4.18,CSE,1,41.2,FAIL
9,12,5,13,13,82,2.6,1,6.2,3,4.88,MECH,2,48.5,FAIL
14,9,6,10,19,74,1.1,1,5.6,4,5.94,ECE,3,51.81,D
13,11,6,15,15,79,5.6,2,8.6,4,6.17,CSE,4,48.33,FAIL
12,8,4,17,13,78,2.9,1,9.8,6,5.49,CSE,1,46.59,FAIL
17,10,4,13,19,91,5.3,1,7.5,8,5.7,CSE,2,53.87,D
9,12,3,13,14,85,4.8,3,7.6,7,5.51,CSE,3,40.58,FAIL
11,9,5,17,14,77,5.0,2,7.1,4,5.45,MECH,4,43.99,FAIL
18,8,6,14,12,97,4.1,1,7.7,8,5.81,ECE,3,50.15,D
13,11,3,10,11,81,4.8,0,8.2,7,4.92,CSE,1,42.78,FAIL
14,14,3,15,12,94,3.8,0,7.6,5,6.42,CSE,3,53.67,D
15,12,5,14,12,84,2.7,0,7.7,5,5.36,CSE,4,52.71,D
7,9,2,12,7,47,2.1,3,8.2,8,4.62,ECE,2,22.66,FAIL
10,8,2,8,10,94,0.0,2,4.3,7,5.41,MECH,2,36.97,FAIL
13,7,3,15,12,77,3.6,3,7.0,7,5.24,ECE,3,37.94,FAIL
13,7,5,14,17,74,7.0,3,7.5,10,4.7,ECE,1,41.78,FAIL
13,7,7,9,12,79,5.5,0,7.6,6,6.04,CSE,2,43.23,FAIL
13,9,6,13,15,69,4.5,1,6.7,6,5.88,MECH,4,47.14,FAIL
15,11,0,11,14,78,2.5,4,7.2,8,3.84,ECE,3,39.4,FAIL
13,5,4,10,9,66,6.0,1,5.9,9,4.71,CSE,4,34.03,FAIL
11,10,6,12,11,94,3.8,0,4.3,4,5.53,MECH,2,51.46,D
15,9,2,15,20,73,7.1,1,8.5,5,5.58,MECH,4,52.08,D
4,5,6,11,12,69,2.0,2,5.3,3,4.25,MECH,4,33.43,FAIL
15,6,0,4,12,61,2.5,0,6.8,6,4.17,ECE,2,33.17,FAIL
7,10,4,9,9,79,2.3,2,5.9,7,3.83,MECH,2,33.03,FAIL
14,9,4,11,12,77,1.0,0,9.4,3,5.8,CSE,2,45.77,FAIL
14,10,4,9,7,80,2.1,0,6.9,7,5.56,ECE,4,39.73,FAIL
11,11,4,16,12,59,4.2,1,6.5,4,5.65,CSE,3,42.11,FAIL
15,8,2,13,13,50,2.6,0,8.1,4,4.74,CSE,4,43.48,FAIL
18,7,5,8,11,84,0.0,0,10.2,7,5.15,ECE,1,43.45,FAIL
15,12,5,17,24,97,6.1,1,7.6,4,6.61,MECH,3,65.19,C
12,4,4,12,9,59,0.6,4,6.4,2,4.6,ECE,2,28.77,FAIL
12,10,4,18,10,98,5.2,2,8.0,6,5.35,CSE,1,50.7,D
17,9,4,16,15,79,4.1,3,4.6,5,4.77,ECE,1,49.37,FAIL
19,13,6,14,19,74,8.2,2,7.1,7,5.62,CSE,1,52.83,D
17,8,3,14,11,69,6.0,4,10.0,7,5.07,MECH,2,39.04,FAIL
7,7,5,15,15,54,3.0,3,7.2,2,5.22,ECE,4,36.79,FAIL
11,5,4,11,11,89,2.6,3,7.2,8,4.36,ECE,3,36.96,FAIL
12,10,7,10,17,63,7.0,2,7.0,9,4.82,ECE,4,38.89,FAIL
9,4,3,14,14,63,1.0,1,6.4,7,4.54,MECH,2,36.59,FAIL
19,9,5,12,15,89,4.4,0,7.5,7,5.46,ECE,1,52.79,D
5,5,3,5,13,46,3.7,0,8.2,5,4.35,CSE,1,29.85,FAIL
13,9,4,12,14,52,3.3,2,6.5,4,5.07,ECE,4,38.93,FAIL
16,10,5,15,21,74,4.7,0,3.3,5,5.04,ECE,4,59.68,D
10,9,6,16,12,79,4.4,3,7.7,7,4.16,MECH,4,42.9,FAIL
17,12,7,17,10,82,4.9,1,10.2,7,5.81,MECH,3,49.98,FAIL
14,7,5,15,11,70,4.3,0,6.4,4,4.98,CSE,1,44.22,FAIL
15,8,3,12,18,100,4.8,1,4.8,4,5.42,CSE,4,56.08,D
16,5,3,14,11,71,4.2,2,8.0,2,5.14,ECE,4,40.9,FAIL
10,8,4,13,10,71,2.7,1,9.6,6,4.63,CSE,1,38.55,FAIL
16,7,3,11,13,63,4.0,0,7.8,4,5.24,ECE,4,42.02,FAIL
14,10,4,14,20,76,2.6,2,9.6,4,5.69,MECH,2,47.62,FAIL
12,11,4,17,10,84,2.4,3,8.2,8,5.09,CSE,1,40.38,FAIL
15,12,7,18,10,93,3.3,1,8.1,6,5.96,CSE,2,51.97,D
7,8,3,15,17,52,3.8,1,6.2,6,4.84,CSE,2,41.35,FAIL
10,7,1,10,13,71,4.1,3,7.4,7,3.97,MECH,4,33.29,FAIL
10,9,5,18,8,81,5.8,2,7.0,8,4.8,CSE,4,40.08,FAIL
16,14,6,13,14,83,3.0,0,6.9,2,6.14,CSE,1,56.08,D
15,7,7,8,14,75,4.4,1,6.6,4,4.68,CSE,2,44.44,FAIL
14,8,3,12,12,83,4.2,4,7.3,5,4.06,CSE,1,37.61,FAIL
11,8,2,13,11,62,2.8,3,5.1,3,5.73,ECE,1,36.86,FAIL
15,9,6,13,16,98,4.1,1,8.2,4,6.06,MECH,1,52.34,D
16,9,6,17,22,89,6.0,1,5.7,2,5.58,CSE,3,59.47,D
12,7,4,18,10,54,4.4,0,6.6,7,4.18,CSE,2,41.78,FAIL
18,6,3,14,11,58,4.5,2,7.5,4,5.4,ECE,2,39.2,FAIL
13,11,4,14,11,59,2.6,1,5.6,5,4.81,CSE,3,40.47,FAIL
17,12,5,18,14,85,7.9,0,4.1,5,5.76,MECH,1,60.22,C
11,9,2,9,5,55,2.7,1,6.4,6,4.4,ECE,4,28.33,FAIL
9,6,1,7,10,70,0.7,2,4.9,1,4.23,CSE,1,34.22,FAIL
15,9,4,14,14,81,5.7,1,8.1,6,5.54,CSE,4,47.32,FAIL
16,9,4,14,12,74,3.8,1,5.3,4,5.61,MECH,1,45.37,FAIL
11,7,5,17,11,78,3.4,2,9.2,6,5.05,MECH,4,43.08,FAIL
13,10,4,10,11,59,2.9,2,7.0,3,5.24,CSE,2,40.4,FAIL
15,13,4,16,20,83,7.7,3,7.1,6,5.55,ECE,4,54.36,D
18,9,5,13,20,65,4.7,1,4.0,8,4.91,MECH,3,47.86,FAIL
14,12,4,12,15,70,5.1,2,7.2,5,4.77,MECH,3,44.64,FAIL
15,14,3,16,13,78,4.3,3,6.9,4,5.41,MECH,1,49.77,FAIL
11,13,5,15,11,76,4.5,3,5.1,4,5.43,ECE,2,41.59,FAIL
19,8,5,18,14,75,6.8,1,7.1,6,5.13,CSE,1,52.17,D
14,3,4,12,18,63,3.5,1,6.4,6,4.93,ECE,3,41.91,FAIL
15,9,6,5,13,70,1.1,3,6.7,6,4.6,MECH,4,35.58,FAIL
14,10,6,11,17,75,5.7,1,7.0,5,5.4,ECE,3,51.94,D
11,8,4,10,10,54,5.0,3,6.3,5,4.5,MECH,4,30.92,FAIL
9,8,4,6,15,68,4.2,3,7.4,5,5.62,ECE,1,35.46,FAIL
19,12,2,11,16,80,4.9,2,6.9,4,5.05,MECH,3,50.26,D
12,4,2,14,10,55,3.3,2,7.7,7,4.73,ECE,4,33.54,FAIL
20,12,6,9,9,92,4.0,0,6.2,6,4.95,ECE,1,55.45,D
13,13,3,16,14,94,3.7,1,5.4,8,5.06,CSE,3,54.74,D
12,7,4,7,6,56,2.8,2,5.9,7,4.69,ECE,2,27.31,FAIL
19,11,4,16,19,95,6.4,2,9.2,6,5.88,CSE,3,60.81,C
10,4,2,9,8,72,1.2,0,8.4,6,3.31,ECE,4,32.18,FAIL
15,13,4,17,18,81,8.7,0,8.8,3,5.63,MECH,4,60.16,C
11,11,5,8,12,67,5.8,1,8.9,5,4.38,MECH,1,42.05,FAIL
11,10,5,15,17,88,0.4,2,6.3,6,4.9,CSE,2,46.74,FAIL
22,7,2,13,16,81,3.6,1,7.4,2,5.61,ECE,4,54.78,D
10,4,6,9,16,62,3.7,0,7.1,6,4.65,CSE,2,42.34,FAIL
6,7,3,14,14,57,4.8,0,8.0,3,4.93,CSE,4,37.5,FAIL
11,7,5,11,8,53,2.0,2,6.6,3,4.78,CSE,1,35.01,FAIL
13,10,6,11,9,77,4.1,1,7.1,4,4.65,CSE,1,44.44,FAIL
14,9,4,13,18,83,3.8,0,7.1,5,5.83,MECH,4,55.26,D
12,11,7,5,15,84,2.5,0,7.8,2,5.63,CSE,4,48.81,FAIL
10,10,1,11,8,73,2.2,3,8.0,7,4.37,MECH,3,33.52,FAIL
9,9,2,11,12,57,5.8,1,7.1,5,4.89,CSE,2,36.88,FAIL
15,8,2,8,9,64,0.6,2,7.2,9,4.12,ECE,1,32.35,FAIL
15,9,3,12,18,92,5.0,0,7.3,6,4.91,ECE,1,55.71,D
15,7,2,16,14,67,5.6,1,9.5,6,5.74,MECH,3,46.73,FAIL
17,8,6,15,15,77,3.6,2,4.4,3,5.61,CSE,3,53.47,D
20,6,3,13,11,58,4.1,0,5.5,3,5.0,CSE,2,44.03,FAIL
15,13,5,13,14,80,6.3,3,8.0,6,6.06,CSE,1,47.43,FAIL
15,11,5,12,18,68,2.6,2,7.4,3,6.45,MECH,2,47.34,FAIL
15,4,5,4,11,90,2.8,3,7.4,6,4.36,MECH,2,37.22,FAIL
16,9,7,15,16,86,3.0,1,8.0,8,5.13,ECE,3,54.35,D
15,5,3,17,17,67,6.3,1,7.3,7,4.5,ECE,2,47.67,FAIL
18,8,7,9,17,73,6.6,1,6.2,6,6.08,CSE,1,51.31,D
10,9,4,14,9,66,1.2,1,7.9,6,4.8,ECE,4,39.04,FAIL
16,4,4,16,8,53,6.0,0,7.0,4,4.78,ECE,4,43.45,FAIL
12,6,4,10,21,62,5.6,1,6.3,5,4.95,ECE,4,43.89,FAIL
17,9,6,25,20,77,7.1,1,8.0,4,6.52,ECE,1,63.62,C
17,7,7,12,17,79,4.8,0,8.0,2,6.02,CSE,3,52.14,D
12,6,5,13,20,77,3.9,1,7.3,5,5.56,ECE,3,46.12,FAIL
17,10,6,15,20,70,6.3,1,9.6,7,6.2,ECE,1,55.11,D
19,8,4,18,20,88,5.4,2,9.0,2,6.63,CSE,3,59.19,D
11,10,5,14,17,75,8.5,2,8.5,8,6.19,ECE,3,47.82,FAIL
20,10,5,14,15,85,5.9,0,10.8,7,5.77,CSE,2,55.41,D
7,7,3,5,14,48,4.3,3,6.8,6,3.46,MECH,3,26.53,FAIL
7,6,2,7,3,16,1.7,4,6.3,6,3.61,ECE,4,10.26,FAIL
17,6,7,17,16,79,2.8,2,8.3,5,4.94,CSE,3,49.42,FAIL
12,4,2,10,5,53,1.1,2,6.6,5,4.77,ECE,4,24.22,FAIL
15,5,4,14,8,71,3.6,1,7.0,4,4.3,CSE,1,38.92,FAIL
18,11,5,13,14,70,5.9,4,5.5,5,5.61,CSE,3,43.42,FAIL
14,11,4,20,21,98,4.0,0,7.9,5,5.86,ECE,4,61.6,C
11,9,4,15,15,80,6.0,2,4.8,9,5.13,ECE,4,45.71,FAIL
15,7,3,11,14,77,4.7,1,6.9,6,5.53,CSE,2,44.74,FAIL
16,9,5,14,12,87,3.2,1,7.0,5,5.33,MECH,3,52.16,D
17,12,2,13,17,80,4.2,1,6.3,5,5.1,CSE,3,49.5,FAIL
16,12,7,13,15,68,4.9,1,4.4,4,5.58,ECE,1,52.94,D
14,7,4,16,15,91,4.3,2,4.4,4,5.69,ECE,1,49.0,FAIL
15,10,3,7,17,58,4.3,3,5.9,7,4.94,CSE,2,38.37,FAIL
7,6,1,13,9,79,2.5,1,7.8,4,5.24,MECH,4,36.6,FAIL
15,6,3,14,16,51,3.1,2,7.4,4,4.83,CSE,1,39.12,FAIL
14,10,5,20,12,78,8.5,2,7.0,4,5.92,ECE,2,52.96,D
11,9,5,11,12,77,6.5,0,5.7,4,4.66,ECE,4,45.42,FAIL
20,6,4,8,15,100,1.1,4,7.5,7,4.49,MECH,3,43.48,FAIL
9,6,7,13,11,51,0.0,1,4.3,5,3.9,CSE,3,36.82,FAIL
10,5,1,8,13,65,4.2,4,3.4,4,3.84,ECE,4,27.08,FAIL
12,10,6,14,15,87,5.8,4,6.6,5,5.58,CSE,4,42.16,FAIL
14,5,4,10,16,80,3.0,0,6.2,5,4.64,ECE,1,47.41,FAIL
17,9,3,15,17,77,6.0,3,8.5,4,5.72,ECE,4,48.67,FAIL
12,8,3,11,17,60,4.1,2,7.2,2,5.34,CSE,1,40.3,FAIL
4,7,7,13,11,66,3.7,3,9.5,8,4.0,MECH,4,31.53,FAIL
21,12,4,18,18,93,5.5,0,6.2,7,5.64,MECH,4,62.49,C
11,3,7,8,17,74,2.9,3,7.7,6,4.8,CSE,3,36.51,FAIL
10,8,3,7,17,80,3.4,2,6.6,7,3.84,MECH,1,40.55,FAIL
13,7,4,10,12,73,5.3,1,9.1,9,4.91,ECE,1,36.37,FAIL
10,9,3,10,9,57,3.9,2,6.7,4,5.1,CSE,4,33.04,FAIL
21,11,4,19,14,89,7.8,2,8.3,3,6.08,ECE,3,60.22,C
16,11,3,15,10,82,5.4,1,5.4,6,5.03,CSE,2,50.16,D
18,11,4,21,26,100,5.3,3,6.4,2,6.17,CSE,3,63.34,C
18,10,5,9,18,59,3.9,1,6.9,5,4.63,CSE,3,46.33,FAIL
14,11,6,12,16,87,5.7,2,8.9,4,5.82,ECE,2,51.52,D
13,4,2,9,7,55,3.4,0,3.7,6,3.63,ECE,3,31.67,FAIL
7,7,7,8,13,77,4.6,3,6.5,4,5.11,MECH,1,35.57,FAIL
17,8,3,15,15,89,2.2,2,6.5,7,5.95,CSE,1,46.19,FAIL
18,8,4,10,7,43,6.1,0,3.9,4,4.72,CSE,1,37.13,FAIL
10,11,2,19,14,71,4.6,2,6.3,6,5.18,ECE,4,45.2,FAIL
19,10,5,13,16,66,8.0,1,4.7,4,5.07,ECE,1,49.99,FAIL
10,11,5,20,12,64,8.8,1,3.5,6,4.94,CSE,1,44.71,FAIL
21,8,4,16,14,80,5.5,0,6.6,3,5.55,CSE,2,58.43,D
14,12,5,18,18,91,4.1,0,6.6,5,5.95,CSE,4,61.28,C
10,8,3,14,13,73,2.1,3,6.6,8,5.19,MECH,4,38.99,FAIL
13,11,6,10,12,78,5.8,1,7.4,5,5.3,ECE,4,47.36,FAIL
13,6,5,17,14,76,4.4,0,5.7,7,4.94,ECE,1,45.8,FAIL
14,10,5,16,19,75,5.1,1,9.7,5,5.49,ECE,4,53.49,D
14,8,6,15,19,58,7.5,4,7.0,4,5.78,CSE,4,41.51,FAIL
15,7,5,10,12,91,2.4,1,8.9,5,5.75,MECH,3,49.21,FAIL
13,9,3,7,17,79,2.2,0,4.5,6,4.66,MECH,4,45.47,FAIL
15,9,5,14,14,80,3.5,1,5.7,1,6.04,ECE,3,52.49,D
12,10,5,16,15,62,5.6,3,8.0,6,5.43,ECE,4,39.13,FAIL
14,7,4,13,16,68,5.1,3,6.7,3,4.98,CSE,1,42.89,FAIL
13,12,5,13,8,72,2.2,2,5.4,3,4.97,MECH,4,40.16,FAIL
12,7,1,16,12,51,5.5,1,4.2,6,4.46,ECE,4,36.2,FAIL
9,5,1,11,13,49,1.6,3,8.1,8,3.71,CSE,1,23.68,FAIL
9,10,4,14,12,65,2.3,3,8.0,5,4.8,CSE,2,36.99,FAIL
15,10,4,17,16,82,3.8,2,7.4,2,6.23,CSE,1,55.06,D
12,15,6,14,16,65,2.9,1,6.3,4,5.44,ECE,4,51.74,D
7,11,4,15,13,59,5.8,1,5.3,4,5.51,MECH,2,39.56,FAIL
16,8,6,15,13,62,4.6,0,6.9,5,5.41,ECE,1,49.33,FAIL
15,10,4,16,16,68,7.5,2,5.0,5,5.41,CSE,3,48.3,FAIL
12,8,4,22,13,69,3.5,2,5.9,6,4.52,CSE,1,46.29,FAIL
17,8,4,15,14,100,3.8,0,8.9,7,5.94,MECH,2,53.8,D
12,12,4,8,18,90,6.4,0,4.2,6,4.62,MECH,1,50.53,D
18,8,3,11,12,90,3.8,4,8.0,7,5.05,CSE,4,40.66,FAIL
21,11,4,21,16,92,7.0,0,9.2,4,6.8,ECE,3,63.45,C
8,8,5,13,12,60,5.1,2,8.2,10,4.41,ECE,1,34.84,FAIL
8,5,5,9,13,56,0.0,1,7.6,6,4.61,MECH,3,34.71,FAIL
15,9,5,14,9,58,6.4,2,6.3,6,4.81,CSE,1,37.85,FAIL
17,9,7,19,15,95,5.8,0,6.0,9,5.61,MECH,2,61.63,C
12,7,4,14,9,66,5.9,2,3.6,5,4.17,ECE,2,39.16,FAIL
12,7,3,15,9,56,0.2,2,7.1,4,5.09,ECE,2,37.94,FAIL
5,5,2,16,8,68,2.7,3,6.4,8,3.99,CSE,4,29.29,FAIL
8,4,1,13,11,71,2.8,2,6.0,8,3.9,CSE,1,33.63,FAIL
12,9,5,13,9,79,2.3,2,7.0,5,5.68,CSE,3,39.17,FAIL
17,5,5,19,17,78,7.5,1,7.1,9,5.32,CSE,3,48.63,FAIL
5,3,4,10,14,62,4.0,4,6.0,5,4.7,ECE,3,28.21,FAIL
16,10,6,12,12,85,3.9,1,9.4,7,6.22,ECE,1,48.74,FAIL
12,8,6,10,14,65,5.1,2,8.1,8,5.32,ECE,2,37.14,FAIL
16,9,4,13,17,72,5.1,0,8.3,5,5.21,MECH,1,53.73,D
14,9,4,8,8,85,0.0,1,6.8,6,4.72,CSE,2,40.02,FAIL
17,4,3,13,18,65,2.7,0,7.8,7,5.26,ECE,4,43.98,FAIL
7,5,0,12,11,66,1.2,0,5.7,4,4.16,ECE,1,32.1,FAIL
14,10,5,22,14,83,4.8,1,8.0,3,6.5,ECE,2,56.57,D
11,8,6,10,9,62,3.4,1,6.7,8,4.32,MECH,3,32.83,FAIL
16,8,3,15,12,69,4.0,1,5.5,6,4.4,ECE,4,47.51,FAIL
14,8,3,14,12,83,0.0,1,7.0,4,5.51,MECH,4,44.26,FAIL
16,10,5,18,18,100,3.4,0,6.6,5,5.95,CSE,1,61.38,C
18,9,6,20,13,84,6.2,1,10.5,6,5.02,ECE,4,54.68,D
15,9,6,18,14,82,6.8,2,7.7,2,6.01,MECH,1,52.07,D
18,9,6,12,15,82,5.4,3,9.4,6,5.12,ECE,4,48.87,FAIL
16,3,2,8,9,58,1.3,1,8.7,6,5.01,CSE,4,32.01,FAIL
15,11,7,11,15,76,6.5,2,7.1,8,6.12,CSE,3,44.05,FAIL
10,12,1,9,17,74,5.4,2,6.3,5,5.57,ECE,3,38.54,FAIL
13,7,1,11,7,79,3.8,0,4.4,8,4.33,MECH,1,36.63,FAIL
17,12,1,12,12,76,0.0,2,5.7,5,5.05,ECE,4,42.91,FAIL
16,11,5,15,17,80,5.9,2,8.0,5,5.63,CSE,1,52.08,D
8,11,1,10,16,70,2.8,2,6.5,6,4.78,CSE,4,40.45,FAIL
17,9,3,7,13,75,4.7,2,7.6,9,4.72,ECE,1,40.28,FAIL
14,9,3,16,11,56,4.1,2,4.0,3,4.8,CSE,1,43.43,FAIL
17,10,6,12,11,70,7.1,1,7.7,6,5.42,CSE,3,46.54,FAIL
17,6,6,15,12,95,3.7,2,8.6,5,4.55,CSE,1,50.71,D
12,5,5,10,16,79,4.0,2,4.3,5,5.04,ECE,2,39.92,FAIL
18,9,2,10,12,74,7.2,0,7.6,6,5.48,CSE,1,43.67,FAIL
13,9,5,14,9,100,2.7,1,9.0,7,5.71,MECH,2,45.36,FAIL
8,6,3,13,15,54,5.6,2,9.5,6,4.14,MECH,2,33.1,FAIL
9,5,3,6,11,58,3.6,1,6.2,7,4.8,MECH,4,27.26,FAIL
17,12,4,14,18,100,2.0,0,8.2,4,5.68,ECE,1,59.15,D
13,7,4,14,11,75,4.0,0,9.1,5,5.68,MECH,1,47.68,FAIL
17,6,3,12,13,71,5.4,0,7.6,3,4.75,MECH,4,44.5,FAIL
15,8,3,8,10,57,6.7,1,8.9,9,4.35,MECH,1,31.53,FAIL
16,11,3,14,15,81,6.9,1,6.9,5,4.76,CSE,4,48.53,FAIL
18,11,6,12,14,83,3.4,2,7.6,4,5.52,ECE,4,48.3,FAIL
7,5,3,6,12,58,2.0,5,6.1,6,4.26,MECH,3,18.91,FAIL
15,8,5,16,12,72,3.4,3,6.8,7,4.78,ECE,4,40.69,FAIL
12,10,5,14,14,69,1.6,3,7.7,4,4.27,ECE,3,43.43,FAIL
8,10,6,10,10,78,3.6,3,6.0,7,4.31,CSE,2,33.18,FAIL
7,8,1,8,12,58,3.3,2,6.7,4,3.6,ECE,1,27.84,FAIL
14,10,5,14,18,93,5.5,1,8.1,8,4.9,MECH,2,55.7,D
12,8,2,15,13,88,0.0,1,10.1,4,5.06,ECE,2,44.14,FAIL
11,11,6,15,8,69,2.5,0,3.9,6,4.2,CSE,3,42.08,FAIL
11,10,5,8,7,71,2.5,1,10.0,5,5.22,CSE,2,36.49,FAIL
20,10,4,18,15,72,6.4,0,6.6,3,6.0,MECH,4,59.76,D
7,9,3,12,8,63,1.8,1,8.4,2,4.79,ECE,2,38.5,FAIL
10,8,6,13,12,68,4.5,2,8.7,4,5.64,CSE,2,38.17,FAIL
11,6,4,10,20,70,3.7,1,9.3,7,5.51,MECH,2,43.18,FAIL
16,10,4,17,17,99,6.1,1,5.9,1,6.81,MECH,4,57.0,D
13,9,5,15,11,89,5.2,2,6.7,6,5.74,MECH,1,48.85,FAIL
20,9,6,14,13,89,4.2,0,6.9,5,5.54,MECH,1,57.23,D
11,7,4,12,16,80,2.9,0,6.5,2,4.88,MECH,4,46.78,FAIL
10,5,4,14,11,58,0.3,1,9.0,3,4.94,MECH,2,37.38,FAIL
10,11,3,14,16,74,4.5,2,6.9,3,5.25,ECE,3,46.08,FAIL
14,14,5,19,21,89,5.1,0,4.6,5,6.07,MECH,2,61.03,C
11,9,3,5,9,56,0.9,3,6.1,8,4.08,CSE,2,23.3,FAIL
14,4,3,11,17,84,1.5,1,4.6,7,4.57,CSE,2,46.79,FAIL
20,13,4,16,19,100,4.5,0,6.7,4,6.54,MECH,2,67.67,C
12,11,4,17,13,90,4.7,0,8.0,3,5.66,ECE,3,54.67,D
12,9,3,15,19,96,2.0,1,6.0,2,5.58,ECE,4,53.23,D
17,9,4,17,15,78,2.9,2,6.4,4,6.17,ECE,2,48.42,FAIL
13,8,4,18,17,89,0.3,1,6.6,3,5.32,MECH,1,56.03,D
15,12,5,15,14,64,6.8,0,7.2,5,5.91,MECH,2,53.28,D
16,10,5,14,9,86,1.4,1,7.8,5,5.94,MECH,1,47.23,FAIL
18,12,4,14,8,84,5.1,3,8.2,4,5.48,CSE,2,44.1,FAIL
13,11,5,10,17,79,3.9,1,10.4,4,6.17,CSE,3,51.91,D
16,14,4,13,15,94,6.6,2,7.2,4,5.87,ECE,1,53.8,D
13,10,4,9,8,66,2.4,1,8.1,4,6.07,MECH,3,40.13,FAIL
10,6,2,12,15,72,4.1,2,4.6,8,5.34,MECH,4,36.0,FAIL
13,5,2,11,14,76,0.6,3,6.4,6,5.02,CSE,1,34.8,FAIL
9,8,2,15,11,59,0.1,2,6.6,6,4.79,CSE,3,34.68,FAIL
13,10,3,14,13,78,5.2,4,5.5,7,4.72,MECH,3,39.13,FAIL
12,5,3,10,12,49,0.4,2,6.2,7,4.82,MECH,2,30.43,FAIL
14,9,4,11,13,90,3.5,4,6.8,8,4.69,MECH,3,42.4,FAIL
12,9,5,14,13,75,6.0,2,6.2,6,5.49,MECH,3,40.97,FAIL
14,8,5,7,10,67,5.5,2,10.9,5,5.26,CSE,3,36.35,FAIL
13,5,4,14,8,62,2.7,2,7.8,4,5.39,ECE,2,33.1,FAIL
12,9,3,12,13,71,0.8,0,10.0,3,6.11,MECH,2,46.01,FAIL
13,9,5,12,13,85,5.0,0,9.2,7,5.78,CSE,3,48.72,FAIL
16,11,3,15,21,83,6.7,0,6.0,5,5.76,CSE,1,60.68,C
8,4,3,14,12,64,2.7,0,7.1,2,5.07,CSE,2,41.2,FAIL
9,9,4,14,9,62,2.4,3,6.3,1,5.13,MECH,4,34.19,FAIL
9,7,4,18,13,84,3.0,0,6.8,9,4.67,ECE,1,45.74,FAIL
11,7,5,14,14,64,5.1,0,5.5,3,6.0,ECE,1,43.24,FAIL
14,9,5,12,17,75,6.5,1,6.3,4,5.96,ECE,3,50.17,D
15,4,1,13,13,76,1.5,2,7.5,7,4.61,ECE,3,38.88,FAIL
14,8,3,15,10,79,1.0,2,7.5,3,5.2,MECH,4,45.84,FAIL
23,13,7,21,20,87,8.7,1,7.4,6,7.44,MECH,4,69.49,C
9,7,4,11,17,56,3.6,2,6.9,9,4.5,MECH,2,32.25,FAIL
6,9,2,14,9,46,4.5,1,8.3,9,5.15,CSE,4,26.82,FAIL
10,6,3,10,10,66,2.6,5,6.6,4,4.63,ECE,4,24.56,FAIL
20,13,6,17,13,100,5.0,0,9.1,5,6.27,MECH,3,61.79,C
15,11,4,17,20,100,5.9,1,4.2,4,5.45,MECH,1,63.58,C
16,12,4,8,15,100,4.6,2,8.0,5,5.61,ECE,3,48.55,FAIL
15,13,5,13,11,72,7.5,0,7.7,8,5.75,MECH,2,47.55,FAIL
12,3,6,6,7,48,3.3,2,6.0,2,4.33,CSE,4,27.6,FAIL
11,5,3,5,6,39,3.5,1,6.5,6,3.68,MECH,4,21.88,FAIL
9,7,5,9,17,65,4.5,0,7.7,5,5.49,ECE,3,39.73,FAIL
6,13,3,13,13,72,4.9,1,8.4,8,4.85,ECE,4,41.61,FAIL
16,11,3,16,14,94,4.5,2,4.4,8,4.94,CSE,3,52.73,D
11,8,2,9,10,88,1.4,0,7.9,4,4.43,MECH,1,43.42,FAIL
15,11,4,10,13,78,4.6,2,6.3,5,4.64,MECH,3,45.12,FAIL
11,8,4,13,10,61,3.3,2,8.7,7,4.92,CSE,2,33.47,FAIL
12,8,4,13,14,60,2.8,2,4.2,7,4.17,CSE,3,39.56,FAIL
15,9,6,17,16,78,4.1,1,10.7,1,6.51,MECH,2,53.88,D
10,5,6,15,9,85,2.1,1,5.7,7,4.39,CSE,4,42.89,FAIL
11,10,1,12,10,80,1.7,3,9.1,8,4.87,ECE,3,38.33,FAIL
9,4,1,12,15,59,0.0,1,6.9,6,4.3,MECH,2,33.31,FAIL
17,12,7,15,15,84,7.5,4,5.8,7,5.41,CSE,4,51.02,D
14,12,5,16,19,81,5.1,1,7.4,8,5.51,ECE,2,54.25,D
8,3,3,8,12,58,3.8,1,8.5,5,4.46,ECE,2,28.94,FAIL
16,9,0,15,13,63,2.7,0,4.7,7,4.62,ECE,2,44.19,FAIL
14,9,2,18,11,85,0.0,0,8.1,5,5.58,MECH,1,53.32,D
16,6,5,12,14,71,2.5,2,7.0,5,4.53,CSE,2,44.0,FAIL
14,8,5,22,13,98,5.4,1,7.9,4,6.24,MECH,2,56.43,D
15,10,6,17,13,82,5.9,0,7.0,5,5.77,CSE,3,57.07,D
14,8,3,13,14,67,5.3,3,6.1,9,5.02,MECH,3,37.13,FAIL
15,11,7,12,13,74,4.3,2,5.3,3,5.27,ECE,4,46.81,FAIL
10,11,5,22,16,75,6.6,0,8.0,6,6.26,CSE,2,56.49,D
8,7,2,13,15,64,3.3,1,8.0,6,5.95,CSE,4,37.29,FAIL
11,6,5,13,13,61,6.2,0,8.0,8,5.31,MECH,3,40.58,FAIL
15,9,4,16,14,85,3.2,2,7.6,8,5.24,MECH,3,46.01,FAIL
12,9,3,15,20,87,2.2,2,8.4,3,5.58,CSE,2,50.07,D
12,11,4,12,6,84,2.0,1,9.1,4,4.78,ECE,3,43.65,FAIL
13,7,6,16,11,97,1.9,2,4.2,4,4.49,MECH,3,48.72,FAIL
10,9,3,7,11,66,5.3,5,3.5,4,4.37,MECH,1,27.75,FAIL
20,10,3,15,18,100,2.5,1,9.6,4,6.0,CSE,3,60.03,C
8,1,3,10,13,61,1.9,2,5.0,6,4.27,ECE,1,26.1,FAIL
8,11,3,14,6,59,5.4,1,5.4,3,5.88,CSE,4,34.14,FAIL
7,5,3,12,13,48,4.7,0,6.6,4,3.56,CSE,2,37.02,FAIL
11,10,6,11,14,68,5.9,3,4.5,3,5.28,MECH,2,42.86,FAIL
14,9,2,13,15,67,5.0,2,6.4,6,5.24,ECE,4,44.29,FAIL
14,7,1,21,12,82,2.5,2,5.6,5,5.48,CSE,2,48.35,FAIL
16,9,8,16,16,78,4.2,0,6.6,5,5.33,CSE,3,56.56,D
18,8,4,15,14,57,4.3,2,7.4,3,5.3,ECE,3,45.7,FAIL
12,8,2,12,12,69,2.2,2,6.5,2,5.19,MECH,3,38.3,FAIL
14,8,2,15,16,69,1.8,2,6.4,8,4.67,CSE,2,44.47,FAIL
9,7,2,6,17,48,2.6,2,7.4,4,4.63,MECH,3,28.8,FAIL
16,14,5,19,15,60,8.1,3,8.6,10,6.13,MECH,2,46.77,FAIL
11,10,0,12,7,63,3.2,0,9.4,7,5.19,MECH,1,35.34,FAIL
16,13,6,14,18,96,6.5,0,6.7,9,5.6,ECE,4,59.1,D
13,10,3,10,10,77,3.1,3,9.7,7,4.84,ECE,2,36.29,FAIL
18,10,7,15,16,84,5.8,0,8.3,5,5.58,MECH,1,60.18,C
13,10,5,16,15,52,5.8,3,5.2,4,5.65,ECE,1,40.08,FAIL
14,12,6,10,15,92,5.9,0,5.1,3,4.56,CSE,3,57.74,D
16,10,4,20,12,94,4.8,2,6.1,7,5.43,MECH,2,52.72,D
15,10,4,9,8,45,6.8,3,9.2,6,5.05,MECH,2,31.94,FAIL
9,6,6,12,10,64,4.8,2,6.2,6,5.16,MECH,4,35.29,FAIL
16,12,4,14,15,82,7.4,2,4.2,7,5.43,CSE,4,51.54,D
9,7,5,13,18,84,0.8,0,6.7,6,5.61,ECE,3,45.68,FAIL
